# Blender 4.5.9 LTS
# www.blender.org
mtllib zed_camera_link_visual.mtl
o zed_camera_link_visual.001
v 0.007510 -0.012568 -0.004638
v 0.007639 -0.012577 -0.003928
v 0.007445 -0.012952 -0.004745
v 0.006977 -0.012950 -0.005017
v 0.006786 -0.012560 -0.005027
v 0.006423 -0.012948 -0.004978
v 0.006126 -0.012573 -0.004746
v 0.005871 -0.012572 -0.004155
v 0.005886 -0.012950 -0.003859
v 0.006143 -0.012577 -0.003465
v 0.006162 -0.012943 -0.003437
v 0.006847 -0.012577 -0.003232
v 0.007275 -0.012947 -0.003367
v 0.007349 -0.012580 -0.003460
v 0.007599 -0.012948 -0.003742
v 0.007794 -0.012165 -0.004197
v 0.007381 -0.012204 -0.004930
v 0.006625 -0.012168 -0.005136
v 0.005975 -0.012193 -0.004757
v 0.005764 -0.012157 -0.004247
v 0.005858 -0.012162 -0.003661
v 0.006299 -0.012202 -0.003233
v 0.006779 -0.012166 -0.003116
v 0.007430 -0.012203 -0.003339
v 0.007731 -0.007972 -0.004474
v 0.007176 -0.007972 -0.005057
v 0.006413 -0.007972 -0.005083
v 0.005820 -0.007972 -0.004504
v 0.005831 -0.007972 -0.003719
v 0.006353 -0.007972 -0.003190
v 0.007232 -0.007972 -0.003200
v 0.007710 -0.007972 -0.003766
v 0.006738 -0.012944 -0.003208
v 0.007678 -0.012949 -0.004209
v 0.006056 -0.012950 -0.004720
v 0.005880 -0.012953 -0.004352
v 0.006763 -0.014571 -0.005005
v 0.006736 -0.014417 -0.004743
v 0.007214 -0.014574 -0.004905
v 0.006706 -0.013648 -0.004748
v 0.006286 -0.014569 -0.004879
v 0.006239 -0.013778 -0.004767
v 0.006413 -0.013798 -0.004918
v 0.005887 -0.014574 -0.004189
v 0.006237 -0.014414 -0.004421
v 0.007222 -0.013827 -0.004916
v 0.007286 -0.014412 -0.004432
v 0.007666 -0.014570 -0.004129
v 0.007680 -0.013823 -0.004118
v 0.007310 -0.013643 -0.004422
v 0.007543 -0.014571 -0.003681
v 0.007309 -0.014417 -0.003838
v 0.007235 -0.014573 -0.003356
v 0.007198 -0.013817 -0.003330
v 0.006482 -0.014556 -0.003316
v 0.006814 -0.014415 -0.003516
v 0.006279 -0.014572 -0.003391
v 0.007280 -0.013639 -0.003780
v 0.006551 -0.013732 -0.003406
v 0.006269 -0.013809 -0.003386
v 0.005987 -0.014573 -0.003675
v 0.006261 -0.014427 -0.003748
v 0.005985 -0.014523 -0.003975
v 0.006860 -0.013657 -0.003499
v 0.005860 -0.013819 -0.004138
v 0.006222 -0.013637 -0.003835
v 0.006209 -0.013648 -0.004405
v 0.006766 -0.013297 -0.004123
v 0.008743 -0.013993 -0.004412
v 0.008695 -0.013996 -0.003647
v 0.007756 -0.014388 -0.005137
v 0.008385 -0.013992 -0.005295
v 0.007684 -0.014004 -0.005886
v 0.006680 -0.014375 -0.005536
v 0.007006 -0.013984 -0.006095
v 0.006289 -0.014004 -0.006053
v 0.005693 -0.014401 -0.005010
v 0.005639 -0.013984 -0.005759
v 0.005128 -0.014005 -0.005252
v 0.004833 -0.013993 -0.004579
v 0.005425 -0.014392 -0.003689
v 0.004783 -0.013996 -0.003882
v 0.005001 -0.013994 -0.003213
v 0.005423 -0.013996 -0.002647
v 0.006176 -0.014370 -0.002826
v 0.006283 -0.013993 -0.002183
v 0.007338 -0.014381 -0.002812
v 0.007286 -0.013992 -0.002193
v 0.007909 -0.013996 -0.002504
v 0.008393 -0.013996 -0.002968
v 0.008162 -0.014387 -0.003861
v 0.008067 -0.012973 -0.002587
v 0.008733 -0.012973 -0.003589
v 0.007214 -0.012972 -0.002162
v 0.006284 -0.012973 -0.002173
v 0.008668 -0.012972 -0.004787
v 0.005278 -0.012972 -0.002732
v 0.007936 -0.012973 -0.005802
v 0.004730 -0.012972 -0.004071
v 0.006460 -0.012973 -0.006136
v 0.005202 -0.012974 -0.005426
v -0.006023 -0.012844 -0.004421
v -0.005962 -0.012584 -0.003928
v -0.005928 -0.012945 -0.004113
v -0.006248 -0.012573 -0.004784
v -0.006814 -0.012560 -0.005027
v -0.006687 -0.012951 -0.005023
v -0.007177 -0.012948 -0.004978
v -0.007475 -0.012573 -0.004746
v -0.007729 -0.012572 -0.004155
v -0.007714 -0.012950 -0.003858
v -0.007458 -0.012577 -0.003465
v -0.007438 -0.012943 -0.003437
v -0.006761 -0.012489 -0.003203
v -0.006871 -0.012934 -0.003215
v -0.006410 -0.012951 -0.003301
v -0.006251 -0.012580 -0.003460
v -0.006014 -0.012952 -0.003722
v -0.005941 -0.012165 -0.004621
v -0.005835 -0.012174 -0.003997
v -0.006488 -0.012202 -0.005072
v -0.007085 -0.012200 -0.005095
v -0.007626 -0.012189 -0.004758
v -0.007836 -0.012157 -0.004244
v -0.007744 -0.012147 -0.003654
v -0.007299 -0.012181 -0.003225
v -0.006166 -0.012223 -0.003350
v -0.005873 -0.007972 -0.004486
v -0.006365 -0.007972 -0.005016
v -0.007102 -0.007972 -0.005115
v -0.007675 -0.007972 -0.004676
v -0.007847 -0.007972 -0.003992
v -0.007430 -0.007972 -0.003303
v -0.006856 -0.007972 -0.003117
v -0.006272 -0.007972 -0.003269
v -0.005891 -0.007972 -0.003765
v -0.006189 -0.012951 -0.004787
v -0.007544 -0.012950 -0.004719
v -0.007719 -0.012953 -0.004351
v -0.006837 -0.014571 -0.005005
v -0.006864 -0.014417 -0.004743
v -0.006380 -0.014574 -0.004900
v -0.006436 -0.013807 -0.004917
v -0.006895 -0.013651 -0.004751
v -0.007325 -0.014572 -0.004870
v -0.007267 -0.013820 -0.004921
v -0.007333 -0.013671 -0.004544
v -0.007615 -0.014573 -0.004564
v -0.007712 -0.014573 -0.004177
v -0.007378 -0.014417 -0.004408
v -0.006318 -0.014415 -0.004447
v -0.005931 -0.014572 -0.004150
v -0.005973 -0.013800 -0.004202
v -0.006312 -0.013677 -0.004540
v -0.006141 -0.013712 -0.003925
v -0.006291 -0.014417 -0.003837
v -0.006359 -0.014573 -0.003353
v -0.006349 -0.013807 -0.003384
v -0.006711 -0.013684 -0.003460
v -0.006787 -0.014413 -0.003516
v -0.007272 -0.014570 -0.003328
v -0.006335 -0.013670 -0.003700
v -0.007049 -0.013732 -0.003406
v -0.007332 -0.013811 -0.003383
v -0.007675 -0.014557 -0.003969
v -0.007352 -0.014419 -0.003793
v -0.007718 -0.013808 -0.004074
v -0.007382 -0.013639 -0.003833
v -0.007519 -0.013709 -0.004324
v -0.006834 -0.013297 -0.004123
v -0.004857 -0.013993 -0.004411
v -0.004905 -0.013996 -0.003648
v -0.005844 -0.014388 -0.005138
v -0.005215 -0.013992 -0.005295
v -0.005916 -0.014004 -0.005887
v -0.007174 -0.014391 -0.005501
v -0.006594 -0.013984 -0.006095
v -0.007311 -0.014004 -0.006053
v -0.007962 -0.013984 -0.005758
v -0.008472 -0.014005 -0.005252
v -0.008200 -0.014379 -0.004561
v -0.008768 -0.013993 -0.004578
v -0.008809 -0.013998 -0.003850
v -0.007933 -0.014394 -0.003241
v -0.008595 -0.013993 -0.003206
v -0.008171 -0.013995 -0.002641
v -0.007317 -0.013993 -0.002183
v -0.006942 -0.014360 -0.002682
v -0.006313 -0.013992 -0.002193
v -0.006053 -0.014368 -0.002932
v -0.005691 -0.013996 -0.002504
v -0.005207 -0.013996 -0.002968
v -0.005437 -0.014387 -0.003861
v -0.005531 -0.012974 -0.002589
v -0.004868 -0.012975 -0.003587
v -0.006386 -0.012972 -0.002162
v -0.007606 -0.012973 -0.002237
v -0.004933 -0.012973 -0.004789
v -0.005664 -0.012972 -0.005802
v -0.008671 -0.012973 -0.003241
v -0.007140 -0.012973 -0.006136
v -0.008798 -0.012972 -0.004669
v -0.008166 -0.012973 -0.005626
v -0.070911 -0.012960 -0.013282
v -0.011747 -0.012841 -0.003667
v -0.011923 -0.012970 -0.002968
v -0.010399 -0.012841 -0.000562
v -0.009951 -0.012967 0.000079
v -0.011225 -0.012972 -0.001142
v -0.011489 -0.012888 -0.002110
v -0.011559 -0.012655 -0.002614
v -0.010888 -0.012672 -0.001237
v -0.009444 -0.012831 0.000145
v -0.002857 -0.012969 0.003893
v 0.002753 -0.012940 0.003785
v -0.000010 -0.012972 0.004465
v 0.000543 -0.012836 0.004152
v 0.002572 -0.012709 0.003701
v -0.001086 -0.012672 0.004039
v -0.001654 -0.012889 0.004047
v -0.002928 -0.012828 0.003593
v 0.010181 -0.012970 -0.000078
v 0.009656 -0.012817 -0.000002
v 0.011782 -0.012940 -0.003087
v 0.011375 -0.012972 -0.001444
v 0.011185 -0.012833 -0.001705
v 0.010498 -0.012844 -0.000702
v 0.011626 -0.012695 -0.003087
v 0.011886 -0.012953 -0.013313
v 0.011698 -0.012771 -0.013288
v 0.070917 -0.012959 -0.013271
v 0.073208 -0.012945 -0.012517
v 0.076732 -0.012941 -0.009864
v 0.077798 -0.012939 -0.008450
v 0.078495 -0.012944 -0.006888
v 0.078507 -0.012943 0.006842
v 0.079052 -0.012951 -0.003125
v 0.079210 -0.012948 0.001451
v 0.077788 -0.012928 0.008500
v 0.076805 -0.012947 0.009770
v 0.073274 -0.012941 0.012494
v 0.071037 -0.012963 0.013239
v -0.070951 -0.012962 0.013267
v -0.073258 -0.012945 0.012511
v -0.076711 -0.012942 0.009901
v -0.077801 -0.012943 0.008501
v -0.078592 -0.012940 0.006721
v -0.079208 -0.012952 0.001584
v -0.079105 -0.012951 -0.002904
v -0.078579 -0.012938 -0.006803
v -0.075030 -0.012902 -0.011395
v -0.076906 -0.012955 -0.009655
v -0.077767 -0.012939 -0.008559
v -0.072899 -0.012952 -0.012662
v 0.004717 -0.012973 0.006846
v 0.004738 -0.012724 0.006828
v 0.005523 -0.012972 0.007650
v 0.005508 -0.012722 0.007673
v 0.002095 -0.012972 0.006816
v 0.002110 -0.012722 0.006828
v 0.002111 -0.012973 0.010226
v 0.002095 -0.012723 0.010239
v 0.005523 -0.012973 0.009318
v 0.005511 -0.012723 0.009427
v 0.005135 -0.012973 0.009920
v 0.004679 -0.012722 0.010225
v 0.004492 -0.012974 0.010279
v 0.001389 -0.012723 0.006747
v 0.001389 -0.012973 0.006747
v -0.001797 -0.012972 0.007252
v -0.001752 -0.012722 0.007166
v -0.001235 -0.012972 0.006775
v -0.001224 -0.012723 0.006781
v -0.001642 -0.012973 0.010294
v -0.001828 -0.012973 0.010113
v -0.001777 -0.012723 0.010238
v 0.001389 -0.012973 0.010308
v 0.001389 -0.012723 0.010308
v 0.001389 -0.012973 0.009662
v 0.001389 -0.012723 0.009662
v -0.001199 -0.012973 0.009662
v -0.001199 -0.012723 0.009662
v -0.001163 -0.012972 0.007463
v -0.001131 -0.012723 0.007431
v 0.001389 -0.012723 0.007392
v 0.001389 -0.012973 0.007392
v -0.000941 -0.012973 0.008202
v 0.001098 -0.012723 0.008202
v -0.000941 -0.012723 0.008202
v 0.001098 -0.012973 0.008202
v -0.000941 -0.012723 0.008852
v -0.000941 -0.012973 0.008852
v 0.001098 -0.012723 0.008852
v 0.001098 -0.012973 0.008852
v -0.002361 -0.012972 0.009944
v -0.002373 -0.012722 0.009940
v -0.004597 -0.012723 0.007392
v -0.004597 -0.012973 0.007392
v -0.002414 -0.012723 0.007392
v -0.002414 -0.012973 0.007392
v -0.002414 -0.012973 0.006747
v -0.002414 -0.012723 0.006747
v -0.005551 -0.012973 0.006821
v -0.005665 -0.012722 0.007071
v -0.005451 -0.012723 0.006761
v -0.005642 -0.012973 0.007181
v -0.003433 -0.012723 0.009662
v -0.003433 -0.012973 0.009662
v -0.005620 -0.012723 0.009662
v -0.005620 -0.012973 0.009662
v -0.005620 -0.012723 0.010308
v -0.005620 -0.012973 0.010308
v -0.002531 -0.012723 0.010278
v -0.002540 -0.012973 0.010272
v -0.070868 -0.011249 -0.014992
v -0.011737 -0.012775 -0.013286
v -0.011924 -0.012953 -0.013315
v -0.011639 -0.010581 -0.003689
v -0.011747 -0.011188 -0.014885
v -0.011696 -0.010645 -0.014862
v -0.009581 -0.010682 -0.000003
v -0.010948 -0.010867 -0.001275
v -0.011482 -0.010600 -0.002651
v -0.003548 -0.010642 0.003224
v 0.002580 -0.010605 0.003605
v 0.003795 -0.010739 0.003108
v 0.000844 -0.010873 0.004067
v -0.000671 -0.010873 0.004087
v -0.002299 -0.010873 0.003764
v 0.009045 -0.010723 0.000308
v 0.011633 -0.010685 -0.003424
v 0.011339 -0.010620 -0.002266
v 0.010555 -0.010852 -0.000813
v 0.011719 -0.011185 -0.014908
v 0.011670 -0.010682 -0.014863
v 0.011875 -0.011281 -0.015009
v 0.070828 -0.011252 -0.014991
v 0.073962 -0.011266 -0.013998
v 0.075153 -0.011262 -0.013234
v 0.072637 -0.011262 -0.014570
v 0.080343 -0.011280 -0.006272
v 0.079916 -0.011263 -0.007884
v 0.079202 -0.011257 -0.009371
v 0.078238 -0.011265 -0.010671
v 0.080351 -0.011271 0.006275
v 0.080755 -0.011263 0.003095
v 0.080881 -0.011251 -0.000028
v 0.080740 -0.011266 -0.003249
v 0.078228 -0.011268 0.010681
v 0.077023 -0.011253 0.011809
v 0.079199 -0.011256 0.009374
v 0.079931 -0.011261 0.007849
v 0.071222 -0.011264 0.014920
v 0.069699 -0.011264 0.015036
v 0.072626 -0.011259 0.014575
v -0.074341 -0.011268 0.013823
v -0.072677 -0.011262 0.014569
v -0.079955 -0.011265 0.007874
v -0.079255 -0.011254 0.009338
v -0.078287 -0.011265 0.010655
v -0.078291 -0.011266 -0.010650
v -0.079256 -0.011266 -0.009327
v -0.079962 -0.011253 -0.007858
v -0.072647 -0.011263 -0.014578
v 0.002672 -0.012723 0.009662
v 0.004402 -0.012723 0.009632
v 0.002672 -0.012723 0.007392
v 0.004893 -0.012723 0.009198
v 0.004489 -0.012723 0.007454
v 0.004888 -0.012723 0.007872
v -0.011901 -0.011272 -0.015009
v -0.011424 -0.010377 -0.014910
v -0.011317 -0.010377 -0.004069
v -0.010772 -0.010513 -0.001316
v -0.010805 -0.010371 -0.001859
v -0.008892 -0.010390 0.000048
v -0.009808 -0.010499 -0.000331
v -0.003372 -0.010380 0.002924
v -0.000254 -0.010372 0.003649
v 0.003245 -0.010395 0.003063
v 0.000482 -0.010515 0.003967
v -0.001522 -0.010506 0.003816
v -0.002928 -0.010529 0.003406
v 0.011344 -0.010385 -0.004119
v 0.011444 -0.010484 -0.003246
v 0.010992 -0.010399 -0.002184
v 0.011103 -0.010517 -0.001937
v 0.010604 -0.010514 -0.001121
v 0.010348 -0.010422 -0.000993
v 0.009474 -0.010372 -0.000508
v 0.009865 -0.010485 -0.000417
v 0.009367 -0.010510 -0.000037
v 0.011347 -0.010376 -0.014869
v 0.011782 -0.010568 -0.015033
v 0.077027 -0.011242 -0.011806
v 0.074278 -0.011253 0.013842
v -0.070907 -0.011267 0.014977
v -0.077083 -0.011257 0.011788
v -0.080380 -0.011265 0.006290
v -0.080781 -0.011261 0.003173
v -0.080917 -0.011269 -0.000058
v -0.080770 -0.011262 -0.003280
v -0.080368 -0.011276 -0.006314
v -0.077069 -0.011253 -0.011801
v -0.074331 -0.011268 -0.013828
v 0.004422 -0.012973 0.007428
v 0.004903 -0.012972 0.007874
v 0.002672 -0.012973 0.007392
v 0.002672 -0.012973 0.009662
v 0.004883 -0.012973 0.009188
v 0.004472 -0.012972 0.009607
v -0.070811 -0.008772 -0.015033
v 0.070788 -0.008772 -0.015033
v -0.011415 -0.010244 -0.015030
v -0.011830 -0.010587 -0.015035
v 0.007168 -0.010372 -0.003389
v 0.007587 -0.010372 -0.003925
v 0.006586 -0.010372 -0.003334
v 0.007385 -0.010372 -0.004738
v 0.002238 -0.010372 -0.001691
v 0.002904 -0.010372 -0.002595
v 0.006082 -0.010372 -0.003676
v 0.001153 -0.010372 -0.001043
v 0.003272 -0.010372 -0.003732
v 0.000054 -0.010372 -0.000808
v 0.003112 -0.010372 -0.005240
v 0.006024 -0.010372 -0.004499
v -0.001188 -0.010372 -0.001043
v 0.006630 -0.010372 -0.004942
v -0.002215 -0.010372 -0.001648
v 0.002238 -0.010372 -0.006567
v 0.001153 -0.010372 -0.007215
v -0.000090 -0.010372 -0.007449
v -0.006447 -0.010372 -0.003389
v -0.003305 -0.010372 -0.003657
v -0.002940 -0.010372 -0.002595
v -0.006017 -0.010372 -0.003903
v -0.007014 -0.010372 -0.003334
v -0.006060 -0.010372 -0.004435
v -0.003222 -0.010372 -0.004919
v -0.007518 -0.010372 -0.003677
v -0.006393 -0.010372 -0.004839
v -0.002745 -0.010372 -0.006011
v -0.006978 -0.010372 -0.004939
v -0.007576 -0.010372 -0.004499
v -0.001625 -0.010372 -0.007036
v 0.011433 -0.010278 -0.015018
v 0.074408 -0.008772 -0.013792
v 0.072666 -0.008772 -0.014589
v 0.077956 -0.008772 -0.011023
v 0.080177 -0.008772 -0.007305
v 0.079227 -0.008772 -0.009378
v 0.080888 -0.008772 0.001948
v 0.080126 -0.008772 0.007439
v 0.080776 -0.008772 -0.003164
v 0.077953 -0.008772 0.011027
v 0.079227 -0.008772 0.009379
v 0.074406 -0.008772 0.013793
v 0.070973 -0.008772 0.014997
v 0.072666 -0.008772 0.014589
v -0.070906 -0.008772 0.015017
v -0.074468 -0.008772 0.013776
v -0.072697 -0.008772 0.014589
v -0.078004 -0.008772 0.011014
v -0.080157 -0.008772 0.007436
v -0.079258 -0.008772 0.009379
v -0.080209 -0.008772 -0.007305
v -0.080952 -0.008772 -0.001280
v -0.080807 -0.008772 0.003164
v -0.078002 -0.008772 -0.011016
v -0.079258 -0.008772 -0.009378
v -0.074449 -0.008772 -0.013787
v -0.072697 -0.008772 -0.014589
v 0.076056 -0.008772 0.008636
v 0.072656 -0.008772 0.011306
v 0.077215 -0.008772 0.006580
v 0.070831 -0.008772 0.011956
v 0.077884 -0.008772 0.001232
v 0.077755 -0.008772 -0.002906
v 0.077162 -0.008772 -0.006703
v 0.076056 -0.008772 -0.008635
v 0.072659 -0.008772 -0.011305
v 0.070830 -0.008772 -0.011957
v -0.070693 -0.008772 0.011983
v -0.072545 -0.008772 0.011388
v -0.075941 -0.008772 0.008801
v -0.077174 -0.008772 0.006810
v -0.077923 -0.008772 0.001470
v -0.077793 -0.008772 -0.002906
v -0.070689 -0.008772 -0.011983
v -0.077173 -0.008772 -0.006812
v -0.072546 -0.008772 -0.011388
v -0.075938 -0.008772 -0.008803
v 0.003283 -0.008872 -0.004129
v 0.003061 -0.008872 -0.002882
v 0.002130 -0.008872 -0.001596
v 0.000775 -0.008872 -0.000912
v -0.000742 -0.008872 -0.000888
v -0.002226 -0.008872 -0.001636
v -0.003116 -0.008872 -0.002954
v -0.003318 -0.008872 -0.004129
v -0.003097 -0.008872 -0.005374
v -0.002165 -0.008872 -0.006663
v -0.000742 -0.008872 -0.007370
v 0.000776 -0.008872 -0.007346
v 0.002130 -0.008872 -0.006663
v 0.003061 -0.008872 -0.005375
v 0.008214 -0.008872 -0.002513
v 0.010934 -0.008872 0.001514
v 0.012537 -0.008872 -0.000104
v 0.008812 -0.008872 -0.003361
v 0.013600 -0.008872 -0.002661
v 0.007346 -0.008872 -0.002040
v 0.008891 -0.008872 -0.004719
v 0.006523 -0.008872 -0.001995
v 0.003543 -0.008872 0.005463
v 0.005736 -0.008872 -0.002235
v 0.013666 -0.008872 -0.010489
v 0.008181 -0.008872 -0.005780
v 0.007254 -0.008872 -0.006241
v 0.005007 -0.008872 -0.002901
v 0.005943 -0.008872 -0.006151
v 0.004640 -0.008872 -0.003823
v 0.001416 -0.008872 0.006008
v -0.000426 -0.008872 0.006107
v 0.004814 -0.008872 -0.005087
v -0.003190 -0.008872 0.005619
v -0.005386 -0.008872 -0.002513
v -0.004789 -0.008872 -0.003359
v -0.006254 -0.008872 -0.002040
v -0.010829 -0.008872 0.001619
v -0.004676 -0.008872 -0.004436
v -0.007077 -0.008872 -0.001995
v -0.007864 -0.008872 -0.002235
v -0.005064 -0.008872 -0.005396
v -0.008594 -0.008872 -0.002902
v -0.012274 -0.008872 0.000416
v -0.005854 -0.008872 -0.006066
v -0.012192 -0.008872 0.000197
v -0.008960 -0.008872 -0.003824
v -0.012974 -0.008872 0.000204
v -0.006865 -0.008872 -0.006292
v -0.012192 -0.008872 -0.006934
v -0.008786 -0.008872 -0.005087
v -0.007865 -0.008872 -0.006023
v -0.019817 -0.008872 -0.006934
v -0.021313 -0.008872 -0.005357
v -0.020422 -0.008872 -0.004849
v -0.019846 -0.008872 -0.003913
v -0.023644 -0.008872 -0.006174
v -0.024638 -0.008872 -0.005535
v -0.023029 -0.008872 -0.007191
v -0.022855 -0.008872 -0.009051
v -0.021531 -0.008872 -0.010413
v -0.022368 -0.008872 -0.009882
v -0.025518 -0.008872 -0.005400
v -0.012417 -0.010973 0.000321
v -0.010842 -0.010973 0.001600
v -0.003879 -0.010973 0.005329
v -0.002231 -0.010973 0.005855
v -0.000426 -0.010973 0.006107
v 0.001416 -0.010973 0.006008
v 0.003496 -0.010973 0.005464
v 0.010922 -0.010973 0.001536
v 0.012670 -0.010973 -0.000306
v 0.013574 -0.010973 -0.002651
v 0.013666 -0.010973 -0.010489
v -0.021242 -0.004602 -0.010471
v 0.066507 -0.010973 -0.010441
v 0.066459 -0.004602 -0.010448
v -0.022807 -0.004602 -0.009257
v -0.022013 -0.004602 -0.010177
v -0.022960 -0.004602 -0.007484
v -0.023385 -0.004602 -0.006483
v -0.024316 -0.004602 -0.005674
v -0.025519 -0.004603 -0.005382
v -0.026440 -0.004602 -0.005569
v -0.025908 -0.010973 -0.005422
v -0.026934 -0.010973 -0.005799
v -0.027235 -0.004602 -0.006024
v -0.027758 -0.010973 -0.006650
v -0.028025 -0.004602 -0.007187
v -0.028088 -0.010973 -0.007566
v -0.021203 -0.010973 -0.005325
v -0.019884 -0.010973 -0.003961
v -0.020365 -0.010973 -0.004791
v -0.019817 -0.005622 -0.006934
v -0.019817 -0.005622 0.000197
v -0.019817 -0.010973 0.000197
v -0.012192 -0.005622 -0.006934
v 0.004641 -0.006872 -0.003674
v 0.004877 -0.006872 -0.005207
v 0.005819 -0.006872 -0.006067
v 0.006830 -0.006872 -0.006292
v 0.007829 -0.006872 -0.006023
v 0.008590 -0.006872 -0.005319
v 0.008963 -0.006872 -0.004129
v 0.008589 -0.006872 -0.002939
v 0.007829 -0.006872 -0.002235
v 0.006830 -0.006872 -0.001965
v 0.005819 -0.006872 -0.002191
v 0.005173 -0.006872 -0.002703
v -0.008959 -0.006872 -0.003673
v -0.008723 -0.006872 -0.005207
v -0.007781 -0.006872 -0.006066
v -0.006771 -0.006872 -0.006292
v -0.005770 -0.006872 -0.006023
v -0.005010 -0.006872 -0.005319
v -0.004664 -0.006872 -0.004343
v -0.004799 -0.006872 -0.003363
v -0.005379 -0.006872 -0.002505
v -0.006345 -0.006872 -0.002017
v -0.007591 -0.006872 -0.002090
v -0.008427 -0.006872 -0.002703
v 0.067842 -0.010973 0.009270
v 0.066283 -0.010973 0.010471
v 0.067054 -0.010973 0.010175
v 0.067995 -0.010973 0.007504
v 0.068408 -0.010973 0.006503
v 0.069640 -0.010973 0.004820
v 0.069334 -0.010973 0.005619
v 0.069628 -0.010973 -0.004646
v 0.068319 -0.010973 -0.006640
v 0.069295 -0.010973 -0.005592
v 0.067996 -0.010973 -0.007513
v 0.067897 -0.010973 -0.009040
v 0.067416 -0.010973 -0.009876
v 0.042575 -0.010973 0.007157
v 0.041260 -0.010973 0.008119
v 0.043278 -0.010973 0.005700
v 0.039940 -0.010973 0.008356
v 0.043282 -0.010973 0.004415
v 0.042756 -0.010973 -0.003097
v 0.041800 -0.010973 0.002158
v 0.042918 -0.010973 0.003341
v 0.041554 -0.010973 -0.002005
v 0.040367 -0.010973 0.001655
v 0.043318 -0.010973 -0.004512
v 0.031724 -0.010973 0.006759
v 0.039980 -0.010973 -0.001635
v 0.028632 -0.010973 0.009882
v 0.029468 -0.010973 0.010414
v 0.028156 -0.010973 0.009065
v 0.030856 -0.010973 0.006214
v 0.043236 -0.010973 -0.005801
v 0.038406 -0.010973 -0.002008
v 0.042756 -0.010973 -0.006902
v 0.028046 -0.010973 0.007509
v 0.030266 -0.010973 0.005261
v 0.027637 -0.010973 0.006525
v 0.031763 -0.010973 0.002209
v 0.037219 -0.010973 -0.003084
v 0.041614 -0.010973 -0.007950
v 0.030185 -0.010973 0.003972
v 0.026748 -0.010973 0.005710
v 0.036728 -0.010973 -0.004198
v 0.040386 -0.010973 -0.008325
v 0.022745 -0.010973 0.009300
v 0.021980 -0.010973 0.010175
v 0.021208 -0.010973 0.010470
v 0.036646 -0.010973 -0.005492
v 0.025539 -0.010973 0.005384
v 0.030786 -0.010973 0.002860
v 0.022963 -0.010973 0.007204
v 0.023792 -0.010973 0.006003
v 0.024561 -0.010973 0.005569
v 0.038078 -0.010973 -0.007756
v 0.039250 -0.010973 -0.008291
v 0.037255 -0.010973 -0.006979
v -0.037510 -0.010973 0.007222
v -0.038523 -0.010973 0.008021
v -0.036842 -0.010973 0.006129
v -0.040091 -0.010973 0.008371
v -0.036679 -0.010973 0.004530
v -0.030407 -0.010973 -0.003470
v -0.031130 -0.010973 -0.002576
v -0.032071 -0.010973 -0.002149
v -0.030177 -0.010973 -0.004884
v -0.037252 -0.010973 0.003085
v -0.038392 -0.010973 0.002047
v -0.030844 -0.010973 -0.006169
v -0.028190 -0.010973 -0.009071
v -0.031698 -0.010973 -0.006733
v -0.029560 -0.010973 -0.010440
v -0.028668 -0.010973 -0.009881
v -0.040466 -0.010973 -0.001670
v -0.039945 -0.010973 0.001629
v -0.041515 -0.010973 0.001979
v -0.041848 -0.010973 -0.002167
v -0.042526 -0.010973 0.002779
v -0.042960 -0.010973 -0.003355
v -0.043142 -0.010973 0.003734
v -0.039889 -0.010973 -0.008357
v -0.066605 -0.010973 0.010413
v -0.043142 -0.010973 0.006266
v -0.043369 -0.010973 0.005000
v -0.042526 -0.010973 0.007222
v -0.041643 -0.010973 0.007954
v -0.067437 -0.010973 0.009886
v -0.067944 -0.010973 0.009019
v -0.068026 -0.010973 0.007565
v -0.068378 -0.010973 0.006596
v -0.069349 -0.010973 0.005664
v -0.069671 -0.010973 0.004850
v -0.068450 -0.010973 -0.006494
v -0.069662 -0.010973 -0.004887
v -0.069368 -0.010973 -0.005625
v -0.043378 -0.010973 -0.004849
v -0.066845 -0.010973 -0.010344
v -0.040924 -0.010973 -0.008224
v -0.042026 -0.010973 -0.007700
v -0.043076 -0.010973 -0.006441
v -0.067855 -0.010973 -0.009300
v -0.068025 -0.010973 -0.007539
v 0.067358 -0.004602 -0.009933
v 0.067891 -0.004602 -0.009088
v -0.029553 -0.004602 -0.010423
v -0.028725 -0.004602 -0.009938
v -0.028174 -0.004602 -0.009061
v -0.067935 -0.004602 -0.009070
v -0.067409 -0.004602 -0.009909
v -0.066549 -0.004602 -0.010440
v -0.068026 -0.004602 -0.007565
v -0.068378 -0.004602 -0.006595
v -0.069669 -0.004602 -0.004876
v -0.069316 -0.004602 -0.005699
v -0.069660 -0.004602 0.004907
v -0.069336 -0.004602 0.005663
v -0.068450 -0.004602 0.006495
v 0.068558 -0.004602 0.006337
v 0.068379 -0.004602 -0.006549
v 0.068020 -0.004602 -0.007422
v 0.039922 -0.006372 0.008365
v 0.032338 -0.006372 0.006909
v 0.030156 -0.001072 0.004799
v 0.030309 -0.001072 0.003620
v 0.030964 -0.001072 0.002684
v 0.032257 -0.001072 0.002081
v 0.032410 -0.006372 0.002105
v 0.033308 -0.006372 0.002203
v 0.033652 -0.001072 0.002345
v 0.034286 -0.006372 0.002811
v 0.034530 -0.001072 0.003103
v 0.034969 -0.006372 0.004097
v 0.035003 -0.001072 0.004465
v 0.034622 -0.006372 0.005810
v 0.034559 -0.001072 0.005857
v 0.033699 -0.001072 0.006630
v 0.033502 -0.006372 0.006724
v 0.032582 -0.001072 0.006917
v 0.031457 -0.001072 0.006651
v 0.030592 -0.001072 0.005903
v 0.040748 -0.006372 0.001700
v 0.042314 -0.006372 0.002564
v 0.043185 -0.006372 0.003940
v 0.043306 -0.006372 0.005556
v 0.042835 -0.006372 0.006757
v 0.042094 -0.006372 0.007628
v 0.040939 -0.006372 0.008210
v -0.040356 -0.006372 -0.001656
v -0.032446 -0.006372 -0.002104
v -0.041405 -0.006372 -0.001951
v -0.042360 -0.006372 -0.002574
v -0.043225 -0.006372 -0.003963
v -0.043358 -0.006372 -0.005255
v -0.043061 -0.006372 -0.006433
v -0.042332 -0.006372 -0.007422
v -0.041323 -0.006372 -0.008101
v -0.039985 -0.006372 -0.008359
v -0.032345 -0.006372 -0.006904
v -0.034965 -0.006372 -0.005035
v -0.034996 -0.001072 -0.004204
v -0.034841 -0.001072 -0.005383
v -0.034338 -0.006372 -0.006169
v -0.034184 -0.001072 -0.006318
v -0.033441 -0.006372 -0.006762
v -0.033171 -0.001072 -0.006846
v -0.031750 -0.001072 -0.006795
v -0.030620 -0.001072 -0.005896
v -0.030198 -0.001072 -0.004823
v -0.030411 -0.001072 -0.003396
v -0.031499 -0.001072 -0.002338
v -0.032586 -0.001072 -0.002086
v -0.033314 -0.006372 -0.002194
v -0.033686 -0.001072 -0.002345
v -0.034279 -0.006372 -0.002770
v -0.034556 -0.001072 -0.003092
v -0.034878 -0.006372 -0.003719
v 0.036644 -0.006372 -0.004579
v 0.036728 -0.006372 -0.005801
v 0.037172 -0.006372 -0.006859
v 0.038078 -0.006372 -0.007756
v 0.039109 -0.006372 -0.008256
v 0.040720 -0.006372 -0.008290
v 0.042158 -0.006372 -0.007574
v 0.043109 -0.006372 -0.006264
v 0.043336 -0.006372 -0.004657
v 0.042770 -0.006372 -0.003086
v 0.041546 -0.006372 -0.002020
v 0.039980 -0.006372 -0.001618
v 0.038414 -0.006372 -0.002023
v 0.037205 -0.006372 -0.003075
v -0.043359 -0.006372 0.004604
v -0.042832 -0.006372 0.003142
v -0.041644 -0.006372 0.002047
v -0.040091 -0.006372 0.001629
v -0.038521 -0.006372 0.001979
v -0.037510 -0.006372 0.002779
v -0.036894 -0.006372 0.003734
v -0.036667 -0.006372 0.005000
v -0.036894 -0.006372 0.006266
v -0.037510 -0.006372 0.007222
v -0.038393 -0.006372 0.007954
v -0.039945 -0.006372 0.008371
v -0.041514 -0.006372 0.008021
v -0.042526 -0.006372 0.007222
v -0.043194 -0.006372 0.006129
v -0.075893 -0.004602 -0.000574
v -0.075953 -0.001072 -0.000349
v -0.075953 -0.004602 0.000349
v -0.075581 -0.004602 -0.001326
v -0.075522 -0.001072 -0.001412
v -0.074932 -0.004602 -0.001975
v -0.074656 -0.001072 -0.002156
v -0.074185 -0.004603 -0.002334
v -0.073569 -0.001072 -0.002410
v -0.073277 -0.004602 -0.002382
v -0.072492 -0.001072 -0.002165
v -0.072399 -0.004602 -0.002116
v -0.071607 -0.001072 -0.001419
v -0.071548 -0.004602 -0.001332
v -0.071232 -0.001072 -0.000574
v -0.071171 -0.004602 -0.000297
v -0.071172 -0.001072 0.000349
v -0.071284 -0.004602 0.000803
v -0.071582 -0.001072 0.001373
v -0.071766 -0.004602 0.001591
v -0.072201 -0.001072 0.001975
v -0.072702 -0.004602 0.002276
v -0.073036 -0.001072 0.002357
v -0.074083 -0.004602 0.002359
v -0.074184 -0.001072 0.002334
v -0.074932 -0.004602 0.001975
v -0.074932 -0.001072 0.001975
v -0.075522 -0.004602 0.001412
v -0.075581 -0.001072 0.001325
v -0.075893 -0.001072 0.000574
v 0.071254 -0.004602 -0.000803
v 0.071142 -0.001072 -0.000349
v 0.071142 -0.004602 0.000349
v 0.071577 -0.001072 -0.001419
v 0.071735 -0.004602 -0.001591
v 0.072366 -0.004602 -0.002114
v 0.072459 -0.001072 -0.002163
v 0.073473 -0.004602 -0.002415
v 0.073578 -0.001072 -0.002415
v 0.074603 -0.004602 -0.002165
v 0.074914 -0.001072 -0.002002
v 0.075329 -0.004602 -0.001591
v 0.075657 -0.001072 -0.001115
v 0.075787 -0.004602 -0.000850
v 0.075924 -0.001072 -0.000297
v 0.075932 -0.004602 0.000000
v 0.075863 -0.001072 0.000574
v 0.075687 -0.004602 0.001131
v 0.075487 -0.001072 0.001418
v 0.074697 -0.004602 0.002116
v 0.074392 -0.001072 0.002276
v 0.073818 -0.004602 0.002383
v 0.073238 -0.001072 0.002383
v 0.072673 -0.004602 0.002277
v 0.072365 -0.001072 0.002114
v 0.071577 -0.004602 0.001418
v 0.071735 -0.001072 0.001591
v 0.071254 -0.001072 0.000803
v 0.031643 -0.001072 0.005410
v 0.032564 -0.001072 0.005798
v 0.031264 -0.001072 0.004541
v 0.031726 -0.001072 0.003485
v 0.033526 -0.001072 0.005356
v 0.032938 -0.001072 0.003253
v 0.033843 -0.001072 0.004464
v 0.033615 -0.001072 0.003793
v -0.033733 -0.001072 -0.003887
v -0.033185 -0.001072 -0.003377
v -0.032517 -0.001072 -0.003210
v -0.033852 -0.001072 -0.004684
v -0.033499 -0.001072 -0.005416
v -0.031620 -0.001072 -0.003648
v -0.032870 -0.001072 -0.005742
v -0.031332 -0.001072 -0.004344
v -0.032058 -0.001072 -0.005673
v -0.031433 -0.001072 -0.005043
v -0.074059 -0.001072 0.000662
v -0.074380 -0.001072 0.000147
v -0.073566 -0.001072 0.000819
v -0.074262 -0.001072 -0.000448
v -0.072994 -0.001072 0.000608
v -0.073702 -0.001072 -0.000824
v -0.072742 -0.001072 -0.000073
v -0.073046 -0.001072 -0.000644
v 0.072731 -0.001072 0.000257
v 0.073219 -0.001072 0.000765
v 0.074001 -0.001072 0.000709
v 0.072774 -0.001072 -0.000311
v 0.073195 -0.001072 -0.000766
v 0.074371 -0.001072 -0.000073
v 0.073948 -0.001072 -0.000722
v 0.074370 -0.010572 0.000074
v 0.074017 -0.010572 0.000669
v 0.074114 -0.010572 -0.000591
v 0.072875 -0.010572 0.000506
v 0.072711 -0.010572 -0.000116
v 0.073473 -0.010572 -0.000833
v 0.073408 -0.010572 0.000821
v 0.072984 -0.010572 -0.000605
v -0.073100 -0.010572 0.000688
v -0.073799 -0.010572 0.000801
v -0.072753 -0.010572 0.000147
v -0.072871 -0.010572 -0.000448
v -0.074241 -0.010572 0.000462
v -0.074391 -0.010572 -0.000073
v -0.073431 -0.010572 -0.000824
v -0.074087 -0.010572 -0.000644
v 0.033404 -0.010572 0.003527
v 0.033816 -0.010572 0.004305
v 0.033699 -0.010572 0.005108
v 0.031868 -0.010572 0.005585
v 0.032560 -0.010572 0.003224
v 0.031315 -0.010572 0.004839
v 0.031361 -0.010572 0.004066
v 0.031803 -0.010572 0.003461
v 0.032871 -0.010572 0.005763
v -0.031451 -0.010572 -0.003893
v -0.031333 -0.010572 -0.004684
v -0.031687 -0.010572 -0.005416
v -0.032285 -0.010572 -0.003236
v -0.032316 -0.010572 -0.005742
v -0.033808 -0.010572 -0.004049
v -0.033128 -0.010572 -0.005673
v -0.033188 -0.010572 -0.003371
v -0.033752 -0.010572 -0.005043
v 0.070933 -0.010503 0.008737
v 0.071323 -0.010503 0.008296
v 0.070363 -0.010503 0.008795
v 0.069876 -0.010503 0.008473
v 0.070885 -0.010503 0.007232
v 0.070350 -0.010503 0.007211
v 0.069778 -0.010503 0.007653
v 0.071346 -0.010503 0.007746
v 0.069768 -0.004602 0.007745
v 0.070228 -0.004602 0.007232
v 0.070763 -0.004602 0.007211
v 0.071212 -0.004602 0.007494
v 0.071377 -0.004602 0.008123
v 0.070944 -0.004602 0.008752
v 0.070135 -0.004602 0.008721
v 0.069786 -0.004602 0.008279
v 0.071346 -0.010503 -0.008254
v 0.071323 -0.010503 -0.007704
v 0.070934 -0.010503 -0.007263
v 0.070402 -0.010503 -0.008811
v 0.070972 -0.010503 -0.008713
v 0.069802 -0.010503 -0.007611
v 0.069850 -0.010503 -0.008442
v 0.070363 -0.010503 -0.007205
v 0.069763 -0.004602 -0.008251
v 0.070142 -0.004602 -0.008713
v 0.070711 -0.004602 -0.008811
v 0.071216 -0.004602 -0.008499
v 0.071377 -0.004602 -0.007878
v 0.070945 -0.004602 -0.007248
v 0.070240 -0.004602 -0.007240
v 0.069814 -0.004602 -0.007642
v -0.069828 -0.010503 0.008296
v -0.070221 -0.010503 0.008738
v -0.069806 -0.010503 0.007746
v -0.070268 -0.010503 0.007231
v -0.071251 -0.010503 0.008498
v -0.071033 -0.010503 0.007287
v -0.070789 -0.010503 0.008795
v -0.071411 -0.010503 0.007880
v -0.071411 -0.004602 0.008122
v -0.071231 -0.004602 0.007462
v -0.070546 -0.004602 0.007165
v -0.069940 -0.004602 0.007494
v -0.069775 -0.004602 0.008123
v -0.070047 -0.004602 0.008605
v -0.070550 -0.004602 0.008835
v -0.071139 -0.004602 0.008612
v -0.069892 -0.010503 -0.007549
v -0.070545 -0.010503 -0.007165
v -0.069799 -0.010503 -0.008245
v -0.071231 -0.010503 -0.007463
v -0.070267 -0.010503 -0.008768
v -0.071034 -0.010503 -0.008713
v -0.071411 -0.010503 -0.008120
v -0.071411 -0.004602 -0.007880
v -0.071231 -0.004602 -0.008538
v -0.070546 -0.004602 -0.008835
v -0.069893 -0.004602 -0.008452
v -0.069799 -0.004602 -0.007754
v -0.070268 -0.004602 -0.007232
v -0.071033 -0.004602 -0.007287
v 0.026099 -0.010503 0.008556
v 0.026296 -0.010503 0.008074
v 0.025435 -0.010503 0.008836
v 0.025520 -0.010503 0.007152
v 0.026186 -0.010503 0.007566
v 0.024802 -0.010503 0.008473
v 0.024706 -0.010503 0.007654
v 0.024759 -0.004602 0.007552
v 0.025438 -0.004602 0.007174
v 0.026003 -0.004602 0.007359
v 0.026289 -0.004602 0.007841
v 0.026170 -0.004602 0.008469
v 0.025679 -0.004602 0.008795
v 0.025058 -0.004602 0.008720
v 0.024713 -0.004602 0.008277
v -0.025177 -0.010503 -0.007247
v -0.024673 -0.010503 -0.007873
v -0.025949 -0.010503 -0.007269
v -0.024923 -0.010503 -0.008568
v -0.025443 -0.010503 -0.008820
v -0.026326 -0.010503 -0.007879
v -0.026178 -0.010503 -0.008541
v -0.026362 -0.004602 -0.007873
v -0.026112 -0.004602 -0.008568
v -0.025592 -0.004602 -0.008820
v -0.024857 -0.004602 -0.008541
v -0.024709 -0.004602 -0.007879
v -0.025086 -0.004602 -0.007269
v -0.025858 -0.004602 -0.007247
v -0.007619 -0.007772 -0.003903
v -0.007188 -0.007772 -0.003389
v -0.007575 -0.007772 -0.004435
v -0.006621 -0.007772 -0.003334
v -0.007243 -0.007772 -0.004838
v -0.006117 -0.007772 -0.003677
v -0.006657 -0.007772 -0.004939
v -0.006059 -0.007772 -0.004499
v 0.005982 -0.007772 -0.003902
v 0.006401 -0.007772 -0.003396
v 0.006026 -0.007772 -0.004438
v 0.007028 -0.007772 -0.003337
v 0.006358 -0.007772 -0.004839
v 0.007519 -0.007772 -0.003747
v 0.006919 -0.007772 -0.004940
v 0.007531 -0.007772 -0.004523
v -0.041686 -0.007772 -0.004841
v -0.041295 -0.007772 -0.003873
v -0.041492 -0.007772 -0.005837
v -0.040760 -0.007772 -0.006503
v -0.040417 -0.007772 -0.003376
v -0.038313 -0.007772 -0.005000
v -0.039816 -0.007772 -0.006677
v -0.039620 -0.007772 -0.003367
v -0.038760 -0.007772 -0.003874
v -0.038790 -0.007772 -0.006170
v -0.041678 -0.007772 0.004806
v -0.041586 -0.007772 0.005602
v -0.040936 -0.007772 0.006425
v -0.039098 -0.007772 0.006425
v -0.040018 -0.007772 0.006673
v -0.041403 -0.007772 0.004047
v -0.040763 -0.007772 0.003499
v -0.040018 -0.007772 0.003327
v -0.038384 -0.007772 0.005460
v -0.039097 -0.007772 0.003575
v -0.038442 -0.007772 0.004413
v 0.038487 -0.007772 -0.005787
v 0.038312 -0.007772 -0.004841
v 0.041067 -0.007772 -0.003721
v 0.040383 -0.007772 -0.003375
v 0.041534 -0.007772 -0.004365
v 0.039171 -0.007772 -0.006467
v 0.040134 -0.007772 -0.006689
v 0.041637 -0.007772 -0.005406
v 0.041066 -0.007772 -0.006278
v 0.038595 -0.007772 -0.004046
v 0.039430 -0.007772 -0.003395
v 0.039581 -0.007772 0.006624
v 0.038702 -0.007772 0.006126
v 0.038312 -0.007772 0.005159
v 0.040385 -0.007772 0.006632
v 0.041093 -0.007772 0.006250
v 0.041535 -0.007772 0.005634
v 0.041652 -0.007772 0.004803
v 0.040185 -0.007772 0.003322
v 0.041219 -0.007772 0.003838
v 0.039235 -0.007772 0.003498
v 0.038505 -0.007772 0.004163
v -0.041687 -0.012470 0.004803
v -0.041499 -0.012477 0.005825
v -0.040599 -0.012468 0.006593
v -0.039435 -0.012462 0.006585
v -0.038661 -0.012471 0.005982
v -0.038352 -0.012476 0.005227
v -0.038444 -0.012467 0.004430
v -0.039014 -0.012470 0.003633
v -0.040009 -0.012475 0.003319
v -0.040806 -0.012470 0.003520
v -0.041388 -0.012467 0.004041
v -0.042137 -0.012972 0.004440
v -0.041494 -0.012972 0.003397
v -0.040586 -0.012972 0.002896
v -0.039542 -0.012972 0.002873
v -0.038417 -0.012972 0.003483
v -0.037862 -0.012972 0.004678
v -0.038033 -0.012972 0.005962
v -0.038962 -0.012972 0.006908
v -0.040216 -0.012972 0.007196
v -0.041619 -0.012971 0.006514
v -0.042122 -0.012973 0.005518
v -0.041661 -0.012462 -0.004616
v -0.041156 -0.012472 -0.003770
v -0.040419 -0.012470 -0.003367
v -0.039625 -0.012469 -0.003375
v -0.038909 -0.012478 -0.003736
v -0.038441 -0.012470 -0.004427
v -0.038376 -0.012469 -0.005427
v -0.039069 -0.012469 -0.006407
v -0.040241 -0.012468 -0.006681
v -0.041139 -0.012470 -0.006246
v -0.041587 -0.012471 -0.005589
v -0.042073 -0.012972 -0.005726
v -0.042174 -0.012972 -0.004683
v -0.041322 -0.012971 -0.006776
v -0.040065 -0.012972 -0.007179
v -0.039050 -0.012972 -0.006953
v -0.038256 -0.012972 -0.006283
v -0.037862 -0.012972 -0.005322
v -0.037959 -0.012972 -0.004284
v -0.038681 -0.012971 -0.003251
v -0.039757 -0.012973 -0.002850
v -0.040828 -0.012972 -0.002963
v -0.041783 -0.012972 -0.003724
v 0.041644 -0.012462 -0.005193
v 0.041380 -0.012475 -0.005927
v 0.040793 -0.012471 -0.006467
v 0.039830 -0.012470 -0.006689
v 0.038897 -0.012471 -0.006278
v 0.038415 -0.012475 -0.005610
v 0.038317 -0.012470 -0.004793
v 0.038602 -0.012462 -0.004051
v 0.039346 -0.012477 -0.003427
v 0.040376 -0.012475 -0.003365
v 0.041104 -0.012470 -0.003753
v 0.041552 -0.012471 -0.004410
v 0.037812 -0.012972 -0.005204
v 0.038159 -0.012972 -0.006197
v 0.038931 -0.012972 -0.006908
v 0.040178 -0.012972 -0.007195
v 0.041389 -0.012972 -0.006665
v 0.042091 -0.012971 -0.005627
v 0.042041 -0.012972 -0.004282
v 0.041458 -0.012972 -0.003395
v 0.040546 -0.012972 -0.002894
v 0.039176 -0.012972 -0.002934
v 0.038029 -0.012972 -0.004003
v 0.038314 -0.012469 0.004815
v 0.038421 -0.012469 0.005601
v 0.039003 -0.012477 0.006393
v 0.039994 -0.012470 0.006677
v 0.040960 -0.012468 0.006385
v 0.041553 -0.012470 0.005589
v 0.041646 -0.012467 0.004820
v 0.041288 -0.012470 0.003918
v 0.040200 -0.012477 0.003309
v 0.039192 -0.012470 0.003520
v 0.038592 -0.012470 0.004059
v 0.041677 -0.012971 0.006409
v 0.040313 -0.012972 0.007178
v 0.042152 -0.012972 0.005204
v 0.041999 -0.012972 0.004174
v 0.041389 -0.012972 0.003334
v 0.040178 -0.012972 0.002803
v 0.038931 -0.012972 0.003090
v 0.038159 -0.012972 0.003802
v 0.037790 -0.012972 0.004967
v 0.038167 -0.012972 0.006223
v 0.039015 -0.012972 0.006952
v 0.069279 -0.004602 -0.005594
v 0.069643 -0.004602 -0.004619
v 0.069628 -0.004602 0.004887
v 0.069279 -0.004602 0.005697
v 0.067894 -0.004602 0.009084
v 0.068064 -0.004602 0.007195
v 0.067382 -0.004602 0.009905
v 0.066562 -0.004602 0.010415
v 0.029579 -0.004602 0.010447
v 0.028689 -0.004602 0.009940
v 0.028138 -0.004602 0.009058
v 0.022970 -0.004602 0.007231
v 0.023706 -0.004602 0.006079
v 0.024561 -0.004602 0.005569
v 0.025425 -0.004602 0.005384
v 0.026403 -0.004602 0.005569
v 0.027171 -0.004602 0.006002
v 0.027985 -0.004602 0.007164
v 0.022828 -0.004602 0.009061
v 0.022298 -0.004602 0.009912
v 0.021492 -0.004602 0.010414
v -0.066497 -0.004602 0.010447
v -0.067380 -0.004602 0.009943
v -0.067909 -0.004602 0.009123
v -0.068025 -0.004602 0.007539
v -0.073416 -0.004862 0.010766
v 0.069799 -0.004867 0.011991
v 0.075127 -0.004870 0.009424
v 0.072254 -0.004624 0.011158
v 0.070725 -0.004612 0.011621
v 0.076824 -0.004613 0.006638
v 0.077542 -0.004618 0.001470
v 0.077437 -0.004619 -0.002838
v 0.076840 -0.004613 -0.006567
v 0.075967 -0.004634 -0.008305
v 0.072569 -0.004612 -0.010936
v 0.070875 -0.004612 -0.011595
v -0.070736 -0.004609 0.011593
v -0.072378 -0.004620 0.011099
v -0.075770 -0.004610 0.008413
v -0.077041 -0.004617 0.006039
v -0.077606 -0.004615 0.000868
v -0.077471 -0.004612 -0.002680
v -0.070569 -0.004608 -0.011625
v -0.076756 -0.004618 -0.006949
v -0.072322 -0.004619 -0.011125
v 0.073259 -0.004872 -0.010848
v -0.069924 -0.004873 -0.011986
v -0.075214 -0.004925 -0.009406
v 0.075055 -0.004852 -0.009478
v 0.076206 -0.004964 -0.008402
v 0.076920 -0.004845 -0.007159
v 0.077356 -0.004872 -0.005766
v 0.069744 -0.004850 -0.011989
v 0.071034 -0.004915 -0.011875
v 0.072231 -0.004846 -0.011455
v -0.073426 -0.004856 -0.010757
v -0.072322 -0.004917 -0.011455
v -0.071147 -0.004841 -0.011834
v -0.075747 -0.004625 -0.008544
v -0.077378 -0.004825 -0.005730
v -0.076993 -0.004914 -0.007128
v -0.076242 -0.004899 -0.008374
v -0.077757 -0.004855 0.002810
v -0.077406 -0.004920 0.005744
v -0.077879 -0.004894 0.000047
v -0.077767 -0.004902 -0.002849
v -0.076216 -0.004855 0.008392
v -0.075181 -0.004829 0.009388
v -0.076961 -0.004797 0.007098
v -0.070769 -0.004732 0.011809
v -0.070819 -0.004953 0.011951
v -0.072323 -0.004911 0.011453
v 0.073272 -0.004850 0.010832
v 0.072266 -0.004919 0.011463
v 0.071045 -0.004902 0.011869
v 0.075620 -0.004614 0.008575
v 0.076920 -0.004847 0.007158
v 0.077340 -0.004863 0.005805
v 0.076151 -0.004837 0.008410
v 0.077731 -0.004911 -0.002868
v 0.077850 -0.004894 0.000042
v 0.077718 -0.004909 0.003007
v -0.012192 -0.005622 0.000197
v 0.054424 0.000733 -0.000650
v 0.054745 0.000733 0.002011
v 0.054424 0.000733 0.000700
v 0.054745 0.000733 -0.001961
v 0.057988 0.000733 0.005283
v 0.056271 0.000733 0.004216
v 0.055374 0.000733 0.003206
v 0.055774 0.000733 -0.003703
v 0.059986 0.000733 0.005625
v 0.063694 0.000733 0.004216
v 0.062588 0.000733 0.004983
v 0.061321 0.000733 0.005462
v 0.058643 0.000733 -0.005413
v 0.057381 0.000733 -0.004934
v 0.065540 0.000733 0.000700
v 0.065220 0.000733 0.002011
v 0.064594 0.000733 0.003206
v 0.059986 0.000733 -0.005575
v 0.065220 0.000733 -0.001961
v 0.061321 0.000733 -0.005413
v 0.065540 0.000733 -0.000650
v 0.062588 0.000733 -0.004934
v 0.063694 0.000733 -0.004167
v 0.064594 0.000733 -0.003156
v 0.054960 0.019766 0.005594
v 0.053345 0.019772 0.005724
v 0.054626 0.019772 0.006944
v 0.056129 0.019772 0.007881
v 0.053151 0.019763 0.003142
v 0.052330 0.019772 0.004271
v 0.057591 0.019770 0.007137
v 0.057789 0.019772 0.008496
v 0.051632 0.019772 0.002644
v 0.059540 0.019772 0.008764
v 0.052463 0.019765 0.000024
v 0.051277 0.019772 0.000910
v 0.051277 0.019772 -0.000861
v 0.060672 0.019772 0.007500
v 0.061306 0.019772 0.008674
v 0.051632 0.019772 -0.002595
v 0.063023 0.019772 0.008230
v 0.053151 0.019763 -0.003094
v 0.063023 0.019772 0.006849
v 0.052330 0.019772 -0.004222
v 0.064610 0.019772 0.007451
v 0.065014 0.019766 0.005587
v 0.053345 0.019772 -0.005675
v 0.054960 0.019766 -0.005544
v 0.066013 0.019772 0.006366
v 0.054626 0.019772 -0.006895
v 0.067165 0.019772 0.005023
v 0.066825 0.019763 0.003119
v 0.056129 0.019772 -0.007831
v 0.057574 0.019770 -0.007081
v 0.068020 0.019772 0.003475
v 0.057789 0.019772 -0.008446
v 0.068554 0.019772 0.001786
v 0.067410 0.019772 0.000806
v 0.059540 0.019772 -0.008714
v 0.059987 0.019777 -0.007457
v 0.068729 0.019772 0.000025
v 0.067317 0.019780 -0.001571
v 0.061306 0.019772 -0.008625
v 0.062396 0.019770 -0.007080
v 0.068554 0.019772 -0.001737
v 0.063023 0.019772 -0.008181
v 0.068020 0.019772 -0.003426
v 0.066448 0.019772 -0.003710
v 0.064610 0.019772 -0.007401
v 0.065016 0.019766 -0.005536
v 0.067165 0.019772 -0.004974
v 0.066013 0.019772 -0.006317
v 0.068729 0.015772 0.000025
v 0.068554 0.015772 -0.001737
v 0.068020 0.015772 -0.003426
v 0.067165 0.015772 -0.004974
v 0.066013 0.015772 -0.006317
v 0.064610 0.015772 -0.007401
v 0.063023 0.015772 -0.008181
v 0.061306 0.015772 -0.008625
v 0.059540 0.015772 -0.008714
v 0.057789 0.015772 -0.008446
v 0.056129 0.015772 -0.007831
v 0.054626 0.015772 -0.006895
v 0.053345 0.015772 -0.005675
v 0.052330 0.015772 -0.004222
v 0.051632 0.015772 -0.002595
v 0.051277 0.015772 -0.000861
v 0.051277 0.015772 0.000910
v 0.051632 0.015772 0.002644
v 0.052330 0.015772 0.004271
v 0.053345 0.015772 0.005724
v 0.054626 0.015772 0.006944
v 0.056129 0.015772 0.007881
v 0.057789 0.015772 0.008496
v 0.059540 0.015772 0.008764
v 0.061306 0.015772 0.008674
v 0.063023 0.015772 0.008230
v 0.064610 0.015772 0.007451
v 0.066013 0.015772 0.006366
v 0.067165 0.015772 0.005023
v 0.068020 0.015772 0.003475
v 0.068554 0.015772 0.001786
v 0.065899 0.010863 0.000025
v 0.065899 0.001533 0.000025
v 0.065723 0.001533 -0.001391
v 0.065723 0.010863 -0.001391
v 0.065220 0.001533 -0.002725
v 0.065220 0.010863 -0.002725
v 0.064411 0.001533 -0.003899
v 0.064411 0.010863 -0.003899
v 0.063343 0.001533 -0.004845
v 0.063343 0.010863 -0.004845
v 0.062084 0.001533 -0.005507
v 0.062084 0.010863 -0.005507
v 0.060696 0.001533 -0.005849
v 0.060696 0.010863 -0.005849
v 0.059269 0.001533 -0.005849
v 0.059269 0.010863 -0.005849
v 0.057884 0.001533 -0.005507
v 0.057884 0.010863 -0.005507
v 0.056622 0.001533 -0.004845
v 0.056622 0.010863 -0.004845
v 0.055553 0.001533 -0.003899
v 0.055553 0.010863 -0.003899
v 0.054745 0.010863 -0.002725
v 0.054745 0.001533 -0.002725
v 0.054237 0.001533 -0.001391
v 0.054237 0.010863 -0.001391
v 0.054066 0.001533 0.000025
v 0.054066 0.010863 0.000025
v 0.054237 0.010863 0.001441
v 0.054237 0.001533 0.001441
v 0.054745 0.001533 0.002774
v 0.054745 0.010863 0.002774
v 0.055553 0.001533 0.003948
v 0.055553 0.010863 0.003948
v 0.056622 0.010863 0.004894
v 0.056622 0.001533 0.004894
v 0.057884 0.010863 0.005557
v 0.057884 0.001533 0.005557
v 0.059269 0.001533 0.005898
v 0.059269 0.010863 0.005898
v 0.060696 0.010863 0.005898
v 0.060696 0.001533 0.005898
v 0.062084 0.010863 0.005557
v 0.062084 0.001533 0.005557
v 0.063343 0.001533 0.004894
v 0.063343 0.010863 0.004894
v 0.064411 0.010863 0.003948
v 0.064411 0.001533 0.003948
v 0.065220 0.010863 0.002774
v 0.065220 0.001533 0.002774
v 0.065723 0.010863 0.001441
v 0.065723 0.001533 0.001441
v 0.065569 0.012863 -0.000631
v 0.065586 0.010863 0.000025
v 0.065418 0.010863 -0.001315
v 0.064938 0.012863 -0.002578
v 0.064938 0.010863 -0.002578
v 0.064175 0.012863 -0.003689
v 0.064175 0.010863 -0.003689
v 0.063160 0.012863 -0.004584
v 0.063160 0.010863 -0.004584
v 0.061970 0.012863 -0.005211
v 0.061970 0.010863 -0.005211
v 0.060658 0.012863 -0.005534
v 0.060658 0.010863 -0.005534
v 0.059307 0.012863 -0.005534
v 0.059307 0.010863 -0.005534
v 0.057995 0.012863 -0.005211
v 0.057995 0.010863 -0.005211
v 0.056801 0.012863 -0.004584
v 0.056801 0.010863 -0.004584
v 0.055790 0.012863 -0.003689
v 0.055790 0.010863 -0.003689
v 0.055023 0.012863 -0.002578
v 0.055023 0.010863 -0.002578
v 0.054546 0.012863 -0.001315
v 0.054546 0.010863 -0.001315
v 0.054382 0.012863 0.000025
v 0.054382 0.010863 0.000025
v 0.054546 0.012863 0.001365
v 0.054546 0.010863 0.001365
v 0.055023 0.012863 0.002627
v 0.055023 0.010863 0.002627
v 0.055790 0.012863 0.003738
v 0.055790 0.010863 0.003738
v 0.056801 0.012863 0.004633
v 0.057372 0.010863 0.005006
v 0.057995 0.012863 0.005261
v 0.059307 0.010863 0.005584
v 0.059982 0.012863 0.005648
v 0.060658 0.010863 0.005584
v 0.061970 0.012863 0.005261
v 0.062582 0.010863 0.005010
v 0.063160 0.012863 0.004633
v 0.064175 0.010863 0.003738
v 0.064599 0.012863 0.003235
v 0.065238 0.010863 0.002016
v 0.065418 0.012863 0.001365
v 0.054665 0.012863 -0.004215
v 0.055744 0.012863 -0.005292
v 0.057034 0.012863 -0.006102
v 0.053856 0.012862 -0.002926
v 0.058468 0.012863 -0.006605
v 0.053352 0.012862 -0.001488
v 0.059986 0.012863 -0.006775
v 0.053181 0.012862 0.000025
v 0.053352 0.012862 0.001538
v 0.061497 0.012863 -0.006605
v 0.062931 0.012863 -0.006102
v 0.053856 0.012862 0.002975
v 0.064220 0.012863 -0.005292
v 0.054665 0.012863 0.004264
v 0.065296 0.012863 -0.004215
v 0.055744 0.012863 0.005341
v 0.066113 0.012863 -0.002926
v 0.057034 0.012863 0.006151
v 0.058468 0.012863 0.006654
v 0.066608 0.012863 -0.001488
v 0.066784 0.012863 0.000025
v 0.059986 0.012863 0.006825
v 0.066608 0.012863 0.001538
v 0.061497 0.012863 0.006654
v 0.062931 0.012863 0.006151
v 0.066113 0.012863 0.002975
v 0.065296 0.012863 0.004264
v 0.064220 0.012863 0.005341
v 0.061497 0.016253 0.006654
v 0.059986 0.016253 0.006825
v 0.062931 0.016253 0.006151
v 0.064220 0.016253 0.005341
v 0.065296 0.016253 0.004264
v 0.066113 0.016253 0.002975
v 0.066608 0.016253 0.001538
v 0.066784 0.016253 0.000025
v 0.066608 0.016253 -0.001488
v 0.066113 0.016253 -0.002926
v 0.065296 0.016253 -0.004215
v 0.064220 0.016253 -0.005292
v 0.062931 0.016253 -0.006102
v 0.061497 0.016253 -0.006605
v 0.059986 0.016253 -0.006775
v 0.058468 0.016253 -0.006605
v 0.057034 0.016253 -0.006102
v 0.055744 0.016253 -0.005292
v 0.054665 0.016253 -0.004215
v 0.053856 0.016253 -0.002926
v 0.053352 0.016253 -0.001488
v 0.053181 0.016253 0.000025
v 0.053352 0.016253 0.001538
v 0.053856 0.016253 0.002975
v 0.054665 0.016253 0.004264
v 0.055744 0.016253 0.005341
v 0.057034 0.016253 0.006151
v 0.058468 0.016253 0.006654
v 0.054756 0.015772 -0.005493
v 0.053692 0.015772 -0.004240
v 0.056065 0.015772 -0.006487
v 0.052921 0.015772 -0.002788
v 0.057556 0.015772 -0.007177
v 0.052483 0.015772 -0.001205
v 0.059162 0.015772 -0.007531
v 0.052395 0.015772 0.000436
v 0.060802 0.015772 -0.007531
v 0.052658 0.015772 0.002058
v 0.062412 0.015772 -0.007177
v 0.053268 0.015772 0.003585
v 0.063900 0.015772 -0.006487
v 0.054192 0.015772 0.004945
v 0.065212 0.015772 -0.005493
v 0.055382 0.015772 0.006075
v 0.066273 0.015772 -0.004240
v 0.056789 0.015772 0.006922
v 0.067043 0.015772 -0.002788
v 0.058350 0.015772 0.007447
v 0.067486 0.015772 -0.001205
v 0.059986 0.015772 0.007625
v 0.067570 0.015772 0.000436
v 0.061619 0.015772 0.007447
v 0.067065 0.015772 0.002892
v 0.063175 0.015772 0.006922
v 0.065273 0.015772 0.005537
v 0.053589 0.016253 -0.004084
v 0.054607 0.016253 -0.005349
v 0.055874 0.016253 -0.006369
v 0.052860 0.016253 -0.002631
v 0.057327 0.016253 -0.007096
v 0.052460 0.016253 -0.001057
v 0.058899 0.016253 -0.007498
v 0.052403 0.016253 0.000567
v 0.060528 0.016253 -0.007556
v 0.052689 0.016253 0.002166
v 0.062122 0.016253 -0.007267
v 0.053310 0.016253 0.003667
v 0.063625 0.016253 -0.006646
v 0.054237 0.016253 0.005002
v 0.065505 0.016253 -0.005258
v 0.055428 0.016253 0.006109
v 0.056824 0.016253 0.006938
v 0.067203 0.016253 -0.002484
v 0.058369 0.016253 0.007451
v 0.060692 0.016254 0.007616
v 0.067595 0.016253 0.000694
v 0.066722 0.016252 0.003624
v 0.062893 0.016253 0.007046
v 0.064778 0.016253 0.005970
v 0.060658 0.001533 0.005607
v 0.062588 0.001533 0.004983
v 0.063694 0.001533 0.004216
v 0.064594 0.001533 0.003206
v 0.065220 0.001533 0.002011
v 0.065540 0.001533 0.000700
v 0.065540 0.001533 -0.000650
v 0.065220 0.001533 -0.001961
v 0.064594 0.001533 -0.003156
v 0.063694 0.001533 -0.004167
v 0.062588 0.001533 -0.004934
v 0.061321 0.001533 -0.005413
v 0.059986 0.001533 -0.005575
v 0.058643 0.001533 -0.005413
v 0.057381 0.001533 -0.004934
v 0.056271 0.001533 -0.004167
v 0.055374 0.001533 -0.003156
v 0.054745 0.001533 -0.001961
v 0.054424 0.001533 -0.000650
v 0.054525 0.001533 0.001382
v 0.055374 0.001533 0.003206
v 0.056271 0.001533 0.004216
v 0.057381 0.001533 0.004983
v 0.058643 0.001533 0.005462
v 0.054875 0.020282 -0.005152
v 0.053264 0.020284 -0.002756
v 0.052712 0.020284 0.000093
v 0.053319 0.020287 0.002930
v 0.054933 0.020288 0.005251
v 0.065037 0.020290 0.005243
v 0.066676 0.020282 0.002868
v 0.067262 0.020277 -0.000039
v 0.066776 0.020129 -0.002790
v 0.065051 0.020284 -0.005191
v 0.059758 0.021823 -0.000962
v 0.060440 0.021707 -0.002426
v 0.058547 0.021474 -0.004001
v 0.056803 0.021607 -0.001205
v 0.060495 0.021285 -0.005016
v 0.058678 0.020914 -0.006049
v 0.060814 0.020678 -0.006664
v 0.056845 0.020840 -0.005574
v 0.056910 0.021245 -0.004204
v 0.057979 0.020479 -0.006735
v 0.059987 0.020238 -0.007274
v 0.054932 0.020855 -0.003874
v 0.055677 0.021258 -0.002850
v 0.054905 0.021250 -0.001154
v 0.058633 0.020126 -0.007233
v 0.057167 0.020129 -0.006771
v 0.053813 0.020851 -0.001632
v 0.055962 0.020220 -0.006094
v 0.055095 0.021321 0.000954
v 0.053651 0.020853 0.000845
v 0.054036 0.020329 -0.004053
v 0.055926 0.021381 0.002480
v 0.053859 0.020008 -0.004189
v 0.054433 0.020848 0.003200
v 0.052758 0.020159 -0.001454
v 0.058336 0.021657 0.002506
v 0.056235 0.020892 0.005092
v 0.052739 0.020160 0.001419
v 0.057291 0.021334 0.004115
v 0.058421 0.020888 0.006140
v 0.053928 0.020330 0.003939
v 0.059349 0.021371 0.004695
v 0.060074 0.021612 0.003315
v 0.053882 0.020007 0.004276
v 0.057212 0.020291 0.006739
v 0.059985 0.020689 0.006746
v 0.055961 0.020220 0.006143
v 0.061607 0.021320 0.004753
v 0.061384 0.021673 0.002502
v 0.061641 0.020850 0.006195
v 0.058491 0.020210 0.007204
v 0.063993 0.021324 0.002947
v 0.059986 0.020129 0.007380
v 0.062817 0.020300 0.006701
v 0.063446 0.020915 0.005218
v 0.065041 0.020854 0.003911
v 0.061392 0.020211 0.007220
v 0.064871 0.021320 0.000984
v 0.066135 0.020855 0.001702
v 0.063997 0.020227 0.006140
v 0.062105 0.021747 0.000568
v 0.063085 0.021608 -0.001415
v 0.066307 0.020854 -0.000788
v 0.066008 0.020341 0.003962
v 0.065039 0.021254 -0.001203
v 0.066106 0.020013 0.004237
v 0.066189 0.020690 -0.002544
v 0.067036 0.020335 0.001493
v 0.062401 0.021392 -0.004039
v 0.064119 0.021261 -0.003085
v 0.067266 0.020015 0.001497
v 0.065044 0.020854 -0.003858
v 0.067234 0.020162 -0.001332
v 0.061661 0.020940 -0.005911
v 0.065935 0.020334 -0.004038
v 0.063574 0.020799 -0.005353
v 0.066126 0.020011 -0.004157
v 0.062590 0.020306 -0.006733
v 0.064094 0.020230 -0.006025
v 0.061336 0.020126 -0.007232
v 0.058112 0.021748 0.000752
v 0.059985 0.021833 0.000192
v -0.065578 0.000733 -0.000650
v -0.065254 0.000733 0.002011
v -0.065578 0.000733 0.000700
v -0.065254 0.000733 -0.001961
v -0.062005 0.000733 0.005285
v -0.063732 0.000733 0.004216
v -0.064625 0.000733 0.003206
v -0.064219 0.000733 -0.003713
v -0.060017 0.000733 0.005625
v -0.056305 0.000733 0.004216
v -0.057415 0.000733 0.004983
v -0.058678 0.000733 0.005462
v -0.061359 0.000733 -0.005413
v -0.062618 0.000733 -0.004934
v -0.054459 0.000733 0.000700
v -0.054783 0.000733 0.002011
v -0.055408 0.000733 0.003206
v -0.060017 0.000733 -0.005575
v -0.054783 0.000733 -0.001961
v -0.058678 0.000733 -0.005413
v -0.054459 0.000733 -0.000650
v -0.057415 0.000733 -0.004934
v -0.056305 0.000733 -0.004167
v -0.055408 0.000733 -0.003156
v -0.065057 0.019766 0.005581
v -0.066658 0.019772 0.005724
v -0.065372 0.019772 0.006944
v -0.063869 0.019772 0.007881
v -0.066856 0.019764 0.003130
v -0.067669 0.019772 0.004271
v -0.063057 0.019772 0.006849
v -0.062210 0.019772 0.008496
v -0.068363 0.019772 0.002644
v -0.060702 0.019773 0.007500
v -0.060459 0.019772 0.008764
v -0.067541 0.019765 0.000023
v -0.068722 0.019772 0.000910
v -0.068722 0.019772 -0.000861
v -0.058693 0.019772 0.008674
v -0.057625 0.019771 0.007137
v -0.068363 0.019772 -0.002595
v -0.056980 0.019772 0.008230
v -0.066856 0.019764 -0.003081
v -0.067669 0.019772 -0.004222
v -0.055389 0.019772 0.007451
v -0.054991 0.019766 0.005592
v -0.066658 0.019772 -0.005675
v -0.065057 0.019766 -0.005531
v -0.053989 0.019772 0.006366
v -0.065372 0.019772 -0.006895
v -0.052837 0.019772 0.005023
v -0.053187 0.019763 0.003147
v -0.063869 0.019772 -0.007831
v -0.062433 0.019770 -0.007079
v -0.051975 0.019772 0.003475
v -0.062210 0.019772 -0.008446
v -0.051445 0.019772 0.001786
v -0.052589 0.019772 0.000806
v -0.060459 0.019772 -0.008714
v -0.060016 0.019777 -0.007457
v -0.051270 0.019772 0.000025
v -0.052680 0.019780 -0.001556
v -0.058693 0.019772 -0.008625
v -0.057610 0.019770 -0.007081
v -0.051445 0.019772 -0.001737
v -0.056980 0.019772 -0.008181
v -0.051975 0.019772 -0.003426
v -0.053547 0.019772 -0.003710
v -0.055389 0.019772 -0.007401
v -0.054989 0.019766 -0.005542
v -0.052837 0.019772 -0.004974
v -0.053989 0.019772 -0.006317
v -0.051270 0.015772 0.000025
v -0.051445 0.015772 -0.001737
v -0.051975 0.015772 -0.003426
v -0.052837 0.015772 -0.004974
v -0.053989 0.015772 -0.006317
v -0.055389 0.015772 -0.007401
v -0.056980 0.015772 -0.008181
v -0.058693 0.015772 -0.008625
v -0.060459 0.015772 -0.008714
v -0.062210 0.015772 -0.008446
v -0.063869 0.015772 -0.007831
v -0.065372 0.015772 -0.006895
v -0.066658 0.015772 -0.005675
v -0.067669 0.015772 -0.004222
v -0.068363 0.015772 -0.002595
v -0.068722 0.015772 -0.000861
v -0.068722 0.015772 0.000910
v -0.068363 0.015772 0.002644
v -0.067669 0.015772 0.004271
v -0.066658 0.015772 0.005724
v -0.065372 0.015772 0.006944
v -0.063869 0.015772 0.007881
v -0.062210 0.015772 0.008496
v -0.060459 0.015772 0.008764
v -0.058693 0.015772 0.008674
v -0.056980 0.015772 0.008230
v -0.055389 0.015772 0.007451
v -0.053989 0.015772 0.006366
v -0.052837 0.015772 0.005023
v -0.051975 0.015772 0.003475
v -0.051445 0.015772 0.001786
v -0.054100 0.010863 0.000025
v -0.054100 0.001533 0.000025
v -0.054272 0.001533 -0.001391
v -0.054272 0.010863 -0.001391
v -0.054779 0.001533 -0.002725
v -0.054779 0.010863 -0.002725
v -0.055588 0.001533 -0.003899
v -0.055588 0.010863 -0.003899
v -0.056656 0.001533 -0.004845
v -0.056656 0.010863 -0.004845
v -0.057919 0.001533 -0.005507
v -0.057919 0.010863 -0.005507
v -0.059303 0.001533 -0.005849
v -0.059303 0.010863 -0.005849
v -0.060730 0.001533 -0.005849
v -0.060730 0.010863 -0.005849
v -0.062115 0.001533 -0.005507
v -0.062115 0.010863 -0.005507
v -0.063377 0.001533 -0.004845
v -0.063377 0.010863 -0.004845
v -0.064445 0.001533 -0.003899
v -0.064445 0.010863 -0.003899
v -0.065258 0.010863 -0.002725
v -0.065258 0.001533 -0.002725
v -0.065762 0.001533 -0.001391
v -0.065762 0.010863 -0.001391
v -0.065933 0.001533 0.000025
v -0.065933 0.010863 0.000025
v -0.065762 0.010863 0.001441
v -0.065762 0.001533 0.001441
v -0.065258 0.001533 0.002774
v -0.065258 0.010863 0.002774
v -0.064445 0.001533 0.003948
v -0.064445 0.010863 0.003948
v -0.063377 0.010863 0.004894
v -0.063377 0.001533 0.004894
v -0.062115 0.010863 0.005557
v -0.062115 0.001533 0.005557
v -0.060730 0.001533 0.005898
v -0.060730 0.010863 0.005898
v -0.059303 0.010863 0.005898
v -0.059303 0.001533 0.005898
v -0.057919 0.010863 0.005557
v -0.057919 0.001533 0.005557
v -0.056656 0.001533 0.004894
v -0.056656 0.010863 0.004894
v -0.055588 0.010863 0.003948
v -0.055588 0.001533 0.003948
v -0.054779 0.010863 0.002774
v -0.054779 0.001533 0.002774
v -0.054272 0.010863 0.001441
v -0.054272 0.001533 0.001441
v -0.054434 0.012862 -0.000644
v -0.054417 0.010863 0.000025
v -0.054581 0.010863 -0.001315
v -0.055058 0.012862 -0.002578
v -0.055058 0.010863 -0.002578
v -0.055824 0.012862 -0.003689
v -0.055824 0.010863 -0.003689
v -0.056835 0.012862 -0.004584
v -0.056835 0.010863 -0.004584
v -0.058033 0.012862 -0.005211
v -0.058033 0.010863 -0.005211
v -0.059341 0.012862 -0.005534
v -0.059341 0.010863 -0.005534
v -0.060692 0.012862 -0.005534
v -0.060692 0.010863 -0.005534
v -0.062004 0.012862 -0.005211
v -0.062004 0.010863 -0.005211
v -0.063198 0.012862 -0.004584
v -0.063198 0.010863 -0.004584
v -0.064209 0.012862 -0.003689
v -0.064209 0.010863 -0.003689
v -0.064976 0.012862 -0.002578
v -0.064976 0.010863 -0.002578
v -0.065456 0.012862 -0.001315
v -0.065456 0.010863 -0.001315
v -0.065617 0.012862 0.000025
v -0.065617 0.010863 0.000025
v -0.065456 0.012862 0.001365
v -0.065456 0.010863 0.001365
v -0.064976 0.012862 0.002627
v -0.064976 0.010863 0.002627
v -0.064209 0.012862 0.003738
v -0.064209 0.010863 0.003738
v -0.063198 0.012862 0.004633
v -0.062627 0.010863 0.005006
v -0.062004 0.012862 0.005261
v -0.060692 0.010863 0.005584
v -0.060015 0.012862 0.005648
v -0.059341 0.010863 0.005584
v -0.058033 0.012862 0.005261
v -0.057401 0.010863 0.005003
v -0.056835 0.012862 0.004633
v -0.055824 0.010863 0.003738
v -0.055387 0.012862 0.003218
v -0.054762 0.010863 0.002026
v -0.054581 0.012862 0.001365
v -0.065334 0.012862 -0.004215
v -0.064259 0.012862 -0.005292
v -0.062969 0.012862 -0.006102
v -0.066143 0.012862 -0.002926
v -0.061531 0.012862 -0.006605
v -0.066647 0.012862 -0.001488
v -0.060017 0.012862 -0.006775
v -0.066818 0.012862 0.000025
v -0.066647 0.012862 0.001538
v -0.058506 0.012862 -0.006605
v -0.057068 0.012862 -0.006102
v -0.066143 0.012862 0.002975
v -0.055778 0.012862 -0.005292
v -0.065334 0.012862 0.004264
v -0.054703 0.012862 -0.004215
v -0.064259 0.012862 0.005341
v -0.053890 0.012862 -0.002926
v -0.062969 0.012862 0.006151
v -0.061531 0.012862 0.006654
v -0.053387 0.012862 -0.001488
v -0.053219 0.012862 0.000025
v -0.060017 0.012862 0.006825
v -0.053387 0.012862 0.001538
v -0.058506 0.012862 0.006654
v -0.057068 0.012862 0.006151
v -0.053890 0.012862 0.002975
v -0.054703 0.012862 0.004264
v -0.055778 0.012862 0.005341
v -0.058506 0.016253 0.006654
v -0.060017 0.016253 0.006825
v -0.057068 0.016253 0.006151
v -0.055778 0.016253 0.005341
v -0.054703 0.016253 0.004264
v -0.053890 0.016253 0.002975
v -0.053387 0.016253 0.001538
v -0.053219 0.016253 0.000025
v -0.053387 0.016253 -0.001488
v -0.053890 0.016253 -0.002926
v -0.054703 0.016253 -0.004215
v -0.055778 0.016253 -0.005292
v -0.057068 0.016253 -0.006102
v -0.058506 0.016253 -0.006605
v -0.060017 0.016253 -0.006775
v -0.061531 0.016253 -0.006605
v -0.062969 0.016253 -0.006102
v -0.064259 0.016253 -0.005292
v -0.065334 0.016253 -0.004215
v -0.066143 0.016253 -0.002926
v -0.066647 0.016253 -0.001488
v -0.066818 0.016253 0.000025
v -0.066647 0.016253 0.001538
v -0.066143 0.016253 0.002975
v -0.065334 0.016253 0.004264
v -0.064259 0.016253 0.005341
v -0.062969 0.016253 0.006151
v -0.061531 0.016253 0.006654
v -0.065243 0.015772 -0.005493
v -0.066307 0.015772 -0.004240
v -0.063934 0.015772 -0.006487
v -0.067078 0.015772 -0.002788
v -0.062443 0.015772 -0.007177
v -0.067516 0.015772 -0.001205
v -0.060841 0.015772 -0.007531
v -0.067608 0.015772 0.000436
v -0.059196 0.015772 -0.007531
v -0.067341 0.015772 0.002058
v -0.057590 0.015772 -0.007177
v -0.066730 0.015772 0.003585
v -0.056099 0.015772 -0.006487
v -0.065811 0.015772 0.004945
v -0.054790 0.015772 -0.005493
v -0.064617 0.015772 0.006075
v -0.053726 0.015772 -0.004240
v -0.063210 0.015772 0.006922
v -0.052956 0.015772 -0.002788
v -0.061653 0.015772 0.007447
v -0.052384 0.015772 -0.000322
v -0.060017 0.015772 0.007625
v -0.058384 0.015772 0.007447
v -0.052931 0.015772 0.002879
v -0.056828 0.015772 0.006922
v -0.054737 0.015772 0.005545
v -0.066410 0.016253 -0.004084
v -0.065392 0.016253 -0.005349
v -0.064125 0.016253 -0.006369
v -0.067139 0.016253 -0.002631
v -0.062675 0.016253 -0.007096
v -0.067539 0.016253 -0.001057
v -0.061100 0.016253 -0.007498
v -0.067596 0.016253 0.000567
v -0.059475 0.016253 -0.007556
v -0.067310 0.016253 0.002166
v -0.057877 0.016253 -0.007267
v -0.066689 0.016253 0.003667
v -0.056374 0.016253 -0.006646
v -0.065762 0.016253 0.005002
v -0.055042 0.016253 -0.005719
v -0.064571 0.016253 0.006109
v -0.053932 0.016253 -0.004530
v -0.063175 0.016253 0.006938
v -0.052799 0.016253 -0.002480
v -0.061634 0.016253 0.007451
v -0.059310 0.016254 0.007616
v -0.052407 0.016253 0.000691
v -0.053282 0.016252 0.003626
v -0.057110 0.016253 0.007046
v -0.055232 0.016253 0.005977
v -0.059339 0.001533 0.005607
v -0.057415 0.001533 0.004983
v -0.056305 0.001533 0.004216
v -0.055408 0.001533 0.003206
v -0.054783 0.001533 0.002011
v -0.054459 0.001533 0.000700
v -0.054459 0.001533 -0.000650
v -0.054783 0.001533 -0.001961
v -0.055408 0.001533 -0.003156
v -0.056305 0.001533 -0.004167
v -0.057415 0.001533 -0.004934
v -0.058678 0.001533 -0.005413
v -0.060017 0.001533 -0.005575
v -0.061359 0.001533 -0.005413
v -0.062618 0.001533 -0.004934
v -0.063732 0.001533 -0.004167
v -0.064625 0.001533 -0.003156
v -0.065254 0.001533 -0.001961
v -0.065578 0.001533 -0.000650
v -0.065479 0.001533 0.001370
v -0.064625 0.001533 0.003206
v -0.063732 0.001533 0.004216
v -0.062618 0.001533 0.004983
v -0.061359 0.001533 0.005462
v -0.065128 0.020280 -0.005154
v -0.066814 0.020129 -0.002790
v -0.067285 0.020286 0.000084
v -0.066691 0.020282 0.002920
v -0.065070 0.020286 0.005252
v -0.054817 0.020129 0.005226
v -0.053320 0.020282 0.002863
v -0.052746 0.020284 -0.000043
v -0.053223 0.020129 -0.002790
v -0.054939 0.020283 -0.005182
v -0.060237 0.021823 -0.000966
v -0.059548 0.021709 -0.002411
v -0.062300 0.021619 -0.002424
v -0.061206 0.021356 -0.004603
v -0.059506 0.021285 -0.005017
v -0.061624 0.020916 -0.005990
v -0.059159 0.020833 -0.006356
v -0.063088 0.021245 -0.004204
v -0.062019 0.020479 -0.006735
v -0.060016 0.020237 -0.007274
v -0.063917 0.020851 -0.005034
v -0.064322 0.021258 -0.002854
v -0.064682 0.021389 -0.000845
v -0.061372 0.020126 -0.007233
v -0.062832 0.020129 -0.006771
v -0.066181 0.020852 -0.001643
v -0.064042 0.020223 -0.006089
v -0.064904 0.021321 0.000953
v -0.066081 0.020626 -0.003142
v -0.066349 0.020853 0.000844
v -0.065958 0.020325 -0.004069
v -0.062611 0.021688 0.001176
v -0.066156 0.020008 -0.004168
v -0.065579 0.020845 0.003199
v -0.067246 0.020160 -0.001434
v -0.061662 0.021657 0.002507
v -0.064661 0.021024 0.003765
v -0.067263 0.020160 0.001407
v -0.062709 0.021334 0.004114
v -0.063238 0.020887 0.005453
v -0.066159 0.020157 0.004114
v -0.060650 0.021371 0.004695
v -0.059928 0.021612 0.003316
v -0.062783 0.020291 0.006740
v -0.061289 0.020889 0.006193
v -0.059194 0.020854 0.006354
v -0.064044 0.020223 0.006138
v -0.058396 0.021319 0.004755
v -0.058616 0.021672 0.002510
v -0.059940 0.020298 0.007279
v -0.056779 0.020908 0.005394
v -0.061511 0.020210 0.007204
v -0.055904 0.021324 0.002808
v -0.057182 0.020295 0.006706
v -0.055259 0.020688 0.004770
v -0.058601 0.020209 0.007221
v -0.054486 0.020853 0.003211
v -0.056004 0.020225 0.006143
v -0.057885 0.021748 0.000538
v -0.056904 0.021608 -0.001409
v -0.055367 0.021378 0.000550
v -0.053845 0.020888 0.001295
v -0.053684 0.020851 -0.000813
v -0.053886 0.020160 0.004123
v -0.054953 0.021249 -0.001224
v -0.053805 0.020688 -0.002540
v -0.052788 0.020155 0.001492
v -0.057602 0.021392 -0.004039
v -0.055873 0.021258 -0.003093
v -0.054955 0.020851 -0.003868
v -0.052773 0.020158 -0.001371
v -0.056886 0.020839 -0.005573
v -0.053932 0.020161 -0.004137
v -0.058089 0.020475 -0.006757
v -0.055913 0.020225 -0.006033
v -0.057201 0.020129 -0.006771
v -0.058665 0.020126 -0.007232
v -0.060017 0.021832 0.000182
v -0.068571 0.000996 -0.008639
v -0.068583 -0.003004 -0.008414
v -0.068580 -0.000516 -0.002034
v -0.068580 -0.001545 0.001669
v -0.068569 0.000996 0.008714
v -0.068567 -0.003004 0.008622
v -0.052383 -0.003004 0.009689
v -0.052507 0.000996 0.009705
v -0.051474 0.000996 0.008658
v -0.067478 0.000996 -0.009712
v -0.052328 0.000996 -0.009647
v -0.052546 -0.003004 -0.009714
v -0.067568 -0.003004 -0.009684
v -0.051532 0.000996 -0.008832
v -0.055653 0.000996 -0.005448
v -0.054546 0.000996 -0.004340
v -0.056980 0.000996 -0.006282
v -0.053711 0.000996 -0.003012
v -0.059739 0.000996 -0.008484
v -0.059451 0.000996 -0.008052
v -0.053192 0.000996 -0.001533
v -0.058460 0.000996 -0.006800
v -0.059682 0.000996 -0.007524
v -0.053017 0.000996 0.000025
v -0.060017 0.000996 -0.006975
v -0.060199 0.000996 -0.007465
v -0.061577 0.000996 -0.006800
v -0.060573 0.000996 -0.007840
v -0.063053 0.000996 -0.006282
v -0.060350 0.000996 -0.008479
v -0.068130 0.000996 -0.009336
v -0.064381 0.000996 -0.005448
v -0.053711 0.000996 0.003062
v -0.054546 0.000996 0.004389
v -0.053192 0.000996 0.001582
v -0.055653 0.000996 0.005497
v -0.065491 0.000996 -0.004340
v -0.051896 0.000996 0.009346
v -0.066326 0.000996 -0.003012
v -0.056980 0.000996 0.006331
v -0.066841 0.000996 -0.001533
v -0.067017 0.000996 0.000025
v -0.059739 0.000996 0.007516
v -0.058460 0.000996 0.006849
v -0.060017 0.000996 0.007024
v -0.059427 0.000996 0.008089
v -0.060254 0.000996 0.007489
v -0.059928 0.000996 0.008566
v -0.061577 0.000996 0.006849
v -0.060555 0.000996 0.007848
v -0.060456 0.000996 0.008374
v -0.063053 0.000996 0.006331
v -0.066841 0.000996 0.001582
v -0.066326 0.000996 0.003062
v -0.065491 0.000996 0.004389
v -0.064381 0.000996 0.005497
v -0.067643 0.000996 0.009689
v -0.051473 -0.003004 -0.008647
v -0.051896 -0.003004 -0.009336
v -0.054829 -0.003004 -0.005899
v -0.054297 -0.003004 -0.005350
v -0.059614 -0.003004 -0.008384
v -0.060045 -0.003004 -0.008562
v -0.059449 -0.003004 -0.007943
v -0.059868 -0.003004 -0.007422
v -0.063424 -0.003004 -0.007236
v -0.060500 -0.003004 -0.008293
v -0.060511 -0.003004 -0.007696
v -0.063251 -0.003004 -0.006714
v -0.064024 -0.003005 -0.007338
v -0.068341 -0.003004 -0.009112
v -0.054260 -0.003004 0.005131
v -0.054739 -0.003004 0.005771
v -0.066929 -0.003004 -0.005927
v -0.064278 -0.003004 -0.006743
v -0.051532 -0.003004 0.008842
v -0.067516 -0.003004 -0.005397
v -0.057147 -0.003005 0.006506
v -0.057047 -0.003004 0.007125
v -0.057394 -0.003004 0.007394
v -0.059716 -0.003004 0.007508
v -0.058043 -0.003004 0.006871
v -0.059449 -0.003004 0.008056
v -0.057779 -0.003004 0.007347
v -0.057749 -0.003004 0.006447
v -0.060418 -0.003004 0.007581
v -0.059872 -0.003004 0.008580
v -0.067548 -0.003004 0.005213
v -0.060520 -0.003004 0.008282
v -0.066978 -0.003004 0.005817
v -0.068129 -0.003004 0.009346
v -0.067518 -0.003004 0.009705
v -0.063808 -0.003004 -0.006324
v -0.067017 0.007746 0.000025
v -0.066841 0.007746 -0.001533
v -0.066326 0.007746 -0.003012
v -0.065491 0.007746 -0.004340
v -0.064381 0.007746 -0.005448
v -0.063053 0.007746 -0.006282
v -0.061577 0.007746 -0.006800
v -0.060017 0.007746 -0.006975
v -0.058460 0.007746 -0.006800
v -0.056980 0.007746 -0.006282
v -0.055653 0.007746 -0.005448
v -0.054546 0.007746 -0.004340
v -0.053711 0.007746 -0.003012
v -0.053192 0.007746 -0.001533
v -0.053017 0.007746 0.000025
v -0.053192 0.007746 0.001582
v -0.053711 0.007746 0.003062
v -0.054546 0.007746 0.004389
v -0.055653 0.007746 0.005497
v -0.056980 0.007746 0.006331
v -0.058460 0.007746 0.006849
v -0.060017 0.007746 0.007024
v -0.061577 0.007746 0.006849
v -0.063053 0.007746 0.006331
v -0.064381 0.007746 0.005497
v -0.065491 0.007746 0.004389
v -0.066326 0.007746 0.003062
v -0.066841 0.007746 0.001582
v -0.055915 0.007995 -0.004405
v -0.054789 0.007997 -0.004310
v -0.057271 0.007996 -0.006187
v -0.054326 0.007995 -0.001989
v -0.053405 0.007996 -0.001525
v -0.058448 0.007995 -0.005805
v -0.060327 0.007996 -0.006760
v -0.054016 0.007996 0.000025
v -0.053405 0.007996 0.001574
v -0.061335 0.007995 -0.005868
v -0.054419 0.007995 0.002283
v -0.063325 0.007996 -0.005906
v -0.054788 0.007996 0.004359
v -0.063926 0.007995 -0.004579
v -0.056111 0.007995 0.004629
v -0.065630 0.007996 -0.003801
v -0.057271 0.007996 0.006237
v -0.065614 0.007995 -0.002241
v -0.058702 0.007995 0.005918
v -0.066586 0.007996 -0.001532
v -0.066017 0.007996 0.000025
v -0.060329 0.007996 0.006810
v -0.061589 0.007995 0.005855
v -0.066780 0.007997 0.000798
v -0.065707 0.007995 0.002045
v -0.063325 0.007996 0.005956
v -0.064123 0.007995 0.004455
v -0.065630 0.007996 0.003851
v -0.066965 -0.000004 0.005806
v -0.054251 -0.000004 0.005037
v -0.054260 -0.000004 -0.005232
v -0.067015 -0.000004 -0.005894
v -0.067516 -0.000004 0.005297
v -0.054778 -0.000004 -0.005898
v -0.055714 -0.000004 -0.003788
v -0.057334 -0.000004 -0.005087
v -0.054928 -0.000004 -0.002647
v -0.054286 -0.000004 -0.000668
v -0.059326 -0.000004 -0.005683
v -0.060711 -0.000004 -0.005683
v -0.054928 -0.000004 0.002697
v -0.054436 -0.000004 0.001401
v -0.055714 -0.000004 0.003838
v -0.054382 -0.000004 0.005388
v -0.054872 -0.000004 0.005827
v -0.062057 -0.000004 -0.005352
v -0.063850 -0.000004 -0.004296
v -0.056751 -0.000004 0.004757
v -0.067548 -0.000004 -0.005313
v -0.065109 -0.000004 -0.002647
v -0.057980 -0.000004 0.005401
v -0.065601 -0.000004 -0.001351
v -0.059326 -0.000004 0.005733
v -0.065769 -0.000004 0.000025
v -0.064323 -0.000004 0.003838
v -0.063286 -0.000004 0.004757
v -0.062057 -0.000004 0.005401
v -0.065601 -0.000004 0.001401
v -0.065109 -0.000004 0.002697
v -0.060711 -0.000004 0.005733
v -0.065601 0.007746 -0.001351
v -0.065769 0.007746 0.000025
v -0.064323 0.007746 -0.003788
v -0.065109 0.007746 -0.002647
v -0.063286 0.007746 -0.004707
v -0.060711 0.007746 -0.005683
v -0.062057 0.007746 -0.005352
v -0.057980 0.007746 -0.005352
v -0.059326 0.007746 -0.005683
v -0.056751 0.007746 -0.004707
v -0.055714 0.007746 -0.003788
v -0.054436 0.007746 -0.001351
v -0.054928 0.007746 -0.002647
v -0.054268 0.007746 0.000025
v -0.054436 0.007746 0.001401
v -0.054928 0.007746 0.002697
v -0.055714 0.007746 0.003838
v -0.056751 0.007746 0.004757
v -0.057980 0.007746 0.005401
v -0.059326 0.007746 0.005733
v -0.060711 0.007746 0.005733
v -0.062057 0.007746 0.005401
v -0.063286 0.007746 0.004757
v -0.064323 0.007746 0.003838
v -0.065109 0.007746 0.002697
v -0.065601 0.007746 0.001401
v -0.058018 -0.003753 0.006790
v -0.057830 -0.003759 0.007336
v -0.057258 -0.003764 0.007344
v -0.056998 -0.003758 0.006913
v -0.057236 -0.003760 0.006479
v -0.057725 -0.003753 0.006423
v -0.057430 -0.004011 0.006648
v -0.057370 -0.004028 0.007127
v -0.057786 -0.004011 0.006904
v -0.064292 -0.003769 -0.006897
v -0.063983 -0.003750 -0.006380
v -0.063506 -0.003759 -0.006416
v -0.063252 -0.003750 -0.006814
v -0.063430 -0.003748 -0.007256
v -0.063917 -0.003759 -0.007347
v -0.063610 -0.004020 -0.007077
v -0.064033 -0.004016 -0.006874
v -0.063676 -0.004018 -0.006606
v 0.077610 0.019099 -0.005752
v 0.077149 0.019099 -0.007413
v 0.076509 0.019099 -0.004647
v 0.068758 0.019099 -0.011985
v 0.069552 0.019098 -0.012247
v 0.075395 0.019099 -0.004238
v 0.067928 0.019099 -0.011118
v 0.073596 0.019099 -0.004159
v 0.075983 0.019099 -0.009038
v 0.071140 0.019099 -0.012105
v 0.072725 0.019099 -0.011538
v 0.067776 0.019099 -0.007777
v 0.071940 0.019099 -0.003534
v 0.067036 0.019098 -0.005675
v 0.065411 0.019099 -0.007963
v 0.066807 0.019099 -0.006808
v 0.064999 0.019099 -0.007483
v 0.062834 0.019099 -0.009241
v 0.068669 0.019098 -0.002550
v 0.070572 0.019099 -0.002059
v 0.063442 0.019099 -0.008315
v 0.070095 0.019099 -0.000506
v 0.061756 0.019099 -0.008827
v 0.077149 0.019099 0.007414
v 0.075385 0.019099 0.004233
v 0.076509 0.019099 0.004646
v 0.077610 0.019099 0.005751
v 0.059225 0.019099 -0.009635
v 0.068996 0.019099 0.000000
v 0.070138 0.019099 0.000910
v 0.060001 0.019099 -0.009000
v 0.073466 0.019099 0.004139
v 0.075982 0.019099 0.009039
v 0.068829 0.019099 0.001756
v 0.070805 0.019099 0.002386
v 0.058243 0.019099 -0.008827
v 0.055733 0.019099 -0.008674
v 0.068310 0.019099 0.003444
v 0.071789 0.019099 0.003430
v 0.056553 0.019099 -0.008315
v 0.072793 0.019099 0.011492
v 0.067478 0.019099 0.005000
v 0.054997 0.019099 -0.007483
v 0.052842 0.019099 -0.006499
v 0.067776 0.019099 0.007778
v 0.066807 0.019099 0.006808
v 0.066364 0.019099 0.006364
v 0.053635 0.019099 -0.006364
v 0.070545 0.019099 0.012248
v 0.052517 0.019099 -0.005000
v 0.064510 0.019099 0.008549
v 0.064999 0.019099 0.007483
v 0.069062 0.019099 0.012132
v 0.068314 0.019099 0.011631
v 0.067846 0.019099 0.010814
v 0.051418 0.019099 -0.004371
v 0.051685 0.019099 -0.003444
v 0.063442 0.019099 0.008315
v 0.050476 0.019099 -0.001645
v 0.051170 0.019099 -0.001756
v 0.061209 0.019099 0.009576
v 0.061756 0.019099 0.008827
v 0.050999 0.019099 0.000000
v 0.060001 0.019099 0.009000
v 0.050537 0.019099 0.001971
v 0.051335 0.019098 0.002572
v 0.057753 0.019099 0.009402
v 0.058243 0.019099 0.008827
v 0.056553 0.019099 0.008315
v 0.051418 0.019099 0.004371
v 0.052957 0.019098 0.005669
v 0.055096 0.019099 0.008287
v 0.054997 0.019099 0.007483
v 0.053067 0.019099 0.006737
v 0.067211 0.018147 -0.007210
v 0.067776 0.018147 -0.007777
v 0.067776 0.018147 0.007778
v 0.067211 0.018147 0.007210
v 0.075972 -0.007622 0.009065
v 0.072634 -0.007622 0.011577
v 0.070548 -0.007622 0.012233
v 0.069053 0.018147 0.012166
v 0.047296 0.018147 0.012238
v 0.038219 0.020148 0.012201
v 0.047331 0.020148 0.012224
v 0.038302 -0.000322 0.012218
v 0.026634 -0.000322 0.012242
v 0.014969 0.003848 0.012214
v 0.015163 0.020148 0.012224
v -0.010006 0.003848 0.012226
v -0.009835 0.020148 0.012224
v 0.009824 0.020148 0.012231
v -0.047464 0.018147 0.012225
v -0.047618 0.020148 0.012174
v -0.015177 0.020148 0.012231
v -0.070650 -0.007622 0.012233
v -0.077611 0.019148 -0.005755
v -0.077137 0.019148 -0.007448
v -0.076536 0.019148 -0.004660
v -0.075397 0.019148 -0.004234
v -0.068327 0.019148 -0.011642
v -0.067822 0.019148 -0.010752
v -0.069331 0.019148 -0.012242
v -0.073463 0.019148 -0.004139
v -0.075912 0.019148 -0.009115
v -0.071148 0.019148 -0.012105
v -0.072629 0.019148 -0.011582
v -0.067780 0.019148 -0.007777
v -0.072315 0.019148 -0.003719
v -0.066364 0.019148 -0.006364
v -0.066788 0.019148 -0.006787
v -0.064499 0.019148 -0.008521
v -0.067486 0.019148 -0.005000
v -0.071046 0.019148 -0.002735
v -0.065002 0.019148 -0.007483
v -0.068317 0.019148 -0.003444
v -0.063446 0.019148 -0.008315
v -0.061052 0.019148 -0.009579
v -0.068829 0.019148 -0.001756
v -0.070139 0.019148 -0.000920
v -0.061756 0.019148 -0.008827
v -0.077137 0.019148 0.007449
v -0.077618 0.019148 0.005828
v -0.077054 0.019148 0.005063
v -0.075914 0.019148 0.004363
v -0.069004 0.019148 0.000000
v -0.070183 0.019148 0.001099
v -0.060001 0.019148 -0.009000
v -0.074612 0.019148 0.004198
v -0.057455 0.019148 -0.009293
v -0.075975 0.019148 0.009045
v -0.068658 0.019148 0.002595
v -0.071168 0.019148 0.002872
v -0.058247 0.019148 -0.008827
v -0.072854 0.019148 0.003984
v -0.056557 0.019148 -0.008315
v -0.055115 0.019148 -0.008261
v -0.072716 0.019148 0.011545
v -0.067052 0.019148 0.005660
v -0.055000 0.019148 -0.007483
v -0.052869 0.019148 -0.006479
v -0.052948 0.019148 -0.005656
v -0.067780 0.019148 0.007778
v -0.066788 0.019148 0.006787
v -0.071148 0.019148 0.012105
v -0.067828 0.019148 0.010805
v -0.065395 0.019148 0.007938
v -0.065002 0.019148 0.007483
v -0.068384 0.019148 0.011699
v -0.069344 0.019148 0.012230
v -0.051449 0.019148 -0.004357
v -0.051340 0.019148 -0.002583
v -0.063132 0.019148 0.009113
v -0.063446 0.019148 0.008315
v -0.050506 0.019148 -0.001640
v -0.061756 0.019148 0.008827
v -0.051002 0.019148 0.000000
v -0.060303 0.019148 0.009593
v -0.060001 0.019148 0.009000
v -0.050567 0.019148 0.001959
v -0.051174 0.019148 0.001756
v -0.057764 0.019148 0.009373
v -0.058247 0.019148 0.008827
v -0.051685 0.019148 0.003444
v -0.056557 0.019148 0.008315
v -0.051449 0.019148 0.004357
v -0.052517 0.019148 0.005000
v -0.055115 0.019148 0.008261
v -0.055000 0.019148 0.007483
v -0.053091 0.019148 0.006716
v -0.053638 0.019148 0.006364
v -0.067211 0.018147 -0.007210
v -0.067780 0.018147 -0.007777
v -0.067211 0.018147 0.007210
v -0.067780 0.018147 0.007778
v 0.068089 0.018147 0.011348
v 0.067794 0.018147 0.010560
v 0.067820 0.018147 -0.010752
v 0.068314 0.018147 -0.011630
v 0.069211 0.018147 -0.012199
v 0.070633 -0.007622 -0.012235
v 0.022302 0.020148 -0.012230
v 0.047611 0.020148 -0.012175
v 0.005796 0.020148 -0.012207
v 0.014206 0.020148 -0.012104
v 0.005987 0.001258 -0.012235
v -0.026824 -0.000322 -0.012231
v -0.013680 0.020148 -0.012230
v -0.005446 0.020148 -0.012104
v -0.026710 0.020148 -0.012230
v -0.022014 0.020148 -0.012174
v -0.070661 -0.007622 -0.012229
v -0.038496 -0.000322 -0.012236
v -0.047304 0.018147 -0.012237
v -0.038217 0.020148 -0.012200
v -0.047339 0.020148 -0.012223
v -0.069276 0.018147 -0.012208
v 0.072692 -0.007622 -0.011539
v 0.075973 -0.007622 -0.009064
v 0.076832 -0.007622 -0.007926
v 0.077463 -0.007622 -0.006540
v 0.077627 -0.000322 -0.005740
v 0.075210 -0.000322 -0.004235
v 0.076406 -0.000322 -0.004586
v 0.075396 -0.000322 0.004249
v 0.077627 -0.000322 0.005739
v 0.076405 -0.000322 0.004586
v 0.077499 -0.007622 0.006441
v 0.076832 -0.007622 0.007926
v -0.067846 0.018147 0.010809
v -0.068327 0.018147 0.011642
v -0.069229 0.018147 0.012203
v -0.072683 -0.007622 0.011547
v -0.075965 -0.007622 0.009071
v -0.076839 -0.007622 0.007926
v -0.077466 -0.007622 0.006527
v -0.077618 -0.000322 0.005828
v -0.075661 -0.000322 0.004274
v -0.076966 -0.000322 0.004981
v -0.073528 -0.000322 0.004155
v -0.072315 -0.000322 0.003719
v -0.071046 -0.000322 0.002735
v -0.070139 -0.000322 0.000920
v -0.070183 -0.000322 -0.001099
v -0.071168 -0.000322 -0.002872
v -0.072871 -0.000322 -0.003992
v -0.077618 -0.000322 -0.005828
v -0.076965 -0.000322 -0.004980
v -0.075672 -0.000322 -0.004279
v -0.077502 -0.007622 -0.006428
v -0.076839 -0.007622 -0.007926
v -0.076020 -0.007622 -0.009006
v -0.072783 -0.007622 -0.011500
v -0.068384 0.018147 -0.011699
v -0.067855 0.018147 -0.010862
v -0.052662 0.018147 -0.007137
v -0.048992 0.018147 -0.010526
v -0.054810 0.018147 -0.008777
v -0.048720 0.018147 -0.011306
v -0.050915 0.018147 -0.004629
v -0.057628 0.018147 -0.009958
v -0.048055 0.018147 -0.011959
v -0.049980 0.018147 -0.002088
v -0.061456 0.018147 -0.010133
v -0.065086 0.018147 -0.008887
v -0.048959 0.018147 0.010798
v -0.050915 0.018147 0.004629
v -0.049915 0.018147 0.001751
v -0.052426 0.018147 0.006886
v -0.054810 0.018147 0.008777
v -0.057290 0.018147 0.009871
v -0.048394 0.018147 0.011700
v -0.065735 0.018147 0.008434
v -0.063003 0.018147 0.009787
v -0.060322 0.018147 0.010192
v 0.065086 0.018147 -0.008884
v 0.061453 0.018147 -0.010133
v 0.048395 0.018147 -0.011699
v 0.057621 0.018147 -0.009957
v 0.047458 0.018147 -0.012224
v 0.048953 0.018147 -0.010801
v 0.054125 0.018147 -0.008383
v 0.051941 0.018147 -0.006250
v 0.065087 0.018147 0.008882
v 0.050541 0.018147 -0.003919
v 0.062222 0.018147 0.009951
v 0.060322 0.018147 0.010192
v 0.048975 0.018147 0.010588
v 0.053845 0.018147 0.008180
v 0.051269 0.018147 0.005347
v 0.050205 0.018147 0.002845
v 0.048712 0.018147 0.011316
v 0.057285 0.018147 0.009871
v 0.048059 0.018147 0.011956
v 0.049763 0.018147 -0.000173
v 0.077663 -0.007622 -0.010565
v 0.074140 -0.007622 -0.013319
v 0.078770 -0.007622 -0.009094
v 0.079691 -0.007622 -0.007007
v 0.072506 -0.007622 -0.014068
v 0.070822 -0.007622 -0.014468
v 0.078098 -0.007622 -0.001760
v 0.080242 -0.007622 -0.003117
v 0.080356 -0.007622 0.001874
v 0.077991 -0.007622 0.002924
v 0.079642 -0.007622 0.007146
v 0.078770 -0.007622 0.009094
v 0.077663 -0.007622 0.010565
v 0.074140 -0.007622 0.013319
v 0.072506 -0.007622 0.014068
v 0.070822 -0.007622 0.014468
v -0.070919 -0.007622 -0.014450
v -0.072506 -0.007622 -0.014068
v -0.074165 -0.007622 -0.013306
v -0.077651 -0.007622 -0.010578
v -0.078770 -0.007622 -0.009094
v -0.079691 -0.007622 -0.007007
v -0.080388 -0.007622 -0.001225
v -0.078129 -0.007622 -0.001145
v -0.077991 -0.007622 0.002924
v -0.080242 -0.007622 0.003117
v -0.070851 -0.007622 0.014453
v -0.079617 -0.007622 0.007260
v -0.072506 -0.007622 0.014068
v -0.074003 -0.007622 0.013401
v -0.078770 -0.007622 0.009094
v -0.077504 -0.007622 0.010728
v -0.048451 0.020148 0.011643
v -0.048980 0.020146 0.010711
v -0.048878 0.020148 -0.011040
v -0.048061 0.020148 -0.011966
v -0.037367 0.020148 -0.011674
v -0.036858 0.020148 -0.010871
v -0.036735 0.020148 -0.003815
v -0.036299 0.020148 -0.002545
v -0.028361 0.020148 -0.010577
v -0.028065 0.020148 -0.011347
v -0.027438 0.020148 -0.011955
v -0.035388 0.020148 -0.001322
v -0.033590 0.020148 -0.000402
v -0.021181 0.020148 -0.011641
v -0.032072 0.020148 -0.000327
v -0.020699 0.020148 -0.010813
v -0.020632 0.020148 -0.007961
v -0.029151 0.020148 -0.002023
v -0.028447 0.020148 -0.003681
v -0.015222 0.020148 -0.011048
v -0.014447 0.020148 -0.011937
v -0.015351 0.020148 -0.007961
v -0.004595 0.020148 -0.011307
v -0.004320 0.020148 -0.010575
v -0.004301 0.020148 -0.007961
v 0.004377 0.020148 -0.010867
v 0.004905 0.020148 -0.011700
v -0.013501 0.020148 0.007709
v -0.030619 0.020148 -0.000762
v -0.011501 0.020148 0.007709
v 0.004298 0.020148 -0.007961
v -0.013518 0.020148 0.010546
v -0.014444 0.020148 0.011956
v -0.013786 0.020148 0.011310
v -0.011208 0.020148 0.011307
v -0.011483 0.020148 0.010576
v -0.010562 0.020148 0.011965
v 0.015078 0.020148 -0.011278
v 0.015331 0.020148 -0.010551
v 0.015348 0.020148 -0.007961
v 0.020648 0.020148 -0.010576
v 0.020921 0.020148 -0.011306
v 0.021534 0.020148 -0.011937
v 0.020630 0.020148 -0.007961
v 0.011498 0.020148 0.007709
v 0.013498 0.020148 0.007709
v 0.011482 0.020148 0.010546
v 0.010554 0.020148 0.011957
v 0.011212 0.020148 0.011313
v 0.014437 0.020148 0.011964
v 0.013793 0.020148 0.011308
v 0.013517 0.020148 0.010578
v 0.030193 0.020148 0.001064
v 0.029106 0.020148 0.002125
v 0.031569 0.020148 0.000425
v 0.028445 0.020148 0.003705
v 0.033085 0.020148 0.000351
v 0.034541 0.020148 0.000786
v 0.048453 0.020148 -0.011642
v 0.036069 0.020148 0.002116
v 0.048935 0.020148 -0.010804
v 0.028329 0.020148 0.010803
v 0.027797 0.020148 0.011668
v 0.026934 0.020148 0.012201
v 0.036734 0.020148 0.003836
v 0.037323 0.020148 0.011638
v 0.036843 0.020148 0.010806
v 0.048981 0.020148 0.010578
v 0.048703 0.020148 0.011313
v 0.048063 0.020148 0.011964
v -0.013578 0.003848 0.010866
v -0.014082 0.003848 0.011668
v -0.014974 0.003848 0.012213
v -0.011501 0.003848 0.007709
v -0.011423 0.003848 0.010867
v -0.013501 0.003848 0.007709
v -0.010921 0.003848 0.011668
v 0.011422 0.003848 0.010865
v 0.010921 0.003848 0.011665
v 0.010028 0.003848 0.012213
v 0.013498 0.003848 0.007709
v 0.013576 0.003848 0.010865
v 0.011498 0.003848 0.007709
v 0.014079 0.003848 0.011668
v 0.027443 -0.000322 0.011963
v 0.028249 -0.000322 0.011041
v 0.033666 -0.000322 0.003332
v 0.035370 -0.000322 0.001359
v 0.034069 -0.000322 0.000593
v 0.034172 -0.000322 0.004175
v 0.036297 -0.000322 0.002568
v 0.032963 -0.000322 0.002952
v 0.032488 -0.000322 0.000294
v 0.036710 -0.000322 0.003705
v 0.032163 -0.000322 0.002965
v 0.030621 -0.000322 0.000785
v 0.034082 -0.000322 0.005091
v 0.031481 -0.000322 0.003341
v 0.033665 -0.000322 0.005709
v 0.029088 -0.000322 0.002113
v 0.036826 -0.000322 0.010803
v 0.032997 -0.000322 0.006075
v 0.031059 -0.000322 0.003987
v 0.032229 -0.000322 0.006092
v 0.028421 -0.000322 0.003836
v 0.030985 -0.000322 0.004753
v 0.031394 -0.000322 0.005639
v 0.037380 -0.000322 0.011695
v 0.022099 0.001258 -0.012212
v 0.021178 0.001258 -0.011642
v 0.020698 0.001258 -0.010818
v 0.014771 0.001258 -0.011666
v 0.013864 0.001258 -0.012220
v 0.015273 0.001258 -0.010862
v 0.015348 0.001258 -0.007961
v 0.020630 0.001258 -0.007961
v 0.004317 0.001258 -0.010574
v 0.004610 0.001258 -0.011344
v 0.005242 0.001258 -0.011956
v -0.004850 0.001258 -0.011642
v -0.004370 0.001258 -0.010814
v -0.005797 0.001258 -0.012225
v -0.004301 0.001258 -0.007961
v 0.004298 0.001258 -0.007961
v -0.013881 0.001258 -0.012212
v -0.014802 0.001258 -0.011642
v -0.015308 0.001258 -0.010757
v -0.021238 0.001258 -0.011698
v -0.022152 0.001258 -0.012217
v -0.020681 0.001258 -0.010809
v -0.020632 0.001258 -0.007961
v -0.015351 0.001258 -0.007961
v -0.027777 -0.000322 -0.011695
v -0.028304 -0.000322 -0.010859
v -0.037751 -0.000322 -0.011980
v -0.037082 -0.000322 -0.011329
v -0.031650 -0.000322 -0.005844
v -0.028422 -0.000322 -0.003812
v -0.031075 -0.000322 -0.005064
v -0.036796 -0.000322 -0.010559
v -0.032615 -0.000322 -0.006107
v -0.030986 -0.000322 -0.004153
v -0.033357 -0.000322 -0.005906
v -0.028860 -0.000322 -0.002545
v -0.031614 -0.000322 -0.003184
v -0.029847 -0.000322 -0.001271
v -0.033925 -0.000322 -0.005382
v -0.031570 -0.000322 -0.000401
v -0.032545 -0.000322 -0.002886
v -0.036711 -0.000322 -0.003683
v -0.034182 -0.000322 -0.004648
v -0.033595 -0.000322 -0.000381
v -0.033996 -0.000322 -0.003692
v -0.033295 -0.000322 -0.003054
v -0.036299 -0.000322 -0.002545
v -0.035374 -0.000322 -0.001338
v 0.077991 -0.000322 -0.002925
v 0.074309 -0.000322 -0.000850
v 0.078098 -0.000322 0.001760
v 0.074698 -0.000322 0.000116
v 0.073563 -0.000322 -0.001110
v 0.072668 -0.000322 -0.003916
v 0.072885 -0.000322 -0.000895
v 0.071031 -0.000322 -0.002728
v 0.074167 -0.000322 0.000949
v 0.070138 -0.000322 -0.000910
v 0.072455 -0.000322 -0.000172
v 0.073377 -0.000322 0.001102
v 0.070095 -0.000322 0.000506
v 0.072680 -0.000322 0.000701
v 0.073261 -0.000322 0.004078
v 0.070572 -0.000322 0.002060
v 0.071940 -0.000322 0.003534
v -0.078129 -0.000322 0.001145
v -0.077991 -0.000322 -0.002925
v -0.072816 -0.000322 -0.000860
v -0.072428 -0.000322 0.000099
v -0.073765 -0.000322 -0.001107
v -0.074316 -0.000322 -0.000815
v -0.072936 -0.000322 0.000929
v -0.073742 -0.000322 0.001104
v -0.074656 -0.000322 -0.000246
v -0.074476 -0.000322 0.000681
v -0.077504 -0.008772 -0.010729
v -0.078770 -0.008772 -0.009094
v -0.079617 -0.008772 -0.007258
v -0.074003 -0.008772 -0.013401
v -0.070738 -0.008772 -0.014472
v -0.072506 -0.008772 -0.014068
v 0.070851 -0.008772 -0.014453
v 0.073986 -0.008772 -0.013410
v 0.072506 -0.008772 -0.014068
v 0.077521 -0.008772 -0.010709
v 0.079617 -0.008772 -0.007258
v 0.078770 -0.008772 -0.009094
v 0.079667 -0.008772 0.007134
v 0.080242 -0.008772 0.003117
v 0.080356 -0.008772 -0.001874
v 0.077521 -0.008772 0.010709
v 0.078770 -0.008772 0.009094
v 0.073986 -0.008772 0.013410
v 0.070851 -0.008772 0.014453
v 0.072506 -0.008772 0.014068
v -0.070822 -0.008772 0.014468
v -0.074165 -0.008772 0.013306
v -0.072506 -0.008772 0.014068
v -0.077651 -0.008772 0.010578
v -0.079691 -0.008772 0.007009
v -0.078770 -0.008772 0.009094
v -0.078153 -0.008772 -0.011064
v -0.074509 -0.008772 -0.013914
v -0.079372 -0.008772 -0.009456
v -0.072727 -0.008772 -0.014731
v -0.080377 -0.008772 -0.007169
v -0.071012 -0.008772 -0.015144
v -0.081068 -0.008772 -0.001559
v -0.080242 -0.008772 -0.003117
v -0.080388 -0.008772 0.001225
v -0.080944 -0.008772 0.003177
v -0.080377 -0.008772 0.007169
v -0.079372 -0.008772 0.009456
v -0.078153 -0.008772 0.011064
v -0.074511 -0.008772 0.013913
v -0.072727 -0.008772 0.014732
v -0.070904 -0.008772 0.015165
v 0.070906 -0.008772 -0.015165
v 0.072727 -0.008772 -0.014731
v 0.074509 -0.008772 -0.013914
v 0.078153 -0.008772 -0.011064
v 0.079372 -0.008772 -0.009456
v 0.080310 -0.008772 -0.007352
v 0.081058 -0.008772 -0.001844
v 0.080936 -0.008772 0.003177
v 0.071010 -0.008772 0.015144
v 0.080310 -0.008772 0.007352
v 0.072727 -0.008772 0.014732
v 0.074511 -0.008772 0.013913
v 0.079372 -0.008772 0.009456
v 0.078153 -0.008772 0.011064
v 0.033207 0.001878 0.003017
v 0.034518 0.001878 0.002408
v 0.033588 0.001878 0.001855
v 0.034048 0.001878 0.003813
v 0.035257 0.001878 0.003508
v 0.032515 0.001878 0.001652
v 0.034148 0.001878 0.004963
v 0.035431 0.001878 0.004817
v 0.032231 0.001878 0.002948
v 0.031252 0.001878 0.001984
v 0.035103 0.001878 0.005845
v 0.031393 0.001878 0.003401
v 0.033613 0.001878 0.005755
v 0.034424 0.001878 0.006716
v 0.030214 0.001878 0.002883
v 0.032929 0.001878 0.006092
v 0.033200 0.001878 0.007320
v 0.029737 0.001878 0.004180
v 0.030985 0.001878 0.004287
v 0.032162 0.001878 0.006075
v 0.032234 0.001878 0.007349
v 0.029875 0.001878 0.005477
v 0.031060 0.001878 0.005054
v 0.031191 0.001878 0.007031
v 0.031482 0.001878 0.005701
v 0.030445 0.001878 0.006410
v -0.031394 0.001878 -0.005615
v -0.030226 0.001878 -0.006126
v -0.031191 0.001878 -0.007007
v -0.029812 0.001878 -0.005178
v -0.032384 0.001878 -0.006107
v -0.032517 0.001878 -0.007364
v -0.030985 0.001878 -0.004729
v -0.029726 0.001878 -0.004208
v -0.033919 0.001878 -0.007042
v -0.031128 0.001878 -0.003739
v -0.033295 0.001878 -0.005939
v -0.030214 0.001878 -0.002859
v -0.034936 0.001878 -0.006120
v -0.033996 0.001878 -0.005302
v -0.031861 0.001878 -0.003054
v -0.031302 0.001878 -0.001928
v -0.035418 0.001878 -0.004908
v -0.034182 0.001878 -0.004344
v -0.032642 0.001878 -0.001629
v -0.032615 0.001878 -0.002887
v -0.035347 0.001878 -0.003814
v -0.033925 0.001878 -0.003612
v -0.033969 0.001878 -0.001987
v -0.033356 0.001878 -0.003087
v -0.034976 0.001878 -0.002921
v 0.074161 0.001878 -0.000954
v 0.075255 0.001878 -0.001191
v 0.074239 0.001878 -0.001975
v 0.074613 0.001878 -0.000357
v 0.075614 0.001878 -0.000198
v 0.073378 0.001878 -0.001100
v 0.074625 0.001878 0.000409
v 0.073066 0.001878 -0.001998
v 0.075395 0.001878 0.000978
v 0.072177 0.001878 -0.001538
v 0.072654 0.001878 -0.000657
v 0.073930 0.001878 0.001058
v 0.074726 0.001878 0.001687
v 0.071620 0.001878 -0.000683
v 0.073817 0.001878 0.002064
v 0.072993 0.001878 0.000982
v 0.071544 0.001878 0.000485
v 0.072456 0.001878 0.000184
v 0.072651 0.001878 0.001851
v 0.072025 0.001878 0.001359
v -0.073140 0.001878 -0.001036
v -0.072399 0.001878 -0.001687
v -0.072563 0.001878 -0.000491
v -0.071688 0.001878 -0.000910
v -0.073122 0.001878 -0.002014
v -0.071521 0.001878 0.000287
v -0.072472 0.001878 0.000160
v -0.074061 0.001878 -0.001015
v -0.074098 0.001878 -0.001993
v -0.074922 0.001878 -0.001550
v -0.072755 0.001878 0.000780
v -0.072052 0.001878 0.001437
v -0.074604 0.001878 -0.000400
v -0.073643 0.001878 0.001137
v -0.075579 0.001878 -0.000560
v -0.073079 0.001878 0.001999
v -0.074642 0.001878 0.000307
v -0.074011 0.001878 0.002014
v -0.075445 0.001878 0.000910
v -0.074734 0.001878 0.001687
v -0.074317 0.001878 0.000815
v 0.076501 0.023662 -0.009573
v 0.073965 0.023657 -0.011582
v 0.073060 0.021597 -0.012156
v 0.076520 0.021597 -0.009497
v 0.070816 0.021597 -0.012895
v 0.069835 0.023605 -0.012956
v -0.070934 0.021597 -0.012868
v -0.072951 0.021597 -0.012206
v -0.076484 0.021597 -0.009550
v -0.078131 0.021597 -0.006752
v -0.078341 0.023649 -0.005922
v -0.077435 0.021597 -0.008288
v -0.078788 0.021597 -0.002066
v -0.078686 0.023548 -0.002984
v -0.078702 0.021597 0.002988
v -0.078697 0.023627 0.003298
v -0.078114 0.021597 0.006837
v -0.076426 0.021597 0.009599
v -0.077435 0.021597 0.008288
v -0.072951 0.021597 0.012206
v -0.070809 0.021597 0.012896
v -0.069837 0.023605 0.012956
v 0.070933 0.021597 0.012869
v 0.073053 0.021597 0.012162
v 0.073945 0.023640 0.011573
v 0.076471 0.023663 0.009597
v 0.076465 0.021597 0.009544
v 0.078106 0.021597 0.006830
v 0.077435 0.021597 0.008288
v 0.078700 0.021597 0.003031
v 0.078787 0.021597 -0.002100
v 0.078711 0.023608 -0.002893
v 0.078124 0.021597 -0.006749
v 0.077435 0.021597 -0.008288
v 0.080338 -0.010873 -0.007338
v 0.079372 -0.010873 -0.009456
v 0.077993 -0.010873 -0.011227
v 0.080338 -0.010873 0.007338
v 0.081061 -0.010873 0.001560
v 0.080936 -0.010873 -0.003176
v 0.077993 -0.010873 0.011227
v 0.079372 -0.010873 0.009456
v 0.074341 -0.010873 0.014014
v 0.070814 -0.010873 0.015169
v 0.072727 -0.010873 0.014732
v -0.070936 -0.010873 0.015149
v -0.074341 -0.010873 0.014014
v -0.072727 -0.010873 0.014732
v -0.077993 -0.010873 0.011227
v -0.080295 -0.010873 0.007445
v -0.079372 -0.010873 0.009456
v -0.077993 -0.010873 -0.011227
v -0.079372 -0.010873 -0.009456
v -0.080295 -0.010873 -0.007445
v -0.074340 -0.010873 -0.014014
v -0.070816 -0.010873 -0.015168
v -0.072727 -0.010873 -0.014731
v 0.070937 -0.010873 -0.015148
v 0.074340 -0.010873 -0.014014
v 0.072727 -0.010873 -0.014731
v 0.072656 0.023660 -0.012367
v 0.071057 0.023672 -0.012897
v -0.069840 0.023648 -0.012973
v -0.071262 0.023661 -0.012833
v -0.073882 0.023661 -0.011637
v -0.072658 0.023662 -0.012369
v -0.076506 0.023664 -0.009566
v -0.077495 0.023661 -0.008260
v -0.078023 0.023661 -0.007144
v -0.078799 0.023685 -0.003176
v -0.078825 0.023601 0.000126
v -0.078330 0.023627 0.005933
v -0.076521 0.023651 0.009539
v -0.077995 0.023660 0.007212
v -0.077440 0.023628 0.008309
v -0.073860 0.023671 0.011661
v -0.072657 0.023656 0.012367
v -0.071044 0.023679 0.012907
v 0.069846 0.023663 0.012981
v 0.071247 0.023656 0.012832
v 0.072753 0.023681 0.012338
v 0.077990 0.023661 0.007222
v 0.077444 0.023676 0.008355
v 0.078320 0.023638 0.005977
v 0.078742 0.023681 0.002881
v 0.079004 0.023711 -0.002567
v 0.078830 0.023628 -0.000066
v 0.078431 0.023663 -0.005570
v 0.078032 0.023661 -0.007110
v 0.077491 0.023661 -0.008260
v -0.075363 0.021910 0.012471
v -0.074981 0.022292 0.012251
v -0.075366 0.021696 0.012770
v -0.075279 0.021686 0.012955
v -0.073354 0.022281 0.013301
v -0.072837 0.021603 0.014282
v -0.071473 0.022258 0.013943
v -0.069590 0.022260 0.014094
v -0.069444 0.021955 0.014459
v -0.074320 0.021649 0.013647
v -0.073123 0.021634 0.014245
v -0.071649 0.021661 0.014689
v -0.070668 0.021636 0.014744
v -0.069725 0.021713 0.014812
v -0.069630 0.021678 0.014720
v 0.069599 0.022264 0.014078
v 0.069615 0.021547 0.014799
v 0.069425 0.021919 0.014436
v 0.075351 0.021938 0.012402
v 0.074906 0.022289 0.012274
v 0.075387 0.021543 0.012866
v 0.073429 0.022272 0.013273
v 0.071403 0.021494 0.014734
v 0.071620 0.022272 0.013885
v 0.073756 0.021464 0.014003
v -0.074440 0.022072 0.013622
v -0.073223 0.022070 0.014257
v -0.072048 0.022049 0.014607
v -0.070908 0.022112 0.014823
v -0.069755 0.022151 0.014845
v -0.073306 0.022981 0.013318
v -0.071402 0.023052 0.013916
v -0.069429 0.022520 0.014554
v -0.069663 0.023049 0.014047
v -0.069813 0.022174 0.014969
v 0.069725 0.022144 0.014843
v 0.069701 0.022191 0.014934
v 0.069625 0.023033 0.014067
v 0.071363 0.023000 0.013951
v 0.073506 0.023002 0.013210
v 0.075361 0.022079 0.012927
v 0.075431 0.022486 0.012513
v 0.074875 0.023005 0.012278
v 0.071423 0.022092 0.014759
v 0.073554 0.022067 0.014123
v -0.075371 0.021896 -0.012439
v -0.074929 0.022272 -0.012263
v -0.075359 0.021510 -0.012913
v 0.075407 0.021808 -0.012518
v 0.075352 0.021518 -0.012910
v 0.075006 0.022268 -0.012232
v 0.079984 0.017290 -0.000305
v 0.079948 0.022978 -0.000319
v 0.079938 0.016849 0.003024
v 0.080139 0.013436 0.003489
v 0.075314 0.022103 0.013050
v 0.075327 0.022097 0.013152
v 0.073838 0.022091 0.014129
v 0.072132 0.022123 0.014689
v 0.070892 0.022136 0.014961
v -0.074262 0.022094 0.013862
v -0.073166 0.022100 0.014409
v -0.071394 0.022130 0.014892
v -0.079912 0.022788 0.003064
v -0.079927 0.016962 0.003004
v -0.079984 0.017299 0.000340
v -0.080067 0.014535 0.002920
v -0.080195 0.013293 0.003733
v -0.080062 0.014911 -0.003056
v -0.079929 0.017202 -0.003008
v -0.073436 0.022271 -0.013272
v -0.071428 0.021489 -0.014729
v -0.071626 0.022272 -0.013885
v -0.073755 0.021463 -0.014004
v -0.079896 0.022787 -0.002900
v -0.079736 0.023096 0.003191
v -0.079942 0.022994 -0.000093
v -0.080646 0.021951 0.005202
v -0.081049 0.021263 0.006726
v -0.074919 0.022999 0.012258
v -0.075344 0.022702 0.012337
v -0.075466 0.022308 0.012701
v -0.075433 0.022125 0.013003
v -0.075369 0.022062 0.012912
v -0.069546 0.022313 0.014782
v -0.069444 0.022841 0.014268
v -0.067266 0.022256 0.014889
v -0.067089 0.021879 0.015000
v 0.067210 0.022296 0.014849
v 0.067079 0.021870 0.014999
v 0.068414 0.021125 0.015854
v 0.069474 0.022410 0.014676
v 0.069409 0.022761 0.014346
v 0.075167 0.022854 0.012267
v 0.075503 0.022239 0.012801
v 0.079872 0.022842 0.002856
v 0.079689 0.023158 0.002876
v 0.080653 0.021943 0.005215
v 0.081063 0.021288 0.006218
v 0.069588 0.021567 -0.014784
v 0.069500 0.022208 -0.014130
v 0.071462 0.022273 -0.013939
v 0.073970 0.021495 -0.013859
v 0.073278 0.022274 -0.013320
v 0.071728 0.021466 -0.014698
v 0.075000 0.022972 -0.012226
v 0.075369 0.022610 -0.012415
v 0.075452 0.022343 -0.012631
v 0.079920 0.016906 -0.002961
v 0.080136 0.013530 -0.003482
v 0.080918 -0.000604 0.005591
v 0.081076 0.021065 0.007111
v 0.069779 0.021137 0.015881
v -0.068324 -0.001657 0.015884
v -0.068390 0.021125 0.015851
v 0.068303 -0.002284 0.015890
v -0.074483 0.021132 0.014686
v -0.072967 0.021089 0.015364
v -0.071340 0.021164 0.015751
v -0.069802 0.021135 0.015880
v -0.081055 -0.003199 0.005985
v -0.081109 0.020916 0.007025
v -0.081127 0.020987 0.006377
v -0.080641 0.021958 -0.005189
v -0.080920 -0.000601 -0.005510
v -0.071412 0.022087 -0.014755
v -0.073405 0.022075 -0.014187
v -0.074232 0.022049 -0.013730
v -0.069420 0.021896 -0.014459
v -0.069623 0.022280 -0.014060
v -0.069671 0.021535 -0.014810
v -0.071370 0.022998 -0.013951
v -0.069713 0.023068 -0.014029
v -0.073439 0.023010 -0.013243
v -0.074851 0.023006 -0.012294
v -0.079774 0.023063 -0.002885
v -0.081047 0.021320 -0.006163
v -0.079007 0.023720 0.001842
v -0.079736 0.022613 0.006978
v -0.078452 0.023703 0.006666
v -0.080535 0.021092 0.008682
v -0.079111 0.022603 0.008609
v -0.077655 0.023710 0.008392
v -0.079721 0.021129 0.010151
v -0.078412 0.022642 0.009659
v -0.076640 0.023687 0.009814
v -0.077445 0.022566 0.010904
v -0.078718 0.021123 0.011419
v -0.077495 0.021131 0.012512
v -0.072804 0.023688 0.012594
v -0.070818 0.023684 0.013213
v 0.072066 0.023686 0.012932
v 0.074164 0.023678 0.011784
v 0.077483 0.022575 0.010853
v 0.077064 0.023686 0.009434
v 0.078773 0.022676 0.009089
v 0.079675 0.022645 0.007059
v 0.078450 0.023698 0.006694
v 0.079199 0.023626 0.001723
v 0.079910 0.022678 -0.002985
v 0.079803 0.023016 -0.003152
v 0.080640 0.021962 -0.005182
v -0.075405 0.022554 -0.012458
v -0.075180 0.022850 -0.012268
v -0.075448 0.022249 -0.012730
v -0.075348 0.022093 -0.012964
v -0.075480 0.022116 -0.012990
v -0.081093 0.021069 -0.007030
v 0.073323 0.022980 -0.013311
v 0.071396 0.023053 -0.013916
v 0.069712 0.023055 -0.014035
v 0.074397 0.022060 -0.013636
v 0.073301 0.022068 -0.014220
v 0.071990 0.022095 -0.014645
v 0.071089 0.022089 -0.014796
v 0.075436 0.022110 -0.013042
v 0.075300 0.022088 -0.013001
v 0.075435 0.022188 -0.012838
v 0.081045 0.021081 -0.007192
v 0.081146 0.020895 -0.006632
v 0.081037 0.021355 -0.006152
v 0.081055 -0.003411 -0.006012
v 0.081117 -0.007166 0.006992
v 0.081123 -0.005205 0.006378
v 0.078710 0.021112 0.011427
v 0.077439 0.021110 0.012571
v 0.080538 0.021095 0.008666
v 0.079693 0.021141 0.010186
v 0.075779 0.021107 0.013838
v 0.074409 0.021104 0.014731
v 0.071441 0.021088 0.015751
v 0.072851 0.021141 0.015394
v -0.075820 0.021104 0.013815
v -0.081152 -0.007272 0.006843
v -0.081638 -0.007515 0.003236
v -0.081137 -0.007380 -0.006930
v -0.081638 -0.007515 -0.003236
v -0.081082 -0.004054 -0.006123
v -0.080715 0.006116 0.002273
v -0.081776 -0.007515 0.000000
v -0.081203 -0.000608 -0.002316
v -0.080533 0.021092 -0.008685
v -0.078711 0.021115 -0.011429
v -0.077442 0.021119 -0.012565
v -0.079693 0.021140 -0.010189
v -0.073920 0.022090 -0.014089
v -0.072086 0.022128 -0.014725
v -0.070917 0.022142 -0.014948
v -0.069439 0.022842 -0.014266
v -0.069442 0.022463 -0.014648
v -0.079038 0.023694 -0.002675
v -0.079647 0.022701 -0.006955
v -0.078419 0.023697 -0.006861
v -0.074162 0.023679 0.011789
v 0.070615 0.023671 0.013259
v 0.079669 0.022683 -0.006940
v 0.078424 0.023698 -0.006825
v 0.080535 0.021096 -0.008670
v 0.079130 0.022583 -0.008604
v 0.077088 0.023698 -0.009401
v 0.079717 0.021132 -0.010151
v 0.078386 0.022664 -0.009654
v 0.077420 0.022566 -0.010924
v 0.078714 0.021121 -0.011420
v 0.077491 0.021122 -0.012519
v -0.077438 0.022596 -0.010871
v -0.077077 0.023698 -0.009409
v -0.073396 0.023694 -0.012335
v -0.078767 0.022686 -0.009084
v 0.069720 0.022189 -0.014921
v 0.069776 0.022147 -0.015012
v 0.074290 0.022102 -0.013842
v 0.072828 0.022092 -0.014533
v 0.071449 0.022127 -0.014900
v 0.073302 0.023698 -0.012374
v 0.075778 0.021116 -0.013846
v 0.081146 -0.007189 -0.006825
v 0.081638 -0.007515 0.003236
v 0.081226 -0.010672 0.006448
v 0.081638 -0.010672 0.003236
v 0.081776 -0.007515 0.000000
v 0.081776 -0.010672 0.000000
v 0.081638 -0.010672 -0.003236
v 0.081638 -0.007515 -0.003236
v 0.081226 -0.010672 -0.006449
v 0.078635 -0.010672 0.011573
v 0.079967 -0.010672 0.009818
v 0.080753 -0.010672 0.008192
v 0.074823 -0.010668 0.014551
v 0.070888 -0.010662 0.015877
v 0.072956 -0.010672 0.015394
v -0.070830 -0.010667 0.015883
v -0.074737 -0.010679 0.014596
v -0.072956 -0.010672 0.015394
v -0.078602 -0.010661 0.011628
v -0.080997 -0.010668 0.007527
v -0.079967 -0.010672 0.009818
v -0.078657 -0.010671 -0.011557
v -0.079967 -0.010672 -0.009818
v -0.081226 -0.010672 -0.006449
v -0.080753 -0.010672 -0.008192
v -0.075774 0.021106 -0.013848
v -0.069714 0.022193 -0.014931
v -0.069740 0.022128 -0.014835
v -0.071095 0.023694 -0.013181
v 0.070844 0.023697 -0.013201
v 0.069469 0.022893 -0.014212
v 0.069421 0.022501 -0.014611
v 0.069543 0.022301 -0.014759
v 0.069701 0.022140 -0.014826
v 0.074367 0.021089 -0.014756
v 0.073036 0.021142 -0.015330
v 0.071421 0.021112 -0.015745
v 0.069721 0.021075 -0.015901
v 0.080753 -0.010672 -0.008192
v 0.079967 -0.010672 -0.009818
v 0.078578 -0.010662 -0.011646
v 0.080826 -0.010873 -0.007458
v 0.079800 -0.010873 -0.009715
v 0.078353 -0.010873 -0.011577
v 0.080826 -0.010873 0.007458
v 0.081440 -0.010873 0.003219
v 0.081563 -0.010873 -0.001616
v 0.078353 -0.010873 0.011577
v 0.079800 -0.010873 0.009715
v 0.074590 -0.010873 0.014448
v 0.071552 -0.010873 0.015612
v -0.074592 -0.010873 0.014448
v -0.071699 -0.010873 0.015575
v -0.078350 -0.010873 0.011578
v -0.080820 -0.010873 0.007494
v -0.079800 -0.010873 0.009715
v -0.081561 -0.010873 -0.001894
v -0.080760 -0.010873 -0.007642
v -0.081638 -0.010672 -0.003236
v -0.081776 -0.010672 0.000000
v -0.081559 -0.010788 0.003459
v -0.078350 -0.010873 -0.011578
v -0.079800 -0.010873 -0.009715
v 0.074805 -0.010682 -0.014545
v -0.074859 -0.010673 -0.014525
v -0.074592 -0.010873 -0.014448
v -0.071398 0.021089 -0.015758
v -0.069609 0.021137 -0.015892
v -0.072919 0.021092 -0.015379
v -0.074365 0.021098 -0.014759
v -0.071699 -0.010873 -0.015575
v -0.081091 -0.010873 -0.001564
v -0.080944 -0.010873 0.003177
v 0.070868 -0.010873 -0.015667
v 0.073928 -0.010873 -0.014853
v 0.072956 -0.010672 -0.015394
v 0.070890 -0.010651 -0.015887
v -0.070873 -0.010658 -0.015888
v -0.072956 -0.010672 -0.015394
v 0.003195 0.008104 -0.009509
v 0.002763 0.006602 -0.009509
v 0.002864 0.009631 -0.009509
v -0.002568 0.006304 -0.009509
v 0.000178 0.005018 -0.009509
v -0.001356 0.005314 -0.009509
v 0.001848 0.010820 -0.009509
v -0.003161 0.007736 -0.009509
v 0.000403 0.011382 -0.009509
v 0.001670 0.005484 -0.009509
v -0.001074 0.011221 -0.009509
v -0.002291 0.010440 -0.009509
v -0.003036 0.009208 -0.009509
v 0.016768 0.008637 -0.009449
v 0.018043 0.006924 -0.009449
v 0.016962 0.007430 -0.009449
v 0.019052 0.007482 -0.009449
v 0.017514 0.009389 -0.009449
v 0.019201 0.008676 -0.009449
v 0.018421 0.009408 -0.009449
v -0.019204 0.008653 -0.009449
v -0.019104 0.007590 -0.009449
v -0.017308 0.007117 -0.009449
v -0.018372 0.006988 -0.009449
v -0.016710 0.008088 -0.009449
v -0.018467 0.009389 -0.009449
v -0.017038 0.009063 -0.009449
v -0.017722 0.009441 -0.009449
v 0.019166 0.008690 -0.015909
v 0.018563 0.009346 -0.015909
v 0.017826 0.009459 -0.015909
v 0.019150 0.007650 -0.015909
v 0.018210 0.006941 -0.015909
v 0.002640 0.010014 -0.015909
v 0.016984 0.009022 -0.015909
v 0.001492 0.011039 -0.015909
v 0.003176 0.008572 -0.015909
v 0.016731 0.008189 -0.015909
v 0.000002 0.011408 -0.015909
v 0.002977 0.007046 -0.015909
v 0.017075 0.007299 -0.015909
v 0.002088 0.005790 -0.015909
v 0.000717 0.005095 -0.015909
v -0.017259 0.009272 -0.015909
v -0.002609 0.010059 -0.015909
v -0.001469 0.011050 -0.015909
v -0.016725 0.008381 -0.015909
v -0.003166 0.008651 -0.015909
v -0.018156 0.009459 -0.015909
v -0.003014 0.007142 -0.015909
v -0.016874 0.007632 -0.015909
v -0.017533 0.007004 -0.015909
v -0.002167 0.005859 -0.015909
v -0.000821 0.005120 -0.015909
v -0.018999 0.009021 -0.015909
v -0.019247 0.007983 -0.015909
v -0.018676 0.007125 -0.015909
v 0.029722 0.021597 0.004177
v 0.029920 0.021597 0.005594
v 0.030445 0.021597 0.006410
v 0.031301 0.021597 0.007088
v 0.032640 0.021597 0.007388
v 0.033917 0.021597 0.007050
v 0.034908 0.021597 0.006193
v 0.035347 0.021597 0.005202
v 0.035416 0.021597 0.004100
v 0.034908 0.021597 0.002847
v 0.033914 0.021597 0.001988
v 0.032921 0.021597 0.001691
v 0.031890 0.021597 0.001742
v 0.030960 0.021597 0.002175
v 0.030227 0.021597 0.002890
v -0.035418 0.021597 -0.004085
v -0.035103 0.021597 -0.003172
v -0.034432 0.021597 -0.002306
v -0.033590 0.021597 -0.001832
v -0.032517 0.021597 -0.001629
v -0.031192 0.021597 -0.001986
v -0.030226 0.021597 -0.002867
v -0.029812 0.021597 -0.003814
v -0.029739 0.021597 -0.004846
v -0.030056 0.021597 -0.005821
v -0.030722 0.021597 -0.006683
v -0.031895 0.021597 -0.007275
v -0.032923 0.021597 -0.007326
v -0.033912 0.021597 -0.007029
v -0.034947 0.021597 -0.006128
v -0.035347 0.021597 -0.005178
v 0.080723 0.006039 -0.002330
v 0.081203 -0.000608 0.002316
v 0.075506 0.021597 0.000683
v 0.075581 0.021597 -0.000485
v 0.075100 0.021597 0.001359
v 0.074474 0.021597 0.001851
v 0.073309 0.021597 0.002064
v 0.071994 0.021597 0.001392
v 0.071486 0.021597 0.000000
v 0.071751 0.021597 -0.000953
v 0.072373 0.021597 -0.001705
v 0.073518 0.021597 -0.002063
v 0.074291 0.021597 -0.001917
v 0.074978 0.021597 -0.001503
v -0.071622 0.021597 0.000693
v -0.071546 0.021597 -0.000495
v -0.072332 0.021597 0.001684
v -0.073522 0.021597 0.002063
v -0.074756 0.021597 0.001728
v -0.075491 0.021597 0.000734
v -0.075623 0.021597 -0.000243
v -0.075265 0.021597 -0.001163
v -0.074537 0.021597 -0.001828
v -0.073256 0.021597 -0.002063
v -0.072174 0.021597 -0.001523
v -0.051150 0.019907 -0.001760
v -0.051002 0.019898 0.000000
v -0.051880 0.019898 -0.003880
v -0.052715 0.019898 -0.005284
v -0.053917 0.019898 -0.006632
v -0.055222 0.019898 -0.007624
v -0.056835 0.019898 -0.008425
v -0.058411 0.019898 -0.008858
v -0.060207 0.019898 -0.008997
v -0.061832 0.019898 -0.008811
v -0.063553 0.019898 -0.008270
v -0.064991 0.019898 -0.007490
v -0.066380 0.019898 -0.006348
v -0.067425 0.019898 -0.005088
v -0.068291 0.019898 -0.003509
v -0.068821 0.019898 -0.001790
v -0.069004 0.019898 0.000000
v -0.068862 0.019898 0.001722
v -0.068119 0.019898 0.003888
v -0.067280 0.019898 0.005291
v -0.066078 0.019898 0.006638
v -0.064777 0.019898 0.007628
v -0.063160 0.019898 0.008428
v -0.061581 0.019898 0.008860
v -0.059784 0.019898 0.008997
v -0.058159 0.019898 0.008809
v -0.056442 0.019898 0.008266
v -0.055004 0.019898 0.007484
v -0.053612 0.019898 0.006339
v -0.052574 0.019898 0.005079
v -0.051712 0.019898 0.003500
v -0.051182 0.019898 0.001787
v -0.071003 0.021597 0.001049
v -0.069974 0.021597 0.004794
v -0.067628 0.021597 0.008019
v -0.064265 0.021597 0.010211
v -0.060355 0.021597 0.011058
v -0.056583 0.021597 0.010505
v -0.053932 0.021597 0.009197
v -0.051770 0.021597 0.007392
v -0.049673 0.021597 0.003976
v -0.048942 0.021597 0.000038
v -0.049631 0.021597 -0.003900
v -0.051678 0.021597 -0.007264
v -0.054644 0.021597 -0.009679
v -0.058429 0.021597 -0.010953
v -0.062432 0.021597 -0.010795
v -0.066112 0.021597 -0.009225
v -0.068994 0.021597 -0.006449
v -0.070708 0.021597 -0.002785
v 0.051143 0.019848 0.001742
v 0.050999 0.019848 0.000000
v 0.051880 0.019848 0.003888
v 0.052719 0.019848 0.005291
v 0.053921 0.019848 0.006638
v 0.055222 0.019848 0.007628
v 0.056839 0.019848 0.008428
v 0.058418 0.019848 0.008860
v 0.060215 0.019848 0.008997
v 0.061840 0.019848 0.008809
v 0.063557 0.019848 0.008266
v 0.064999 0.019848 0.007484
v 0.066387 0.019848 0.006339
v 0.067425 0.019848 0.005079
v 0.068287 0.019848 0.003500
v 0.068821 0.019848 0.001787
v 0.068996 0.019848 0.000000
v 0.068849 0.019858 -0.001760
v 0.068119 0.019848 -0.003879
v 0.067287 0.019848 -0.005283
v 0.066082 0.019848 -0.006632
v 0.064777 0.019848 -0.007623
v 0.063168 0.019848 -0.008425
v 0.061588 0.019848 -0.008858
v 0.059795 0.019848 -0.008997
v 0.058167 0.019848 -0.008811
v 0.056450 0.019848 -0.008270
v 0.055012 0.019848 -0.007491
v 0.053619 0.019848 -0.006349
v 0.052574 0.019848 -0.005089
v 0.051712 0.019848 -0.003509
v 0.051178 0.019848 -0.001790
v 0.068314 0.021597 -0.007275
v 0.066067 0.021597 -0.009197
v 0.069927 0.021597 -0.004781
v 0.063524 0.021597 -0.010487
v 0.070869 0.021597 -0.002062
v 0.059559 0.021597 -0.011056
v 0.070877 0.021597 0.002033
v 0.069435 0.021597 0.005775
v 0.066772 0.021597 0.008747
v 0.063415 0.021597 0.010506
v 0.059640 0.021597 0.011058
v 0.048972 0.021597 -0.000856
v 0.049987 0.021597 -0.004713
v 0.049335 0.021597 0.002932
v 0.052324 0.021597 -0.007972
v 0.050537 0.021597 0.005652
v 0.052385 0.021597 0.008030
v 0.055729 0.021597 0.010208
v 0.055649 0.021597 -0.010175
v 0.001923 -0.014495 -0.003861
v 0.001502 -0.014542 -0.004165
v 0.001288 -0.014490 -0.002662
v 0.000881 -0.014491 -0.002384
v 0.000210 -0.014538 -0.002597
v 0.000439 -0.014488 -0.002210
v -0.002023 -0.014488 -0.004182
v 0.000483 -0.020925 -0.005482
v 0.001108 -0.020952 -0.005118
v 0.001068 -0.020908 -0.005088
v 0.001475 -0.020952 -0.004281
v 0.000470 -0.020952 -0.005546
v 0.001362 -0.020953 -0.004033
v -0.000612 -0.020953 -0.005419
v -0.000274 -0.020952 -0.005615
v 0.001317 -0.020952 -0.003449
v -0.000933 -0.020952 -0.005337
v 0.001054 -0.020918 -0.003160
v 0.000821 -0.020952 -0.002872
v -0.001300 -0.020920 -0.004862
v 0.000382 -0.020953 -0.002790
v -0.001555 -0.020952 -0.004232
v -0.000061 -0.020952 -0.002604
v -0.001424 -0.020952 -0.004007
v -0.000817 -0.020939 -0.002866
v -0.001355 -0.020952 -0.003394
v -0.001123 -0.020916 -0.003160
v 0.000840 -0.014424 -0.005374
v 0.001698 -0.014417 -0.004989
v 0.000702 -0.014424 -0.005907
v 0.001303 -0.014396 -0.004822
v 0.000153 -0.014421 -0.005635
v 0.001478 -0.014408 -0.004122
v 0.001843 -0.014455 -0.003867
v -0.000213 -0.014412 -0.006053
v -0.000566 -0.014409 -0.005539
v 0.001279 -0.014436 -0.003274
v -0.001058 -0.014411 -0.005770
v 0.001126 -0.014421 -0.002573
v -0.001152 -0.014407 -0.005142
v -0.001679 -0.014418 -0.005146
v 0.000501 -0.014407 -0.002706
v -0.001612 -0.014453 -0.004409
v -0.000139 -0.014454 -0.002248
v -0.001965 -0.014411 -0.004306
v -0.000489 -0.014453 -0.002581
v -0.001405 -0.014453 -0.003290
v -0.001846 -0.014411 -0.003428
v -0.001354 -0.014416 -0.002703
v -0.000410 -0.014497 -0.002168
v 0.000238 -0.014129 -0.002153
v -0.000689 -0.014129 -0.002245
v -0.001210 -0.014499 -0.002521
v -0.001462 -0.014131 -0.002738
v -0.001832 -0.014497 -0.003246
v -0.001821 -0.014132 -0.003274
v -0.002014 -0.014123 -0.003903
v -0.001920 -0.014131 -0.004771
v -0.001800 -0.014481 -0.005058
v -0.001397 -0.014130 -0.005580
v -0.001201 -0.014490 -0.005743
v -0.000557 -0.014128 -0.006049
v -0.000532 -0.014498 -0.006038
v 0.000224 -0.014495 -0.006100
v 0.000232 -0.014137 -0.006082
v 0.001007 -0.014132 -0.005819
v 0.001166 -0.014489 -0.005719
v 0.001685 -0.014133 -0.005123
v 0.001642 -0.014496 -0.005174
v 0.001924 -0.014483 -0.004527
v 0.001912 -0.014134 -0.004441
v 0.001912 -0.014129 -0.003705
v 0.001719 -0.014490 -0.003166
v 0.001483 -0.014130 -0.002836
v 0.000940 -0.014127 -0.002403
v -0.000649 -0.014356 -0.002260
v 0.000247 -0.014359 -0.002183
v 0.001259 -0.014352 -0.005582
v 0.001921 -0.014365 -0.004115
v 0.001717 -0.014350 -0.003234
v -0.000550 -0.014536 -0.002677
v -0.001138 -0.014538 -0.003050
v -0.001425 -0.014540 -0.003484
v -0.001575 -0.014539 -0.004065
v -0.001412 -0.014540 -0.004795
v -0.001063 -0.014533 -0.005265
v -0.000611 -0.014551 -0.005533
v 0.000087 -0.014544 -0.005651
v 0.000639 -0.014542 -0.005490
v 0.001040 -0.014539 -0.005216
v 0.001336 -0.014540 -0.004804
v 0.001330 -0.014550 -0.003433
v 0.001000 -0.014532 -0.002972
v -0.000207 -0.020861 -0.005592
v -0.000853 -0.020858 -0.005360
v -0.001531 -0.020858 -0.003948
v -0.000562 -0.020844 -0.002730
v 0.000349 -0.020856 -0.002671
v 0.001410 -0.020856 -0.003765
v 0.001402 -0.020851 -0.004503
v -0.000341 -0.014351 -0.002652
v -0.001148 -0.014354 -0.003133
v -0.001466 -0.014345 -0.003745
v -0.001480 -0.014356 -0.004457
v 0.000517 -0.014353 -0.005499
v 0.001077 -0.014351 -0.003130
v -0.000434 -0.008852 -0.001777
v -0.000434 -0.006852 -0.001878
v -0.000434 -0.008852 -0.001980
v 0.000365 -0.008852 -0.001878
v 0.000389 -0.006852 -0.001727
v 0.000366 -0.006852 -0.001980
v -0.001147 -0.006852 -0.002231
v -0.001230 -0.008852 -0.002283
v -0.001910 -0.006852 -0.002983
v -0.002106 -0.008852 -0.003322
v -0.002226 -0.006852 -0.004005
v -0.002167 -0.008852 -0.004640
v -0.001924 -0.006852 -0.005290
v -0.001669 -0.008852 -0.005586
v -0.000491 -0.006852 -0.006422
v -0.000509 -0.008852 -0.006293
v -0.000352 -0.006852 -0.006294
v 0.000713 -0.006852 -0.006187
v 0.001077 -0.008852 -0.006046
v 0.001778 -0.006852 -0.005408
v 0.001458 -0.008852 -0.005930
v 0.002183 -0.008852 -0.004257
v 0.002161 -0.006852 -0.004104
v 0.001890 -0.006852 -0.003067
v 0.001841 -0.008852 -0.002983
v 0.001162 -0.006852 -0.002283
v 0.001080 -0.008852 -0.002232
v 0.001400 -0.006852 -0.006042
v 0.002140 -0.006852 -0.005130
v 0.000316 -0.006852 -0.006493
v 0.002349 -0.006852 -0.003730
v -0.001381 -0.006852 -0.006104
v 0.001702 -0.006852 -0.002472
v -0.002161 -0.006852 -0.005226
v -0.002406 -0.006852 -0.004323
v -0.002347 -0.006852 -0.003496
v -0.000997 -0.006852 -0.001946
v -0.001770 -0.006852 -0.002471
v 0.000785 -0.008852 -0.006375
v 0.002093 -0.008852 -0.005226
v -0.000384 -0.008852 -0.006493
v 0.002367 -0.008852 -0.004029
v 0.002000 -0.008852 -0.002856
v -0.001468 -0.008852 -0.006042
v 0.001152 -0.008852 -0.002041
v -0.002025 -0.008852 -0.005427
v -0.002389 -0.008852 -0.004565
v -0.002383 -0.008852 -0.003736
v -0.002068 -0.008852 -0.002855
v -0.001264 -0.008852 -0.002073
v 0.000405 -0.008043 -0.004032
v 0.000443 -0.010042 -0.004026
v 0.000488 -0.008002 -0.004199
v 0.000435 -0.010042 -0.004223
v 0.000258 -0.010042 -0.004121
v 0.000209 -0.008253 -0.003990
v 0.000298 -0.008058 -0.004226
v 0.000051 -0.011245 -0.004419
v -0.000034 -0.011408 -0.004123
v -0.000332 -0.011247 -0.004155
v -0.000087 -0.011243 -0.003834
v 0.000236 -0.011250 -0.004015
v -0.000291 -0.008252 -0.004240
v -0.000514 -0.010042 -0.004218
v -0.000325 -0.010042 -0.004122
v -0.000486 -0.008050 -0.004217
v -0.000481 -0.008043 -0.004027
v -0.000288 -0.008260 -0.004008
v -0.000098 -0.008064 -0.003768
v 0.000294 -0.008048 -0.003828
v 0.000307 -0.008048 -0.004410
v -0.000098 -0.008051 -0.004569
v -0.000141 -0.008047 -0.003614
v -0.000504 -0.010042 -0.004023
v -0.001878 -0.006663 -0.004623
v -0.001936 -0.006634 -0.004273
v -0.001583 -0.006865 -0.005242
v -0.001558 -0.006597 -0.005276
v -0.001104 -0.006734 -0.005677
v -0.000854 -0.006633 -0.005866
v -0.000246 -0.006876 -0.006018
v 0.000320 -0.006649 -0.006004
v 0.000787 -0.006634 -0.005845
v 0.001447 -0.006639 -0.005342
v 0.001047 -0.006634 -0.005695
v 0.001712 -0.006876 -0.004888
v 0.001875 -0.006651 -0.004281
v -0.001134 -0.006633 -0.002541
v -0.001569 -0.006876 -0.002992
v -0.001840 -0.006649 -0.003489
v -0.001936 -0.006634 -0.003973
v 0.000416 -0.007954 -0.004543
v 0.000580 -0.007951 -0.004698
v 0.000788 -0.007952 -0.004123
v -0.000257 -0.007950 -0.004943
v -0.000306 -0.007955 -0.004668
v 0.000452 -0.007948 -0.003399
v 0.000234 -0.007955 -0.003579
v -0.000881 -0.007950 -0.004227
v -0.000630 -0.007953 -0.004146
v -0.000519 -0.007952 -0.003434
v -0.000390 -0.007954 -0.003640
v 0.001762 -0.006639 -0.003450
v 0.001846 -0.006734 -0.003973
v 0.001501 -0.006876 -0.002993
v 0.001058 -0.006651 -0.002548
v -0.001715 -0.006303 -0.005364
v -0.001198 -0.006303 -0.005838
v -0.002127 -0.006303 -0.004277
v 0.001881 -0.006303 -0.004960
v 0.002034 -0.006303 -0.004273
v 0.001146 -0.006303 -0.005858
v -0.001487 -0.007136 -0.005191
v -0.001833 -0.007196 -0.004290
v 0.001750 -0.007155 -0.004273
v 0.001617 -0.007136 -0.004848
v 0.001010 -0.007196 -0.005597
v -0.002127 -0.006303 -0.003968
v -0.001715 -0.006303 -0.002881
v -0.001198 -0.006303 -0.002407
v 0.001146 -0.006303 -0.002388
v 0.001881 -0.006303 -0.003286
v 0.002034 -0.006303 -0.003973
v -0.000268 -0.006303 -0.002046
v -0.000938 -0.006303 -0.002257
v -0.000387 -0.006649 -0.002242
v 0.000786 -0.006633 -0.002380
v 0.000878 -0.006303 -0.002233
v -0.001833 -0.007196 -0.003956
v -0.001488 -0.007136 -0.003055
v -0.001056 -0.007155 -0.002653
v 0.001010 -0.007196 -0.002648
v 0.001617 -0.007136 -0.003398
v -0.000845 -0.006734 -0.002419
v -0.000232 -0.007136 -0.002330
v 0.000177 -0.006876 -0.002228
v 0.000721 -0.007196 -0.002481
v -0.002181 -0.006315 -0.005142
v -0.001350 -0.006348 -0.006102
v -0.002408 -0.006347 -0.004273
v -0.000227 -0.006315 -0.006492
v 0.000878 -0.006303 -0.006012
v 0.001022 -0.006348 -0.006252
v -0.000269 -0.006303 -0.006199
v -0.000938 -0.006303 -0.005989
v -0.001091 -0.006347 -0.006254
v 0.001875 -0.006316 -0.005527
v 0.001282 -0.006348 -0.006102
v 0.002340 -0.006347 -0.004273
v -0.001855 -0.007952 -0.004273
v -0.001602 -0.007847 -0.005028
v -0.001074 -0.007953 -0.005625
v -0.000815 -0.007952 -0.005774
v -0.000233 -0.007136 -0.005915
v -0.000796 -0.007155 -0.005743
v -0.000232 -0.007851 -0.005908
v 0.000425 -0.008027 -0.005920
v 0.000720 -0.007196 -0.005764
v 0.000746 -0.007952 -0.005774
v 0.001006 -0.007953 -0.005624
v 0.001268 -0.008024 -0.005444
v 0.001610 -0.007851 -0.004845
v 0.001786 -0.007952 -0.004273
v -0.002182 -0.006315 -0.003104
v -0.002408 -0.006347 -0.003973
v -0.001350 -0.006348 -0.002144
v 0.002137 -0.006316 -0.003171
v 0.002338 -0.006348 -0.003973
v 0.001282 -0.006347 -0.002142
v 0.000226 -0.006316 -0.001767
v 0.001022 -0.006348 -0.001993
v -0.001091 -0.006347 -0.001992
v -0.001074 -0.007953 -0.002621
v -0.001602 -0.007847 -0.003218
v -0.001855 -0.007953 -0.003973
v 0.001786 -0.007953 -0.003973
v 0.001610 -0.007851 -0.003401
v 0.001269 -0.008024 -0.002803
v 0.001006 -0.007952 -0.002621
v -0.001961 -0.006395 -0.005571
v 0.000256 -0.006395 -0.006515
v 0.002175 -0.006386 -0.005078
v -0.001791 -0.008147 -0.004878
v -0.001430 -0.008155 -0.005412
v -0.000263 -0.008143 -0.006020
v 0.001722 -0.008147 -0.004879
v -0.001961 -0.006395 -0.002675
v 0.001897 -0.006386 -0.002687
v -0.001430 -0.008155 -0.002833
v -0.001792 -0.008148 -0.003368
v 0.000470 -0.011303 -0.005021
v 0.001388 -0.011303 -0.005404
v 0.000969 -0.011303 -0.004392
v 0.001879 -0.011302 -0.004386
v 0.000410 -0.011303 -0.006012
v -0.000136 -0.011303 -0.005139
v 0.001677 -0.011303 -0.003259
v -0.000731 -0.011303 -0.005903
v 0.000858 -0.011303 -0.003602
v -0.000789 -0.011303 -0.004862
v -0.001456 -0.011303 -0.005404
v 0.001051 -0.011302 -0.002550
v 0.000252 -0.011303 -0.003123
v -0.001948 -0.011302 -0.004386
v -0.000043 -0.011303 -0.002175
v -0.001061 -0.011303 -0.003988
v -0.000616 -0.011303 -0.003253
v -0.001811 -0.011303 -0.003449
v -0.001322 -0.011303 -0.002683
v 0.001723 -0.008148 -0.003367
v -0.002269 -0.006802 -0.005035
v -0.002279 -0.006802 -0.004273
v -0.001412 -0.006802 -0.006140
v -0.000362 -0.006802 -0.006515
v -0.001027 -0.006802 -0.006142
v 0.001024 -0.006802 -0.006325
v 0.001873 -0.006802 -0.005603
v 0.001293 -0.006802 -0.006122
v 0.002402 -0.006802 -0.004307
v -0.001412 -0.006802 -0.002105
v -0.002269 -0.006802 -0.003210
v -0.002429 -0.006802 -0.003973
v 0.002201 -0.006802 -0.003211
v 0.002211 -0.006802 -0.003973
v 0.001344 -0.006802 -0.002105
v -0.002204 -0.009402 -0.004273
v -0.002207 -0.010702 -0.004270
v -0.001932 -0.010702 -0.004271
v -0.002429 -0.008902 -0.004273
v -0.002470 -0.009402 -0.004307
v -0.002245 -0.008902 -0.004283
v -0.001274 -0.006802 -0.005963
v -0.002036 -0.006802 -0.004993
v -0.001269 -0.009402 -0.005951
v -0.001400 -0.008902 -0.006153
v -0.001249 -0.008902 -0.005927
v -0.001362 -0.009402 -0.006122
v -0.001111 -0.010702 -0.005688
v -0.001249 -0.010702 -0.005927
v -0.000989 -0.009402 -0.006077
v -0.001001 -0.008902 -0.006118
v -0.001102 -0.008902 -0.006272
v -0.001092 -0.009402 -0.006325
v -0.000854 -0.010702 -0.005840
v -0.000993 -0.010702 -0.006078
v 0.000939 -0.006802 -0.006116
v -0.000283 -0.006802 -0.006292
v 0.000936 -0.009402 -0.006116
v 0.001041 -0.008902 -0.006321
v 0.000921 -0.008902 -0.006077
v 0.001034 -0.009402 -0.006272
v 0.000786 -0.010702 -0.005840
v 0.000924 -0.010702 -0.006078
v 0.001206 -0.006802 -0.005963
v 0.001200 -0.009402 -0.005951
v 0.001181 -0.008902 -0.005927
v 0.001332 -0.008902 -0.006153
v 0.001293 -0.009402 -0.006122
v 0.001043 -0.010702 -0.005688
v 0.001181 -0.010702 -0.005927
v 0.001990 -0.006802 -0.004952
v 0.002136 -0.006802 -0.004273
v 0.002136 -0.009402 -0.004273
v 0.001863 -0.010702 -0.004271
v 0.002139 -0.010702 -0.004270
v 0.002361 -0.008902 -0.004273
v 0.002402 -0.009402 -0.004307
v 0.002177 -0.008902 -0.004283
v -0.002247 -0.006802 -0.003969
v -0.001789 -0.006802 -0.002824
v -0.001249 -0.006802 -0.002319
v -0.002204 -0.009402 -0.003973
v -0.001928 -0.010702 -0.003973
v -0.002204 -0.010702 -0.003973
v -0.002354 -0.008902 -0.003973
v -0.002470 -0.009402 -0.003938
v -0.001362 -0.009402 -0.002123
v -0.001277 -0.008902 -0.002286
v -0.001412 -0.008902 -0.002105
v -0.001270 -0.009402 -0.002296
v -0.001111 -0.010702 -0.002557
v -0.001249 -0.010702 -0.002319
v 0.002136 -0.009402 -0.003973
v 0.002136 -0.010702 -0.003973
v 0.001860 -0.010702 -0.003973
v 0.002178 -0.008902 -0.003965
v 0.002407 -0.009402 -0.003955
v 0.002361 -0.008902 -0.003973
v 0.001968 -0.006802 -0.003254
v 0.001206 -0.006802 -0.002283
v 0.001293 -0.009402 -0.002123
v 0.001344 -0.008902 -0.002105
v 0.001181 -0.008902 -0.002319
v 0.001201 -0.009402 -0.002296
v 0.001044 -0.010702 -0.002554
v 0.001181 -0.010702 -0.002319
v 0.000959 -0.006802 -0.002103
v 0.001041 -0.009402 -0.001925
v 0.000935 -0.008902 -0.002128
v 0.001034 -0.008902 -0.001973
v 0.000921 -0.009402 -0.002169
v 0.000746 -0.007951 -0.002471
v 0.000783 -0.010702 -0.002407
v 0.000924 -0.010702 -0.002167
v 0.000293 -0.006802 -0.001731
v 0.000213 -0.006802 -0.001954
v -0.001007 -0.006802 -0.002129
v -0.001092 -0.006802 -0.001920
v -0.001032 -0.009402 -0.002094
v -0.001092 -0.008902 -0.001920
v -0.000989 -0.008902 -0.002169
v -0.000819 -0.007939 -0.002450
v -0.000854 -0.010702 -0.002405
v -0.000992 -0.010702 -0.002167
v -0.001766 -0.008902 -0.005459
v 0.000259 -0.008902 -0.006290
v 0.001720 -0.008902 -0.005422
v -0.002058 -0.008902 -0.003291
v 0.001696 -0.008902 -0.002785
v -0.002245 -0.008902 -0.005079
v -0.000311 -0.008902 -0.006516
v 0.002177 -0.008902 -0.005079
v -0.002245 -0.008902 -0.003166
v 0.002177 -0.008902 -0.003167
v 0.000243 -0.008902 -0.001730
v -0.000327 -0.008902 -0.001955
v -0.001942 -0.009402 -0.005602
v 0.000293 -0.009402 -0.006515
v 0.001873 -0.009402 -0.005603
v -0.001968 -0.009402 -0.002686
v 0.001873 -0.009402 -0.002643
v -0.002055 -0.009402 -0.004968
v -0.000326 -0.009402 -0.006291
v 0.001987 -0.009402 -0.004966
v -0.002055 -0.009402 -0.003279
v 0.001988 -0.009402 -0.003281
v 0.000139 -0.009402 -0.001920
v -0.000362 -0.009402 -0.001731
v 0.001592 -0.010902 -0.005592
v 0.001978 -0.010902 -0.005875
v 0.002564 -0.010902 -0.004729
v 0.000762 -0.010902 -0.006161
v 0.000934 -0.010902 -0.006610
v 0.002155 -0.010901 -0.004425
v 0.002545 -0.010902 -0.003440
v -0.000542 -0.010902 -0.006285
v -0.000336 -0.010902 -0.006776
v 0.001999 -0.010902 -0.003351
v -0.001546 -0.010902 -0.006323
v 0.001928 -0.010902 -0.002314
v 0.001592 -0.010902 -0.002653
v -0.001660 -0.010902 -0.005592
v -0.002398 -0.010902 -0.005363
v 0.000858 -0.010902 -0.001609
v 0.000762 -0.010902 -0.002085
v -0.002224 -0.010901 -0.004424
v -0.002665 -0.010902 -0.004442
v -0.000404 -0.010902 -0.001480
v -0.000307 -0.010902 -0.001942
v -0.002625 -0.010902 -0.003485
v -0.002068 -0.010902 -0.003351
v -0.001266 -0.010902 -0.001776
v -0.001508 -0.010902 -0.002474
v -0.002047 -0.010902 -0.002370
v -0.000126 -0.020952 -0.004186
v 0.000063 -0.020961 -0.004171
v -0.000060 -0.020959 -0.004019
v 0.000174 -0.017622 -0.004302
v 0.000392 -0.017624 -0.004567
v -0.000289 -0.017622 -0.004707
v 0.000580 -0.017626 -0.004071
v -0.000158 -0.017622 -0.004352
v 0.000091 -0.017621 -0.003875
v 0.000310 -0.017625 -0.003609
v -0.000290 -0.017622 -0.004049
v -0.000657 -0.017626 -0.004105
v -0.000346 -0.017623 -0.003575
v 0.001979 -0.006230 -0.006471
v 0.001337 -0.006232 -0.006512
v 0.001370 -0.006238 -0.006881
v 0.002854 -0.006230 -0.005224
v -0.000077 -0.006232 -0.007217
v 0.002981 -0.006204 -0.004079
v 0.002850 -0.006235 -0.002993
v -0.001505 -0.006232 -0.006848
v 0.002498 -0.006230 -0.002346
v -0.001552 -0.006227 -0.006395
v -0.002605 -0.006229 -0.005844
v -0.002047 -0.006235 -0.005969
v 0.002009 -0.006232 -0.001803
v 0.001412 -0.006225 -0.001412
v -0.003096 -0.006229 -0.004514
v 0.000709 -0.006228 -0.001143
v -0.002771 -0.006230 -0.003832
v -0.000024 -0.006228 -0.001047
v -0.000838 -0.006218 -0.001157
v -0.002912 -0.006230 -0.002994
v -0.001990 -0.006244 -0.001735
v -0.002555 -0.006241 -0.002327
v 0.000525 -0.017731 -0.004577
v 0.000797 -0.017732 -0.004858
v 0.000202 -0.017732 -0.005214
v 0.001077 -0.017732 -0.004228
v -0.000159 -0.017729 -0.004837
v 0.000665 -0.017731 -0.003943
v -0.000700 -0.017732 -0.005043
v 0.000864 -0.017732 -0.003455
v 0.000205 -0.017732 -0.003437
v -0.000651 -0.017732 -0.004464
v 0.000092 -0.017732 -0.002999
v -0.001115 -0.017732 -0.004364
v -0.000735 -0.017731 -0.003945
v -0.001090 -0.017732 -0.003755
v -0.000384 -0.017732 -0.003502
v -0.000665 -0.017732 -0.003209
v 0.000653 -0.020952 -0.005111
v 0.001140 -0.020951 -0.004534
v 0.000150 -0.020951 -0.005287
v 0.001044 -0.020952 -0.004388
v -0.000442 -0.020952 -0.005180
v 0.001115 -0.020952 -0.003643
v 0.000994 -0.020952 -0.003674
v -0.000643 -0.020951 -0.005212
v 0.000489 -0.020952 -0.002987
v 0.000359 -0.020952 -0.003063
v -0.001112 -0.020951 -0.004603
v -0.001261 -0.020951 -0.003931
v -0.001145 -0.020952 -0.004020
v -0.000379 -0.020952 -0.002928
v -0.000939 -0.020952 -0.003285
v -0.000685 -0.020952 -0.003183
v 0.002248 -0.011237 -0.006466
v 0.003902 -0.011240 -0.006866
v 0.002209 -0.011257 -0.008333
v 0.002880 -0.011239 -0.005551
v 0.001188 -0.011272 -0.007273
v 0.001103 -0.011247 -0.008753
v 0.004721 -0.011235 -0.004785
v 0.000404 -0.011272 -0.007473
v -0.000086 -0.011246 -0.008900
v 0.003397 -0.011286 -0.003680
v 0.004731 -0.011228 -0.003482
v -0.000405 -0.011272 -0.007482
v -0.001175 -0.011239 -0.008768
v -0.001192 -0.011266 -0.007272
v -0.002154 -0.011230 -0.008414
v 0.004409 -0.011231 -0.002297
v 0.002931 -0.011272 -0.002502
v -0.002050 -0.011238 -0.006670
v -0.003143 -0.011238 -0.007764
v 0.003845 -0.011232 -0.001290
v 0.002460 -0.011272 -0.001843
v 0.003052 -0.011231 -0.000443
v 0.001380 -0.011235 -0.001196
v -0.002998 -0.011237 -0.005451
v -0.004511 -0.011243 -0.005853
v 0.002082 -0.011231 0.000189
v -0.003272 -0.011228 -0.004471
v 0.000987 -0.011226 0.000571
v 0.000227 -0.011236 -0.000866
v -0.004806 -0.011227 -0.003631
v -0.003111 -0.011236 -0.003079
v -0.000167 -0.011230 0.000677
v -0.004571 -0.011233 -0.002550
v -0.001324 -0.011227 0.000501
v -0.001497 -0.011226 -0.001221
v -0.004062 -0.011233 -0.001510
v -0.002263 -0.011236 -0.001758
v -0.003259 -0.011242 -0.000567
v 0.000959 -0.021452 -0.004898
v 0.001023 -0.021452 -0.005442
v 0.000130 -0.021452 -0.005788
v 0.001520 -0.021452 -0.004712
v 0.000038 -0.021451 -0.005374
v 0.001196 -0.021452 -0.004123
v 0.001633 -0.021452 -0.003889
v -0.000867 -0.021452 -0.005596
v 0.001009 -0.021452 -0.003439
v -0.000975 -0.021451 -0.004976
v 0.001083 -0.021453 -0.002839
v -0.001532 -0.021452 -0.004868
v 0.000252 -0.021452 -0.002906
v -0.001272 -0.021451 -0.003869
v -0.000065 -0.021452 -0.002440
v -0.001707 -0.021452 -0.004087
v -0.000642 -0.021452 -0.003040
v -0.001498 -0.021452 -0.003313
v -0.000954 -0.021452 -0.002725
v -0.005984 -0.010455 -0.001527
v -0.005871 -0.010394 -0.001414
v -0.005834 -0.010397 -0.001706
v -0.006111 -0.010416 -0.001311
v -0.006134 -0.010405 -0.002524
v -0.005984 -0.010389 -0.002523
v 0.001024 -0.015833 -0.005652
v 0.001749 -0.015833 -0.006747
v 0.002767 -0.015833 -0.005612
v 0.001626 -0.015833 -0.004948
v 0.003138 -0.015833 -0.004133
v 0.000190 -0.015833 -0.005959
v 0.000317 -0.015833 -0.007276
v 0.001821 -0.015833 -0.003898
v 0.002786 -0.015833 -0.002672
v -0.000653 -0.015833 -0.005871
v -0.001194 -0.015833 -0.007076
v 0.001380 -0.015833 -0.002923
v -0.001544 -0.015833 -0.005236
v -0.002438 -0.015833 -0.006194
v 0.001802 -0.015833 -0.001539
v 0.000625 -0.015833 -0.002384
v -0.003126 -0.015833 -0.004832
v -0.001888 -0.015833 -0.004163
v 0.000404 -0.015833 -0.000983
v -0.000298 -0.015833 -0.002287
v -0.003099 -0.015833 -0.003308
v -0.001695 -0.015833 -0.003297
v -0.001094 -0.015833 -0.001134
v -0.001121 -0.015833 -0.002620
v -0.002365 -0.015833 -0.001973
v -0.001010 -0.019150 -0.000484
v 0.007699 -0.010396 -0.004924
v 0.007174 -0.010405 -0.005283
v 0.008001 -0.010398 -0.004322
v 0.006611 -0.010396 -0.005344
v 0.007899 -0.010396 -0.003629
v 0.007519 -0.010400 -0.003145
v 0.003662 -0.010368 -0.007382
v 0.002248 -0.010367 -0.008471
v 0.004774 -0.010372 -0.005322
v 0.005983 -0.010408 -0.005080
v 0.005607 -0.010399 -0.004549
v 0.000562 -0.010369 -0.009014
v 0.006878 -0.010396 -0.002888
v 0.005554 -0.010401 -0.003912
v 0.004853 -0.010360 -0.003512
v 0.005836 -0.010403 -0.003307
v -0.001207 -0.010372 -0.008880
v 0.004555 -0.010364 -0.002353
v 0.006300 -0.010405 -0.002986
v -0.002829 -0.010371 -0.008173
v -0.002070 -0.010392 -0.009967
v 0.004016 -0.010369 -0.001349
v -0.004061 -0.010355 -0.006953
v 0.002005 -0.010392 0.001720
v 0.002752 -0.010369 -0.000060
v 0.000593 -0.010370 0.000791
v -0.005891 -0.010397 -0.004913
v -0.004830 -0.010372 -0.005269
v -0.006425 -0.010399 -0.005286
v -0.005660 -0.010404 -0.004497
v -0.005618 -0.010398 -0.003908
v -0.004831 -0.010372 -0.002984
v -0.006981 -0.010400 -0.005343
v -0.007530 -0.010399 -0.005138
v -0.005781 -0.010403 -0.003502
v -0.001135 -0.010356 0.000673
v -0.006089 -0.010397 -0.003140
v -0.007973 -0.010398 -0.004621
v -0.002311 -0.010372 0.000216
v -0.006662 -0.010398 -0.002900
v -0.003193 -0.010362 -0.000357
v -0.004027 -0.010366 -0.001266
v -0.007232 -0.010400 -0.002956
v -0.008049 -0.010398 -0.003912
v -0.007758 -0.010398 -0.003292
v -0.008714 -0.010394 -0.001803
v -0.008644 -0.010391 -0.006494
v -0.009469 -0.010395 -0.005550
v -0.009830 -0.010395 -0.004167
v -0.009513 -0.010395 -0.002781
v 0.002123 -0.010393 -0.009923
v 0.000604 -0.010396 -0.010265
v -0.000603 -0.010396 -0.010272
v 0.008645 -0.010388 -0.006439
v 0.008577 -0.010392 -0.001752
v 0.009200 -0.010396 -0.002412
v 0.009665 -0.010397 -0.003364
v 0.009688 -0.010397 -0.004791
v 0.009236 -0.010395 -0.005782
v -0.002191 -0.010392 0.001677
v -0.000675 -0.010396 0.002020
v 0.000535 -0.010396 0.002027
v 0.000934 -0.019135 0.000616
v 0.000940 -0.017147 0.002100
v 0.000925 -0.016165 0.002114
v 0.000943 -0.016149 0.000539
v -0.001003 -0.017147 0.002108
v -0.001002 -0.019134 0.000616
v -0.000998 -0.016172 0.002107
v -0.001012 -0.016148 0.000531
v 0.000935 -0.012973 0.000511
v -0.001009 -0.012973 0.000501
v 0.003662 -0.023694 -0.003519
v 0.003190 -0.023696 -0.002180
v 0.001971 -0.023695 -0.000935
v 0.000814 -0.023695 -0.000476
v -0.000498 -0.023687 -0.000386
v -0.002039 -0.023695 -0.000935
v -0.003259 -0.023696 -0.002180
v -0.003733 -0.023699 -0.003538
v 0.000966 -0.012973 -0.000509
v 0.000942 -0.019146 -0.000477
v -0.001034 -0.012973 -0.000509
v -0.008643 -0.012953 -0.001750
v -0.002073 -0.012955 0.001719
v -0.008712 -0.012953 -0.006442
v -0.009306 -0.012943 -0.005785
v -0.009755 -0.012948 -0.004792
v -0.009785 -0.012949 -0.003736
v -0.009471 -0.012948 -0.002698
v -0.002194 -0.012952 -0.009921
v 0.002005 -0.012953 -0.009965
v 0.000534 -0.012949 -0.010272
v -0.000674 -0.012949 -0.010265
v 0.008578 -0.012952 -0.006494
v 0.008644 -0.012954 -0.001804
v 0.009445 -0.012949 -0.002781
v 0.009761 -0.012950 -0.004173
v 0.009402 -0.012947 -0.005550
v 0.002140 -0.012955 0.001670
v -0.000601 -0.012949 0.002026
v 0.000610 -0.012944 0.002022
v 0.002288 -0.023683 -0.006656
v 0.002976 -0.023694 -0.006347
v 0.003408 -0.023693 -0.005590
v 0.002376 -0.023694 -0.006986
v 0.003210 -0.023682 -0.005259
v 0.000868 -0.023685 -0.007433
v 0.001644 -0.023695 -0.007469
v 0.003663 -0.023698 -0.004688
v 0.000818 -0.023695 -0.007768
v 0.003375 -0.023687 -0.004105
v -0.000400 -0.023685 -0.007513
v -0.000053 -0.023695 -0.007866
v 0.003118 -0.023686 -0.002779
v -0.001282 -0.023688 -0.007674
v -0.003189 -0.023687 -0.005460
v -0.003729 -0.023697 -0.004725
v -0.000105 -0.023683 -0.000691
v -0.003444 -0.023680 -0.003750
v -0.002888 -0.023681 -0.002214
v -0.001675 -0.023681 -0.001109
v 0.007945 -0.012947 -0.004514
v 0.007964 -0.012949 -0.003823
v 0.007415 -0.012944 -0.003064
v 0.006609 -0.012943 -0.002892
v 0.002673 -0.012972 -0.006751
v 0.001661 -0.012973 -0.007468
v 0.003621 -0.012972 -0.005116
v 0.000328 -0.012973 -0.007878
v 0.005537 -0.012947 -0.003986
v 0.003609 -0.012971 -0.003158
v -0.000906 -0.012973 -0.007770
v -0.002187 -0.012973 -0.007221
v 0.002819 -0.012973 -0.001655
v -0.003310 -0.012973 -0.005978
v 0.001755 -0.012973 -0.000827
v -0.005679 -0.012941 -0.004582
v -0.003734 -0.012973 -0.004733
v -0.003676 -0.012972 -0.003156
v -0.001823 -0.012973 -0.000827
v -0.005849 -0.012944 -0.003383
v -0.006516 -0.012973 -0.002818
v -0.002888 -0.012973 -0.001655
v -0.003478 -0.023694 -0.005591
v -0.002720 -0.023695 -0.006762
v 0.000064 -0.008260 -0.004400
v -0.000135 -0.008152 -0.003106
v -0.000794 -0.008146 -0.003405
v -0.001069 -0.008159 -0.004205
v -0.000813 -0.008152 -0.004783
v -0.000314 -0.008150 -0.005114
v 0.000323 -0.008154 -0.005083
v 0.000845 -0.008147 -0.004672
v 0.000981 -0.008156 -0.003929
v 0.000536 -0.008142 -0.003255
v 0.000166 -0.007844 -0.002338
v -0.000311 -0.006386 -0.001732
v 0.000113 -0.008156 -0.002200
v -0.000381 -0.012273 -0.001451
v -0.001274 -0.012243 -0.001743
v -0.002031 -0.012254 -0.002304
v -0.002552 -0.012273 -0.003187
v -0.002735 -0.012270 -0.004241
v -0.002417 -0.012264 -0.005386
v -0.001875 -0.012270 -0.006077
v -0.001349 -0.012270 -0.006464
v -0.000473 -0.012274 -0.006787
v 0.000837 -0.012277 -0.006671
v 0.001708 -0.012275 -0.006152
v 0.002337 -0.012276 -0.005407
v 0.002626 -0.012248 -0.004458
v 0.002632 -0.012247 -0.003822
v 0.002478 -0.012246 -0.003182
v 0.002175 -0.012246 -0.002604
v 0.001740 -0.012246 -0.002112
v 0.001204 -0.012244 -0.001746
v 0.000582 -0.012243 -0.001517
v -0.000161 -0.020648 -0.004360
v -0.000289 -0.020654 -0.004104
v -0.000102 -0.020665 -0.003870
v 0.000189 -0.020636 -0.003980
v 0.000180 -0.020660 -0.004277
v -0.000230 -0.006223 -0.001384
v -0.001432 -0.006225 -0.001762
v -0.002111 -0.006231 -0.002351
v -0.002494 -0.006228 -0.002936
v -0.002669 -0.006227 -0.004812
v -0.002377 -0.006238 -0.005515
v -0.000586 -0.006229 -0.006816
v 0.000397 -0.006229 -0.006820
v 0.002087 -0.006229 -0.005830
v 0.002439 -0.006228 -0.005265
v 0.002643 -0.006223 -0.004641
v 0.002694 -0.006232 -0.003996
v 0.002448 -0.006227 -0.002955
v 0.001880 -0.006227 -0.002177
v 0.001345 -0.006226 -0.001771
v 0.000729 -0.006224 -0.001504
v -0.000432 -0.010352 -0.001027
v -0.001455 -0.006295 -0.001364
v -0.001844 -0.010360 -0.001578
v -0.002836 -0.010360 -0.002744
v -0.003170 -0.011040 -0.003849
v -0.003031 -0.010362 -0.005001
v -0.002959 -0.006262 -0.005158
v -0.002254 -0.010366 -0.006320
v -0.001281 -0.011056 -0.007015
v -0.000850 -0.006269 -0.007118
v -0.000538 -0.011107 -0.007241
v 0.000251 -0.011107 -0.007268
v 0.000718 -0.006270 -0.007139
v 0.001023 -0.011117 -0.007100
v 0.001719 -0.011132 -0.006751
v 0.002492 -0.010363 -0.005957
v 0.002525 -0.006265 -0.005886
v 0.003058 -0.010369 -0.004552
v 0.002917 -0.010376 -0.003110
v 0.002431 -0.011106 -0.002148
v 0.001939 -0.011055 -0.001668
v 0.001311 -0.010372 -0.001330
v 0.000699 -0.011047 -0.001061
v -0.000699 -0.011189 -0.000973
v 0.003086 -0.011158 -0.004836
v -0.000262 -0.020961 -0.005964
v -0.001092 -0.020961 -0.005647
v -0.001678 -0.020960 -0.004982
v -0.001863 -0.020958 -0.004345
v -0.001835 -0.020960 -0.003676
v -0.001421 -0.020960 -0.002890
v -0.000890 -0.020958 -0.002491
v -0.000257 -0.020961 -0.002280
v 0.000623 -0.020961 -0.002393
v 0.001326 -0.020959 -0.002863
v 0.001768 -0.020949 -0.003662
v 0.001761 -0.020950 -0.004591
v 0.001220 -0.020997 -0.005505
v 0.000407 -0.020958 -0.005912
v -0.001152 -0.010742 -0.008781
v -0.000015 -0.010759 -0.008904
v -0.002117 -0.010704 -0.008447
v -0.003099 -0.010741 -0.007807
v -0.003844 -0.010745 -0.007030
v -0.004335 -0.010810 -0.006161
v -0.004714 -0.010744 -0.005146
v -0.004791 -0.011201 -0.004823
v -0.004819 -0.010754 -0.004082
v -0.004707 -0.010761 -0.003108
v -0.004363 -0.010760 -0.002093
v -0.003764 -0.010742 -0.001118
v -0.003031 -0.010719 -0.000377
v -0.002122 -0.010744 0.000187
v -0.001084 -0.010752 0.000547
v -0.000035 -0.010790 0.000639
v 0.001050 -0.010801 0.000517
v 0.002183 -0.010720 0.000130
v 0.003117 -0.010745 -0.000519
v 0.003916 -0.010704 -0.001396
v 0.004428 -0.010759 -0.002405
v 0.004722 -0.010743 -0.003555
v 0.004729 -0.010720 -0.004688
v 0.004446 -0.010752 -0.005810
v 0.004420 -0.011204 -0.005926
v 0.003913 -0.010722 -0.006847
v 0.003156 -0.011210 -0.007706
v 0.003140 -0.010761 -0.007695
v 0.002188 -0.010751 -0.008359
v 0.001158 -0.010820 -0.008713
v 0.003132 -0.023265 -0.004109
v 0.003049 -0.023268 -0.003406
v 0.002660 -0.023264 -0.002428
v 0.002482 -0.023689 -0.001826
v 0.001701 -0.023275 -0.001454
v 0.001515 -0.023684 -0.001059
v 0.000274 -0.023267 -0.000957
v -0.001223 -0.023268 -0.001169
v -0.002479 -0.023268 -0.002083
v -0.003153 -0.023269 -0.003481
v -0.003087 -0.023267 -0.005031
v -0.002234 -0.023262 -0.006420
v -0.002548 -0.023689 -0.006420
v -0.001574 -0.023685 -0.007193
v -0.001321 -0.023270 -0.007013
v -0.000572 -0.023268 -0.007240
v 0.000208 -0.023269 -0.007277
v 0.000976 -0.023267 -0.007120
v 0.001679 -0.023267 -0.006782
v 0.002281 -0.023269 -0.006278
v 0.002739 -0.023267 -0.005644
v 0.003031 -0.023270 -0.004910
v 0.006299 -0.012949 -0.005266
v 0.005705 -0.012944 -0.004784
v 0.005720 -0.012914 -0.003499
v 0.005976 -0.012952 -0.003158
v 0.007736 -0.012917 -0.003390
v 0.007536 -0.012944 -0.005088
v 0.006947 -0.012933 -0.005346
v -0.006995 -0.012950 -0.005347
v -0.007475 -0.012939 -0.005186
v -0.007903 -0.012950 -0.004749
v -0.008030 -0.012950 -0.003806
v -0.007481 -0.012949 -0.003074
v -0.006903 -0.012908 -0.002912
v -0.006314 -0.012913 -0.003026
v -0.005990 -0.012920 -0.004998
v -0.006390 -0.012951 -0.005282
v 0.000000 -0.019188 -0.000345
v -0.003118 -0.006262 -0.003751
v -0.002149 -0.006269 -0.006396
v 0.003082 -0.006263 -0.004272
v 0.003041 -0.006273 -0.003683
v 0.003153 -0.011188 -0.003665
v 0.002829 -0.011153 -0.002704
v -0.002764 -0.011185 -0.002429
v -0.002525 -0.011188 -0.006152
v -0.003944 -0.011207 -0.006915
v -0.002382 -0.011193 0.000073
v -0.001443 -0.010982 0.000046
v -0.000390 -0.010985 0.000174
v -0.001417 -0.010886 -0.000378
v -0.000016 -0.010744 -0.000327
v -0.000844 -0.010503 -0.000520
v -0.000043 -0.010178 -0.000405
v -0.000919 -0.010007 -0.000417
v 0.000295 -0.009796 -0.000026
v -0.002078 -0.010603 -0.000962
v -0.001487 -0.009850 -0.000396
v -0.003144 -0.010959 -0.000863
v -0.001789 -0.009776 -0.000023
v -0.001661 -0.010231 -0.000793
v -0.000831 -0.009849 0.000464
v -0.002974 -0.010920 -0.001321
v -0.000027 -0.010023 0.000675
v -0.002367 -0.010215 -0.001244
v -0.002096 -0.010059 0.000238
v -0.002503 -0.009853 -0.000999
v -0.002979 -0.010673 -0.001776
v -0.004130 -0.010967 -0.002397
v -0.003355 -0.009771 -0.001167
v -0.002949 -0.010165 -0.001824
v -0.003797 -0.010945 -0.002495
v -0.002990 -0.009950 -0.000414
v -0.003506 -0.010682 -0.002643
v -0.003525 -0.009818 -0.002016
v -0.004507 -0.010977 -0.004199
v -0.003417 -0.010270 -0.002607
v -0.004026 -0.010902 -0.003711
v -0.003574 -0.010012 -0.002695
v -0.003752 -0.009994 -0.001128
v -0.003800 -0.010671 -0.003665
v -0.003671 -0.010257 -0.003466
v -0.004119 -0.009771 -0.002459
v -0.004417 -0.010007 -0.002145
v -0.003835 -0.010802 -0.004770
v -0.003717 -0.010362 -0.004535
v -0.003976 -0.009862 -0.003605
v -0.004653 -0.009852 -0.003634
v -0.004894 -0.010154 -0.003542
v -0.003770 -0.010042 -0.004754
v -0.003455 -0.010810 -0.006011
v -0.003457 -0.010622 -0.005655
v -0.004201 -0.009769 -0.004727
v -0.003421 -0.010300 -0.005615
v -0.003581 -0.010985 -0.006532
v -0.004561 -0.009847 -0.004994
v -0.004812 -0.010094 -0.004991
v -0.003609 -0.009923 -0.005627
v -0.003059 -0.010398 -0.006216
v -0.002918 -0.010984 -0.007383
v -0.004169 -0.009909 -0.006404
v -0.003231 -0.009906 -0.006360
v -0.002581 -0.010811 -0.007026
v -0.004484 -0.010137 -0.006099
v -0.002025 -0.010955 -0.008166
v -0.003920 -0.009762 -0.006160
v -0.002492 -0.010203 -0.006882
v -0.001917 -0.010916 -0.007671
v -0.002385 -0.009847 -0.007390
v -0.001776 -0.010627 -0.007442
v -0.002800 -0.009769 -0.007594
v -0.000845 -0.010981 -0.008475
v -0.001773 -0.010199 -0.007402
v -0.003252 -0.010064 -0.007726
v -0.000969 -0.010822 -0.007884
v -0.001472 -0.009772 -0.008115
v -0.000925 -0.010390 -0.007706
v -0.001636 -0.009828 -0.008447
v -0.000916 -0.009965 -0.007854
v -0.000088 -0.010862 -0.008053
v -0.002280 -0.010116 -0.008426
v -0.000022 -0.010445 -0.007816
v 0.001447 -0.010973 -0.008150
v -0.000028 -0.009999 -0.007934
v 0.000886 -0.010845 -0.007927
v -0.001201 -0.010115 -0.008830
v 0.000973 -0.009774 -0.008313
v 0.000876 -0.010406 -0.007692
v 0.002618 -0.010975 -0.007653
v 0.000693 -0.009820 -0.008670
v -0.000045 -0.010067 -0.008957
v 0.000881 -0.009907 -0.007908
v 0.001773 -0.010771 -0.007473
v 0.001688 -0.010251 -0.007403
v 0.001776 -0.009915 -0.007575
v 0.002567 -0.010843 -0.007024
v 0.001121 -0.010069 -0.008803
v 0.003837 -0.010958 -0.006420
v 0.002391 -0.010229 -0.006896
v 0.002150 -0.009865 -0.008254
v 0.003582 -0.010934 -0.006043
v 0.003056 -0.009773 -0.006938
v 0.003014 -0.010565 -0.006215
v 0.003108 -0.009925 -0.007672
v 0.003112 -0.009987 -0.006292
v 0.003555 -0.010767 -0.005473
v 0.004328 -0.010983 -0.004636
v 0.003419 -0.010399 -0.005433
v 0.003901 -0.009787 -0.006241
v 0.003899 -0.009982 -0.006830
v 0.003501 -0.010056 -0.005456
v 0.003942 -0.010860 -0.004142
v 0.003814 -0.009795 -0.005556
v 0.003650 -0.010545 -0.004586
v 0.004251 -0.010978 -0.003107
v 0.003692 -0.010101 -0.004569
v 0.004429 -0.009962 -0.005780
v 0.004099 -0.009783 -0.004316
v 0.003659 -0.010572 -0.003681
v 0.004631 -0.009888 -0.004661
v 0.003659 -0.010203 -0.003670
v 0.003860 -0.009890 -0.003673
v 0.003529 -0.010766 -0.002784
v 0.003718 -0.010927 -0.001532
v 0.004495 -0.009814 -0.003349
v 0.003428 -0.010204 -0.002785
v 0.003170 -0.010851 -0.001876
v 0.003765 -0.009818 -0.002767
v 0.003004 -0.010425 -0.002031
v 0.002976 -0.010982 -0.000967
v 0.004382 -0.009932 -0.002456
v 0.003172 -0.009906 -0.001932
v 0.002535 -0.010815 -0.001240
v 0.001990 -0.010970 -0.000152
v 0.002961 -0.009778 -0.000829
v 0.002399 -0.010193 -0.001339
v 0.003841 -0.009903 -0.001436
v 0.001856 -0.010919 -0.000572
v 0.002286 -0.009813 -0.000740
v 0.001696 -0.010579 -0.000825
v 0.001704 -0.010053 -0.000783
v 0.003172 -0.010068 -0.000506
v 0.000856 -0.010825 -0.000356
v 0.001332 -0.009772 0.000073
v 0.000856 -0.010392 -0.000538
v 0.002148 -0.009923 0.000080
v 0.000888 -0.009972 -0.000411
v 0.001067 -0.009970 0.000509
v -0.005630 -0.012943 -0.003894
v -0.008045 -0.012944 -0.004356
v -0.007892 -0.012954 -0.003470
v 0.001292 -0.011901 -0.004766
v 0.001292 -0.011902 -0.004793
v 0.000825 -0.011902 -0.005335
v 0.000174 -0.011901 -0.005583
v 0.000159 -0.011902 -0.005596
v 0.001451 -0.011902 -0.004098
v 0.001241 -0.011901 -0.003385
v -0.000551 -0.011902 -0.005515
v 0.001268 -0.011902 -0.003409
v -0.001129 -0.011901 -0.005111
v -0.001142 -0.011903 -0.005113
v 0.000784 -0.011902 -0.002884
v 0.000082 -0.011901 -0.002657
v -0.001555 -0.011900 -0.004162
v 0.000121 -0.011901 -0.002645
v -0.001469 -0.011902 -0.004125
v -0.000580 -0.011903 -0.002742
v -0.001112 -0.011900 -0.003132
v -0.001155 -0.011902 -0.003148
v -0.000535 -0.011950 -0.002722
v 0.000182 -0.011955 -0.002651
v -0.001071 -0.011952 -0.003060
v -0.001502 -0.011953 -0.003785
v -0.001419 -0.011952 -0.004661
v -0.000996 -0.011953 -0.005254
v -0.000342 -0.011954 -0.005576
v 0.000386 -0.011955 -0.005547
v 0.001011 -0.011955 -0.005177
v 0.001386 -0.011956 -0.004555
v 0.001421 -0.011957 -0.003828
v 0.000971 -0.011948 -0.003007
v 0.001328 -0.012300 -0.005567
v 0.001929 -0.012300 -0.004361
v 0.000027 -0.012301 -0.006107
v 0.001984 -0.012314 -0.003396
v 0.001723 -0.012302 -0.003248
v -0.001305 -0.012302 -0.005648
v 0.001211 -0.012309 -0.002325
v 0.000893 -0.012302 -0.002357
v -0.001929 -0.012303 -0.004633
v -0.000313 -0.012304 -0.002180
v -0.002221 -0.012303 -0.004165
v -0.001950 -0.012303 -0.003695
v -0.001103 -0.012308 -0.002259
v -0.001396 -0.012302 -0.002678
v 0.001862 -0.012639 -0.003493
v 0.001944 -0.012619 -0.004132
v 0.001977 -0.012428 -0.004350
v 0.001844 -0.012427 -0.003374
v 0.001539 -0.012623 -0.002932
v 0.001253 -0.012407 -0.002562
v 0.001055 -0.012625 -0.002460
v 0.000447 -0.012438 -0.002159
v 0.000189 -0.012629 -0.002145
v -0.000431 -0.012593 -0.002196
v -0.000981 -0.012397 -0.002323
v -0.000990 -0.012630 -0.002392
v -0.001542 -0.012628 -0.002823
v -0.001716 -0.012419 -0.002997
v -0.001976 -0.012627 -0.003684
v -0.001999 -0.012395 -0.003647
v -0.002048 -0.012409 -0.004392
v -0.001955 -0.012627 -0.004648
v -0.001683 -0.012430 -0.005298
v -0.001481 -0.012628 -0.005493
v -0.000980 -0.012343 -0.005968
v -0.000665 -0.012627 -0.006013
v -0.000480 -0.012429 -0.006096
v 0.000300 -0.012627 -0.006088
v 0.000918 -0.012359 -0.005947
v 0.001072 -0.012620 -0.005763
v 0.001576 -0.012640 -0.005308
v 0.001646 -0.012436 -0.005245
v 0.001874 -0.012628 -0.004659
v -0.000077 -0.012314 -0.001995
v -0.001864 -0.012310 -0.002965
v -0.001824 -0.012312 -0.005319
v -0.000046 -0.012339 -0.006209
v 0.001639 -0.012314 -0.005448
v 0.002096 -0.012309 -0.004385
v 0.000748 0.023064 0.000325
v 0.000749 0.023055 -0.000214
v -0.000967 0.023064 -0.000214
v -0.000967 0.023057 0.000325
v -0.002258 0.023081 0.000995
v -0.002258 0.023090 -0.000868
v -0.004110 0.023077 -0.000526
v -0.003712 0.023062 -0.000844
v -0.003845 0.023080 0.000928
v -0.004152 0.023076 0.000516
v -0.004193 0.023069 -0.001191
v -0.004651 0.023067 -0.000643
v -0.003726 0.023072 -0.001381
v -0.004654 0.023072 0.000757
v -0.001868 0.023074 -0.001379
v -0.004221 0.023070 0.001297
v -0.001724 0.023069 -0.001203
v -0.003793 0.023063 0.001505
v -0.001734 0.023074 0.001361
v -0.001874 0.023073 0.001504
v 0.001033 0.023076 -0.001349
v -0.001212 0.023054 -0.001394
v -0.001212 0.023067 -0.000868
v 0.000912 0.023077 -0.000824
v 0.001463 0.023070 -0.000919
v 0.001446 0.023073 0.001454
v -0.001213 0.023064 0.000996
v -0.001212 0.023051 0.001518
v 0.000962 0.023078 0.000995
v 0.003821 0.023090 -0.000868
v 0.001990 0.023061 -0.001390
v 0.004572 0.023070 -0.001373
v 0.002032 0.023068 0.001474
v 0.001955 0.023078 0.001176
v 0.004706 0.023069 -0.001112
v 0.002841 0.023090 0.000995
v 0.004672 0.023058 0.001516
v 0.067600 0.022097 -0.007964
v 0.070713 0.022097 -0.012752
v 0.068905 0.022097 -0.006476
v 0.072919 0.022097 -0.012035
v 0.076336 0.022097 -0.009472
v 0.066059 0.022097 -0.009196
v 0.069912 0.022097 -0.004781
v 0.077975 0.022097 -0.006760
v 0.077312 0.022097 -0.008209
v 0.064320 0.022097 -0.010132
v 0.070606 0.022097 -0.002931
v 0.078654 0.022097 -0.001453
v 0.062435 0.022097 -0.010743
v 0.070965 0.022097 -0.000987
v 0.060482 0.022097 -0.011008
v 0.070965 0.022097 0.000989
v 0.078484 0.022097 0.003596
v 0.058506 0.022097 -0.010919
v 0.070606 0.022097 0.002933
v 0.077789 0.022097 0.007335
v 0.069912 0.022097 0.004782
v 0.076541 0.022097 0.009263
v 0.068905 0.022097 0.006478
v 0.073289 0.022097 0.011808
v 0.070769 0.022097 0.012718
v 0.067600 0.022097 0.007967
v 0.066059 0.022097 0.009198
v 0.064320 0.022097 0.010134
v 0.062435 0.022097 0.010745
v 0.060482 0.022097 0.011010
v 0.058506 0.022097 0.010921
v -0.052395 0.022097 -0.007964
v 0.053116 0.022097 -0.008615
v 0.051689 0.022097 -0.007250
v -0.051094 0.022097 -0.006476
v 0.050526 0.022097 -0.005651
v -0.053940 0.022097 -0.009196
v 0.054764 0.022097 -0.009703
v -0.050083 0.022097 -0.004781
v 0.049667 0.022097 -0.003871
v -0.055679 0.022097 -0.010132
v 0.056580 0.022097 -0.010479
v -0.049389 0.022097 -0.002931
v 0.049145 0.022097 -0.001967
v -0.057560 0.022097 -0.010743
v -0.049034 0.022097 -0.000987
v 0.048965 0.022097 0.000001
v -0.049034 0.022097 0.000989
v 0.049145 0.022097 0.001969
v -0.049389 0.022097 0.002933
v 0.049667 0.022097 0.003873
v -0.050083 0.022097 0.004782
v 0.050526 0.022097 0.005653
v -0.070933 0.022097 -0.012717
v -0.059517 0.022097 -0.011008
v -0.061489 0.022097 -0.010919
v -0.063416 0.022097 -0.010479
v -0.065231 0.022097 -0.009703
v -0.051094 0.022097 0.006478
v 0.051689 0.022097 0.007251
v -0.066883 0.022097 -0.008615
v -0.052395 0.022097 0.007967
v 0.053116 0.022097 0.008617
v -0.068310 0.022097 -0.007250
v -0.073118 0.022097 -0.011932
v -0.053940 0.022097 0.009198
v -0.069469 0.022097 -0.005651
v -0.076662 0.022097 -0.009166
v -0.070332 0.022097 -0.003871
v -0.077985 0.022097 -0.006819
v -0.070850 0.022097 -0.001967
v -0.078548 0.022097 -0.002757
v -0.071033 0.022097 0.000001
v -0.078654 0.022097 0.001732
v -0.070850 0.022097 0.001969
v -0.070530 0.022097 0.012759
v -0.068310 0.022097 0.007251
v -0.066883 0.022097 0.008617
v -0.065231 0.022097 0.009705
v -0.063416 0.022097 0.010481
v -0.061489 0.022097 0.010921
v -0.059517 0.022097 0.011010
v -0.078012 0.022097 0.006624
v -0.070332 0.022097 0.003873
v -0.073179 0.022097 0.011885
v -0.069469 0.022097 0.005653
v -0.077358 0.022097 0.008135
v -0.076390 0.022097 0.009412
v -0.057560 0.022097 0.010745
v -0.055679 0.022097 0.010134
v 0.056580 0.022097 0.010481
v 0.054764 0.022097 0.009705
v 0.078032 0.023047 -0.006562
v 0.077312 0.023047 -0.008209
v 0.076444 0.023047 -0.009362
v 0.073106 0.023047 -0.011934
v 0.070925 0.023047 -0.012717
v -0.070721 0.023047 -0.012752
v -0.072930 0.023047 -0.012033
v -0.076284 0.023047 -0.009525
v -0.077106 0.023047 -0.008536
v -0.077958 0.023047 -0.006834
v -0.078548 0.023047 -0.002757
v -0.078636 0.023047 0.001725
v -0.078033 0.023047 0.006603
v -0.077358 0.023047 0.008135
v -0.076372 0.023047 0.009443
v -0.073159 0.023047 0.011872
v -0.070777 0.023047 0.012718
v 0.070522 0.023047 0.012759
v 0.073065 0.023047 0.011930
v 0.076537 0.023047 0.009291
v 0.077503 0.023047 0.007871
v 0.078143 0.023047 0.006188
v 0.078641 0.023047 0.001220
v 0.078548 0.023047 -0.002684
v 0.067600 0.023047 -0.007964
v 0.068905 0.023047 -0.006476
v 0.066059 0.023047 -0.009196
v 0.069912 0.023047 -0.004781
v 0.064320 0.023047 -0.010132
v 0.070606 0.023047 -0.002931
v 0.062435 0.023047 -0.010743
v 0.070965 0.023047 -0.000987
v 0.060482 0.023047 -0.011008
v 0.070965 0.023047 0.000989
v 0.058506 0.023047 -0.010919
v 0.070606 0.023047 0.002933
v 0.069912 0.023047 0.004782
v 0.068905 0.023047 0.006478
v 0.067600 0.023047 0.007967
v 0.066059 0.023047 0.009198
v 0.064320 0.023047 0.010134
v 0.062435 0.023047 0.010745
v 0.060482 0.023047 0.011010
v 0.058506 0.023047 0.010921
v 0.050526 0.023047 -0.005651
v 0.051689 0.023047 -0.007250
v 0.049667 0.023047 -0.003871
v 0.053116 0.023047 -0.008615
v 0.049145 0.023047 -0.001967
v 0.054764 0.023047 -0.009703
v 0.056580 0.023047 -0.010479
v 0.048965 0.023047 0.000001
v 0.054764 0.023047 0.009705
v 0.053116 0.023047 0.008617
v 0.051689 0.023047 0.007251
v 0.050526 0.023047 0.005653
v 0.049667 0.023047 0.003873
v 0.049145 0.023047 0.001969
v -0.052395 0.023047 -0.007964
v -0.051094 0.023047 -0.006476
v -0.053940 0.023047 -0.009196
v -0.050083 0.023047 -0.004781
v -0.055679 0.023047 -0.010132
v -0.049389 0.023047 -0.002931
v -0.057560 0.023047 -0.010743
v -0.049034 0.023047 -0.000987
v -0.049034 0.023047 0.000989
v -0.049389 0.023047 0.002933
v -0.050083 0.023047 0.004782
v -0.065231 0.023047 -0.009703
v -0.063416 0.023047 -0.010479
v -0.061489 0.023047 -0.010919
v -0.059517 0.023047 -0.011008
v -0.051094 0.023047 0.006478
v -0.066883 0.023047 -0.008615
v -0.052395 0.023047 0.007967
v -0.068310 0.023047 -0.007250
v -0.053940 0.023047 0.009198
v -0.069469 0.023047 -0.005651
v -0.055679 0.023047 0.010134
v -0.070332 0.023047 -0.003871
v -0.070850 0.023047 -0.001967
v -0.071033 0.023047 0.000001
v -0.070850 0.023047 0.001969
v -0.059517 0.023047 0.011010
v -0.061489 0.023047 0.010921
v -0.063416 0.023047 0.010481
v -0.065231 0.023047 0.009705
v -0.066883 0.023047 0.008617
v -0.068310 0.023047 0.007251
v -0.070332 0.023047 0.003873
v -0.069469 0.023047 0.005653
v -0.057560 0.023047 0.010745
v 0.056580 0.023047 0.010481
vn 0.9585 0.2277 -0.1714
vn 0.9163 -0.0456 -0.3979
vn 0.4970 0.1536 -0.8540
vn 0.4648 0.2058 -0.8612
vn -0.0700 -0.0598 -0.9958
vn -0.3835 0.2471 -0.8899
vn -0.5759 0.0487 -0.8161
vn -0.9092 0.1395 -0.3923
vn -0.8855 0.1951 -0.4218
vn -0.9994 -0.0312 0.0121
vn -0.9016 0.2436 0.3574
vn -0.8368 -0.0019 0.5476
vn -0.3687 0.0507 0.9282
vn -0.3098 0.1532 0.9384
vn 0.2843 -0.0220 0.9585
vn 0.4095 0.1436 0.9010
vn 0.7559 0.0113 0.6546
vn 0.8368 0.1687 0.5208
vn 0.9858 -0.0249 0.1663
vn 0.8828 -0.4395 -0.1656
vn 0.8707 -0.0812 -0.4851
vn 0.4116 -0.4778 -0.7761
vn 0.2525 -0.1632 -0.9537
vn -0.3553 -0.3838 -0.8524
vn -0.4857 -0.2174 -0.8467
vn -0.8600 -0.3512 -0.3701
vn -0.8875 -0.3048 -0.3456
vn -0.9648 -0.2146 0.1521
vn -0.8434 -0.4244 0.3296
vn -0.6953 -0.1453 0.7039
vn -0.2855 -0.4142 0.8643
vn -0.2051 -0.2965 0.9328
vn 0.3842 -0.3564 0.8516
vn 0.3051 -0.2110 0.9287
vn 0.8022 -0.3326 0.4958
vn 0.9184 -0.0927 0.3847
vn 0.8720 -0.0193 -0.4892
vn 0.7241 0.0145 -0.6895
vn 0.2626 -0.0161 -0.9648
vn 0.0349 0.0145 -0.9993
vn -0.5035 -0.0145 -0.8639
vn -0.6987 0.0172 -0.7152
vn -0.9243 -0.0112 -0.3815
vn -0.9875 -0.0040 0.1573
vn -0.9998 0.0141 0.0151
vn -0.6958 0.0015 0.7182
vn -0.7122 0.0053 0.7019
vn -0.2363 -0.0069 0.9717
vn 0.0116 0.0187 0.9998
vn 0.3223 -0.0159 0.9465
vn 0.9210 -0.0216 0.3890
vn 0.7639 0.0146 0.6451
vn 0.9994 0.0169 0.0287
vn -0.0000 1.0000 -0.0000
vn 0.0001 1.0000 0.0002
vn -0.0000 1.0000 -0.0001
vn 0.1331 -0.8481 0.5128
vn -0.1164 -0.8613 0.4946
vn 0.3231 0.0106 0.9463
vn 0.3150 0.0180 0.9489
vn -0.4976 -0.0138 0.8673
vn 0.6499 -0.0680 0.7569
vn -0.3183 0.1011 0.9426
vn 0.5622 -0.7627 0.3197
vn -0.9891 0.0120 0.1467
vn -0.5800 -0.7397 0.3412
vn -0.6317 0.0089 0.7752
vn -0.6234 -0.0002 0.7819
vn -0.9858 0.0278 0.1654
vn -0.4814 -0.8662 -0.1337
vn -0.3501 -0.8741 -0.3367
vn -0.0512 -0.7739 -0.6312
vn -0.9801 -0.0405 -0.1943
vn -0.9866 -0.0252 -0.1614
vn -0.6362 0.0329 -0.7708
vn -0.6272 0.0236 -0.7785
vn -0.0412 -0.1046 -0.9937
vn 0.3445 0.0109 -0.9387
vn 0.9990 0.0134 -0.0435
vn 0.3586 -0.8582 -0.3672
vn 0.4331 -0.8888 -0.1500
vn 0.6608 -0.7397 -0.1268
vn -0.4990 -0.0525 -0.8650
vn -0.2989 0.0389 -0.9535
vn 0.4447 -0.0074 -0.8957
vn 0.3703 0.0503 -0.9275
vn 0.6572 -0.0569 -0.7515
vn 0.9014 0.0613 -0.4287
vn 0.6455 -0.0522 -0.7620
vn 0.9953 0.0395 -0.0881
vn 0.9970 0.0343 0.0691
vn 0.9947 0.0465 0.0916
vn 0.6055 0.0044 0.7959
vn 0.5640 -0.0358 0.8250
vn -0.2260 -0.8915 -0.3927
vn 0.2199 -0.9028 -0.3695
vn 0.4445 -0.8958 0.0072
vn 0.2325 -0.8916 0.3886
vn -0.1378 -0.8583 0.4943
vn -0.3377 -0.8607 0.3810
vn -0.5444 -0.8386 -0.0206
vn -0.4281 -0.9036 -0.0149
vn -0.2667 -0.8516 -0.4513
vn 0.0582 -0.8608 -0.5056
vn 0.3075 -0.8513 -0.4251
vn 0.5317 -0.8469 0.0044
vn 0.3065 -0.8424 0.4432
vn 0.2387 -0.9077 0.3451
vn 0.3063 -0.9484 0.0819
vn 0.5824 -0.8122 0.0339
vn 0.4863 -0.8509 -0.1985
vn 0.2631 -0.9532 -0.1488
vn 0.4573 -0.8774 -0.1447
vn 0.4040 -0.9058 -0.1277
vn 0.3932 -0.8025 -0.4488
vn 0.1328 -0.8469 -0.5148
vn -0.0105 -0.8165 -0.5772
vn 0.0717 -0.9322 -0.3549
vn 0.1378 -0.9051 -0.4022
vn 0.1604 -0.8721 -0.4623
vn -0.0912 -0.9389 -0.3318
vn -0.2345 -0.8566 -0.4596
vn -0.3894 -0.8166 -0.4261
vn -0.2191 -0.8639 -0.4535
vn -0.1753 -0.9108 -0.3738
vn -0.2396 -0.9598 -0.1460
vn -0.5014 -0.8407 -0.2045
vn -0.5154 -0.8560 -0.0411
vn -0.3066 -0.9498 0.0626
vn -0.4426 -0.8928 -0.0838
vn -0.4626 -0.8822 -0.0879
vn -0.5554 -0.8110 0.1840
vn -0.4332 -0.8427 0.3196
vn -0.2997 -0.9108 0.2841
vn -0.2778 -0.8076 0.5202
vn -0.2717 -0.9207 0.2802
vn -0.3554 -0.8739 0.3316
vn -0.0446 -0.9431 0.3294
vn 0.0064 -0.8462 0.5329
vn -0.0129 -0.9377 0.3472
vn -0.0035 -0.9429 0.3330
vn -0.0141 -0.8614 0.5078
vn 0.2587 -0.8077 0.5299
vn 0.3662 -0.8486 0.3819
vn 0.2876 -0.9191 0.2692
vn 0.3657 -0.8836 0.2923
vn 0.5147 -0.8263 0.2287
vn 0.3476 -0.8954 0.2782
vn 0.0199 0.9997 0.0132
vn 0.0185 0.9997 0.0138
vn 0.0112 0.9997 0.0212
vn 0.0129 0.9997 0.0213
vn 0.0215 0.9998 0.0015
vn -0.0010 0.9996 0.0277
vn 0.0226 0.9997 -0.0003
vn -0.0129 0.9996 0.0249
vn -0.0084 0.9997 0.0244
vn 0.0152 0.9998 -0.0130
vn 0.0152 0.9998 -0.0128
vn -0.0304 0.9995 0.0029
vn 0.0135 0.9998 -0.0136
vn -0.0207 0.9998 0.0082
vn 0.0058 0.9997 -0.0230
vn -0.0182 0.9998 -0.0054
vn 0.0024 0.9998 -0.0214
vn -0.0239 0.9997 -0.0041
vn -0.0187 0.9998 -0.0074
vn -0.0163 0.9998 -0.0134
vn -0.0132 0.9997 -0.0219
vn 0.9971 0.0538 -0.0546
vn 0.9242 -0.0693 -0.3755
vn 0.8094 0.0661 -0.5835
vn 0.6434 -0.0948 -0.7597
vn 0.2936 0.0065 -0.9559
vn 0.2201 0.0789 -0.9723
vn -0.0552 -0.0706 -0.9960
vn -0.4129 -0.0044 -0.9107
vn -0.4901 0.0740 -0.8685
vn -0.7012 -0.0696 -0.7096
vn -0.9158 -0.0024 -0.4016
vn -0.9423 0.0686 -0.3278
vn -0.9954 -0.0642 -0.0714
vn -0.9509 0.0084 0.3094
vn -0.9232 0.0729 0.3774
vn -0.8002 -0.0635 0.5964
vn -0.4747 0.0062 0.8801
vn -0.4859 -0.0082 0.8740
vn 0.0104 -0.0304 0.9995
vn -0.0119 -0.0100 0.9999
vn 0.4468 0.0034 0.8946
vn 0.4464 0.0038 0.8948
vn 0.6905 -0.0484 0.7217
vn 0.9126 -0.0575 0.4048
vn 0.8314 0.0593 0.5525
vn 0.9971 -0.0413 0.0634
vn 0.9523 0.2044 -0.2264
vn 0.8853 0.1414 -0.4429
vn 0.4247 0.1287 -0.8962
vn 0.3948 0.0686 -0.9162
vn -0.0900 -0.0400 -0.9951
vn -0.3834 0.2476 -0.8897
vn -0.5767 0.0478 -0.8155
vn -0.9096 0.1393 -0.3915
vn -0.8864 0.1938 -0.4205
vn -0.9994 -0.0311 0.0114
vn -0.9019 0.2435 0.3567
vn -0.8363 -0.0031 0.5482
vn -0.3653 0.0520 0.9294
vn -0.3590 0.0636 0.9312
vn 0.1807 -0.0707 0.9810
vn 0.4674 0.1711 0.8673
vn 0.7284 -0.0194 0.6849
vn 0.8392 0.1695 0.5167
vn 0.9764 -0.0190 0.2151
vn 0.9894 -0.1355 -0.0519
vn 0.9347 -0.3160 -0.1626
vn 0.7106 -0.2772 -0.6468
vn 0.6336 -0.1765 -0.7532
vn 0.3492 -0.4241 -0.8356
vn 0.0377 -0.1595 -0.9865
vn -0.3482 -0.4209 -0.8376
vn -0.5177 -0.2307 -0.8239
vn -0.8608 -0.3503 -0.3692
vn -0.8885 -0.3035 -0.3442
vn -0.9641 -0.2160 0.1543
vn -0.8461 -0.4190 0.3295
vn -0.6918 -0.1514 0.7060
vn -0.2741 -0.4162 0.8670
vn 0.3699 -0.3527 0.8595
vn 0.7980 -0.3425 0.4958
vn 0.8790 -0.1978 0.4339
vn 0.9859 -0.0107 -0.1672
vn 0.6370 -0.0083 -0.7708
vn 0.7327 0.0099 -0.6804
vn 0.1328 0.0092 -0.9911
vn 0.0387 -0.0045 -0.9992
vn -0.5287 -0.0062 -0.8488
vn -0.6086 0.0084 -0.7934
vn -0.9258 -0.0034 -0.3781
vn -0.9696 0.0121 -0.2444
vn -0.9879 -0.0120 0.1546
vn -0.8552 0.0207 0.5179
vn -0.6941 -0.0084 0.7198
vn -0.0534 -0.0202 0.9984
vn -0.3087 0.0079 0.9511
vn 0.2449 -0.0123 0.9695
vn 0.2525 -0.0132 0.9675
vn 0.8909 -0.0134 0.4540
vn 0.7929 0.0081 0.6092
vn 0.9996 0.0118 0.0249
vn -0.0002 1.0000 -0.0000
vn -0.0001 1.0000 -0.0000
vn 0.0002 1.0000 -0.0001
vn -0.0000 1.0000 0.0001
vn 0.9121 -0.2113 -0.3514
vn 0.1435 -0.8467 0.5124
vn -0.1196 -0.8610 0.4943
vn 0.3217 0.0436 0.9458
vn 0.3465 0.0239 0.9377
vn -0.4114 -0.0071 0.9114
vn 0.9784 -0.0623 0.1972
vn -0.2911 0.0865 0.9528
vn 0.4861 -0.8653 0.1225
vn 0.3549 -0.8741 0.3316
vn -0.9409 -0.0625 0.3328
vn -0.9917 0.0244 0.1263
vn -0.5662 -0.7505 0.3407
vn -0.6024 0.0204 0.7980
vn -0.6850 0.0970 0.7220
vn -0.8631 -0.0805 -0.4985
vn -0.5955 -0.7367 -0.3205
vn 0.1942 -0.0415 -0.9801
vn -0.0204 -0.7406 -0.6716
vn -0.9992 0.0118 -0.0379
vn -0.9883 -0.0312 -0.1493
vn -0.7484 0.0767 -0.6587
vn -0.6456 0.0420 -0.7625
vn -0.0586 -0.0769 -0.9953
vn 0.5205 -0.7813 -0.3444
vn -0.3649 0.0105 -0.9310
vn -0.1714 0.0930 -0.9808
vn 0.3666 0.0328 -0.9298
vn 0.6040 -0.0759 -0.7933
vn 0.9836 0.0317 -0.1774
vn 0.7953 -0.0750 0.6016
vn 0.4862 -0.0264 -0.8735
vn 0.9947 0.0335 -0.0972
vn 0.9867 0.0678 -0.1477
vn 0.9916 -0.0359 0.1245
vn 0.7557 0.0744 0.6506
vn 0.5631 0.0150 0.8262
vn -0.2185 -0.8914 -0.3970
vn 0.2208 -0.9031 -0.3683
vn 0.4471 -0.8945 0.0013
vn 0.2252 -0.8916 0.3927
vn -0.1136 -0.8607 0.4962
vn -0.3094 -0.8629 0.3995
vn -0.4846 -0.8571 0.1748
vn -0.5065 -0.8615 -0.0354
vn -0.4524 -0.8625 -0.2268
vn -0.2552 -0.8546 -0.4523
vn 0.0403 -0.8592 -0.5100
vn 0.3080 -0.8512 -0.4250
vn 0.5205 -0.8535 -0.0251
vn 0.2535 -0.8529 0.4564
vn 0.4504 -0.8623 0.2315
vn 0.5827 -0.8119 0.0341
vn 0.4862 -0.8511 -0.1983
vn 0.2623 -0.9525 -0.1545
vn 0.4574 -0.8773 -0.1450
vn 0.4148 -0.9004 -0.1314
vn 0.3931 -0.8024 -0.4490
vn 0.1208 -0.8700 -0.4781
vn -0.0099 -0.8204 -0.5718
vn 0.0821 -0.9178 -0.3884
vn 0.1196 -0.8945 -0.4308
vn 0.1281 -0.8776 -0.4620
vn -0.0790 -0.9532 -0.2918
vn -0.2566 -0.8205 -0.5107
vn -0.3291 -0.8700 -0.3672
vn -0.3476 -0.8761 -0.3340
vn -0.3278 -0.8790 -0.3464
vn -0.3005 -0.8997 -0.3164
vn -0.5438 -0.8089 -0.2237
vn -0.5615 -0.8266 -0.0379
vn -0.3147 -0.9460 -0.0778
vn -0.5041 -0.8458 0.1747
vn -0.2644 -0.9569 0.1203
vn -0.4577 -0.8852 0.0825
vn -0.4180 -0.9054 0.0742
vn -0.4724 -0.8088 0.3504
vn -0.2394 -0.9621 0.1303
vn -0.2480 -0.8491 0.4665
vn -0.2287 -0.8586 0.4588
vn -0.1887 -0.9011 0.3905
vn 0.0072 -0.8035 0.5952
vn 0.0059 -0.9515 0.3077
vn 0.2475 -0.8253 0.5076
vn 0.1281 -0.8647 0.4857
vn 0.0972 -0.9209 0.3774
vn 0.3830 -0.8329 0.3995
vn 0.3962 -0.8743 0.2804
vn 0.5151 -0.8261 0.2285
vn 0.2719 -0.9513 0.1451
vn 0.3100 -0.9239 0.2243
vn 0.0187 0.9998 0.0112
vn 0.0159 0.9998 0.0124
vn 0.0109 0.9998 0.0186
vn -0.0015 0.9998 0.0188
vn 0.0277 0.9996 -0.0000
vn 0.0176 0.9996 0.0203
vn 0.0513 0.9956 0.0781
vn -0.0244 0.9995 0.0213
vn 0.0174 0.9997 -0.0152
vn 0.0174 0.9998 -0.0119
vn -0.0209 0.9995 0.0218
vn -0.0245 0.9997 -0.0013
vn 0.0080 0.9998 -0.0167
vn 0.0046 0.9998 -0.0212
vn -0.0221 0.9998 0.0025
vn -0.0164 0.9999 -0.0052
vn 0.0046 0.9998 -0.0211
vn -0.0177 0.9998 -0.0007
vn -0.0158 0.9998 -0.0142
vn -0.0109 0.9997 -0.0216
vn -0.0182 0.9998 -0.0126
vn 0.9970 0.0547 -0.0543
vn 0.9242 -0.0695 -0.3755
vn 0.8092 0.0657 -0.5838
vn 0.6434 -0.0948 -0.7596
vn 0.2933 0.0068 -0.9560
vn 0.2201 0.0788 -0.9723
vn -0.0553 -0.0707 -0.9960
vn -0.4128 -0.0047 -0.9108
vn -0.4449 0.0272 -0.8951
vn -0.7024 -0.0490 -0.7101
vn -0.9145 -0.0625 -0.3998
vn -0.8338 0.0478 -0.5500
vn -0.9978 -0.0343 -0.0574
vn -0.9469 -0.0597 0.3158
vn -0.9927 0.0818 0.0882
vn -0.7995 -0.0390 0.5994
vn -0.4707 -0.0867 0.8780
vn -0.6831 0.0913 0.7246
vn -0.0618 0.0355 0.9975
vn 0.4471 0.0038 0.8945
vn 0.4469 0.0039 0.8946
vn 0.6906 -0.0486 0.7216
vn 0.9126 -0.0578 0.4047
vn 0.8314 0.0588 0.5525
vn 0.9971 -0.0407 0.0636
vn 0.6889 -0.7249 -0.0043
vn 0.5870 -0.8096 -0.0014
vn 0.4461 -0.7667 -0.4617
vn 0.7349 -0.5713 -0.3655
vn 0.2858 -0.8830 -0.3725
vn 0.8154 0.0559 -0.5761
vn 0.2598 -0.9532 -0.1544
vn 0.6031 -0.7633 -0.2316
vn 0.3456 -0.9345 -0.0851
vn 0.9845 -0.0602 -0.1647
vn 0.2834 -0.7960 -0.5349
vn 0.2462 -0.8541 -0.4582
vn -0.1350 -0.7978 -0.5876
vn -0.1667 -0.4525 -0.8760
vn 0.0392 -0.9394 -0.3407
vn 0.0514 -0.1714 -0.9839
vn 0.2321 -0.6345 -0.7373
vn 0.1340 -0.7286 -0.6717
vn 0.1154 -0.8888 -0.4436
vn -0.3045 -0.7561 -0.5793
vn -0.3873 -0.5706 -0.7242
vn -0.8012 -0.5137 -0.3069
vn -0.4611 -0.8775 -0.1316
vn -0.3361 -0.9107 -0.2400
vn -0.4487 -0.8034 -0.3914
vn -0.3084 -0.8893 -0.3375
vn -0.6963 -0.7177 -0.0061
vn -0.8422 -0.5391 -0.0020
vn -0.1128 -0.9820 -0.1512
vn -0.7348 -0.1034 0.6704
vn -0.7021 0.1101 0.7035
vn 0.0002 -0.0509 0.9987
vn -0.0114 0.0729 0.9973
vn 0.9981 0.0622 -0.0047
vn 0.9981 -0.0621 0.0044
vn 0.0222 0.0534 -0.9983
vn -0.0053 -0.2062 -0.9785
vn -0.8244 0.1929 -0.5321
vn -0.6469 -0.3557 -0.6745
vn -0.4810 0.1724 -0.8596
vn -0.9984 -0.0564 0.0013
vn -0.9988 -0.0487 0.0002
vn 0.0131 -0.0240 0.9996
vn 0.0108 -0.0000 0.9999
vn 0.5891 -0.0443 0.8069
vn 0.6408 0.1459 0.7537
vn 0.9782 -0.2076 0.0109
vn 0.9851 -0.1717 0.0078
vn 0.6791 0.2112 -0.7030
vn 0.0045 -0.2159 -0.9764
vn 0.0220 -0.0000 -0.9998
vn -1.0000 -0.0000 -0.0000
vn -0.0000 -0.0000 1.0000
vn -0.9922 0.1208 -0.0304
vn -0.9999 -0.0000 -0.0168
vn -0.0154 -0.0000 -0.9999
vn -0.0275 -0.1227 -0.9921
vn 1.0000 -0.0000 -0.0000
vn -0.0000 -0.0000 -1.0000
vn -0.7530 -0.0273 0.6574
vn -0.7520 -0.0000 0.6592
vn 0.0048 -0.0000 1.0000
vn 0.0229 0.2214 0.9749
vn 0.8075 -0.1931 0.5573
vn 0.9520 0.1897 0.2402
vn 0.7467 -0.0000 -0.6651
vn 0.7400 -0.2142 -0.6376
vn -0.0116 0.0244 -0.9996
vn -0.0096 -0.0000 -1.0000
vn -0.9052 -0.0535 -0.4216
vn -0.8765 0.0435 -0.4794
vn -0.0005 -0.7069 -0.7073
vn -0.0003 -0.7097 -0.7045
vn 0.9989 -0.0477 0.0007
vn 0.9916 -0.0885 -0.0939
vn 0.9997 -0.0229 -0.0050
vn 0.6849 -0.0715 -0.7252
vn 0.5951 -0.0172 -0.8035
vn 0.8118 0.0149 -0.5838
vn 0.9287 -0.0416 -0.3686
vn 0.8987 0.0208 -0.4381
vn 0.9879 -0.0399 -0.1500
vn 0.9848 -0.0488 -0.1668
vn 0.4715 -0.0304 -0.8813
vn 0.4677 -0.0167 -0.8837
vn -0.3823 -0.0406 -0.9231
vn -0.2508 -0.0432 -0.9671
vn -0.0132 -0.0415 -0.9991
vn -0.2167 -0.0092 -0.9762
vn 0.1944 -0.0186 -0.9807
vn 0.0706 0.0104 -0.9974
vn 0.3898 -0.0450 -0.9198
vn 0.2343 0.0096 -0.9721
vn -0.4704 0.0264 -0.8821
vn -0.4633 -0.0036 -0.8862
vn -0.9691 -0.0376 -0.2439
vn -0.8744 -0.0611 -0.4814
vn -0.9523 -0.0110 -0.3051
vn -0.8253 -0.0080 -0.5647
vn -0.5983 -0.0559 -0.7993
vn -0.6389 -0.0247 -0.7689
vn -1.0000 0.0021 -0.0071
vn -0.9915 -0.0866 -0.0972
vn -0.9999 -0.0159 -0.0033
vn 0.0004 -0.7124 -0.7018
vn 0.0006 -0.7098 -0.7044
vn 0.3864 -0.7014 -0.5989
vn 0.2196 -0.7235 -0.6544
vn 0.2805 -0.7025 -0.6541
vn 0.1590 -0.6967 -0.6995
vn 0.4184 -0.7194 -0.5544
vn 0.4310 -0.7108 -0.5559
vn 0.6404 -0.7120 -0.2880
vn 0.6912 -0.6972 -0.1904
vn 0.5661 -0.7057 -0.4260
vn 0.6395 -0.7035 -0.3099
vn 0.5674 -0.7105 -0.4162
vn 0.4859 -0.6932 -0.5323
vn 0.6842 -0.7238 0.0899
vn 0.6910 -0.7177 0.0861
vn 0.7236 -0.6897 0.0267
vn 0.7056 -0.7083 -0.0238
vn 0.7000 -0.7137 -0.0276
vn 0.6843 -0.7219 -0.1028
vn 0.7006 -0.7080 -0.0887
vn 0.4851 -0.6974 0.5276
vn 0.5674 -0.7030 0.4289
vn 0.5694 -0.7087 0.4166
vn 0.6411 -0.7129 0.2844
vn 0.6407 -0.7026 0.3096
vn 0.6910 -0.6978 0.1886
vn 0.4242 -0.7183 0.5514
vn 0.4217 -0.7056 0.5695
vn 0.0539 -0.7053 0.7068
vn 0.2248 -0.7225 0.6538
vn 0.1719 -0.7023 0.6908
vn 0.2933 -0.6970 0.6544
vn 0.0001 -0.7267 0.6870
vn -0.0003 -0.7102 0.7040
vn -0.2199 -0.7238 0.6540
vn -0.2905 -0.6989 0.6536
vn -0.1628 -0.6986 0.6967
vn -0.4238 -0.7118 0.5601
vn -0.4172 -0.7171 0.5583
vn -0.6394 -0.7149 0.2828
vn -0.6951 -0.6942 0.1868
vn -0.6389 -0.7038 0.3108
vn -0.5530 -0.7131 0.4309
vn -0.5761 -0.7027 0.4175
vn -0.4897 -0.6960 0.5252
vn -0.6908 -0.7176 -0.0884
vn -0.6979 -0.7096 -0.0966
vn -0.6938 -0.7200 -0.0160
vn -0.7080 -0.7055 -0.0337
vn -0.7167 -0.6966 0.0318
vn -0.6888 -0.7200 0.0844
vn -0.6921 -0.7164 0.0881
vn -0.4687 -0.7093 -0.5265
vn -0.5583 -0.7103 -0.4287
vn -0.4837 -0.7034 -0.5208
vn -0.6417 -0.7074 -0.2963
vn -0.5738 -0.7035 -0.4194
vn -0.6369 -0.7104 -0.2996
vn -0.6957 -0.6919 -0.1931
vn -0.4365 -0.6837 -0.5848
vn -0.2092 -0.7198 -0.6619
vn -0.1574 -0.6962 -0.7004
vn -0.3671 -0.7198 -0.5891
vn -0.2895 -0.6988 -0.6541
vn 0.0003 -1.0000 -0.0006
vn 0.0001 -1.0000 0.0001
vn 0.0006 -1.0000 -0.0002
vn -0.0004 -1.0000 -0.0000
vn -0.0004 -1.0000 0.0003
vn -0.0006 -1.0000 0.0003
vn -0.0005 -1.0000 -0.0000
vn -0.0001 -1.0000 0.0013
vn 0.0014 -1.0000 -0.0000
vn -0.0003 -1.0000 -0.0006
vn -0.0012 -1.0000 0.0009
vn 0.0015 -1.0000 0.0005
vn 0.0005 -1.0000 -0.0002
vn 0.0001 -1.0000 -0.0006
vn -0.0014 -1.0000 0.0002
vn -0.0000 -1.0000 -0.0000
vn -0.0009 -1.0000 -0.0009
vn 0.0002 -1.0000 -0.0000
vn -0.0001 -1.0000 -0.0010
vn -0.0000 -1.0000 -0.0001
vn -0.0006 -1.0000 0.0008
vn -0.0004 -1.0000 0.0002
vn 0.0002 -1.0000 -0.0001
vn 0.6185 -0.5619 -0.5493
vn 0.6894 -0.5119 -0.5125
vn 0.6552 -0.0969 -0.7492
vn 0.7830 -0.0470 -0.6202
vn 0.5308 -0.8475 -0.0052
vn 0.7019 -0.7123 0.0005
vn 0.6612 -0.3615 -0.6574
vn 0.2796 -0.9242 -0.2601
vn 0.6577 -0.4004 -0.6381
vn 0.8026 -0.4444 -0.3979
vn 0.5539 -0.7963 -0.2430
vn 0.4451 -0.8898 -0.1007
vn 0.3997 -0.9134 -0.0773
vn 0.2012 -0.9564 -0.2116
vn 0.3424 -0.7003 -0.6263
vn 0.3415 -0.6976 -0.6299
vn 0.2795 -0.7982 -0.5336
vn -0.0560 -0.9533 -0.2969
vn -0.1213 -0.8661 -0.4850
vn -0.1721 -0.4218 -0.8902
vn -0.0127 -0.2798 -0.9600
vn 0.1876 -0.2643 -0.9460
vn 0.0318 -0.8831 -0.4682
vn 0.0635 -0.4941 -0.8671
vn 0.0658 -0.9600 -0.2723
vn 0.2596 -0.4286 -0.8654
vn 0.1325 -0.9056 -0.4029
vn -0.3490 -0.6463 -0.6785
vn 0.3210 -0.3368 -0.8852
vn 0.2987 -0.7985 -0.5226
vn -0.3720 -0.5948 -0.7126
vn -0.3544 -0.6537 -0.6686
vn -0.1767 -0.9327 -0.3143
vn -0.3373 -0.9389 -0.0681
vn -0.7273 -0.6863 0.0055
vn -0.7888 -0.5916 -0.1669
vn -0.5587 -0.8112 -0.1726
vn -0.8163 -0.3069 -0.4893
vn -0.8055 -0.3314 -0.4913
vn -0.4371 -0.8631 -0.2529
vn -0.5244 -0.5305 -0.6660
vn -0.6160 -0.5370 -0.5763
vn -0.2077 -0.9379 -0.2779
vn -0.5807 -0.3303 -0.7441
vn -0.1957 -0.9280 -0.3172
vn -0.5787 -0.2512 -0.7759
vn -0.5564 -0.8185 -0.1428
vn -0.4023 -0.8829 -0.2423
vn -0.6870 -0.7267 -0.0008
vn -0.7180 -0.6960 -0.0026
vn -0.8250 -0.0297 -0.5643
vn -0.5866 -0.1028 -0.8033
vn -0.6177 -0.5623 -0.5498
vn -0.6679 -0.5276 -0.5250
vn 0.7219 0.0362 -0.6911
vn 0.6763 -0.1038 -0.7293
vn 0.0340 0.0972 -0.9947
vn 0.0202 -0.0000 -0.9998
vn 0.0172 -0.0000 0.9999
vn 0.0306 -0.0933 0.9952
vn 0.6585 0.1081 0.7448
vn 0.7129 -0.0592 0.6988
vn 0.9982 0.0601 -0.0039
vn 0.9989 -0.0433 0.0156
vn -0.0005 -0.0166 -0.9999
vn -0.0003 -0.0381 -0.9993
vn 0.0003 0.0122 -0.9999
vn 0.0003 -0.0329 -0.9995
vn -0.0015 0.0502 -0.9987
vn 0.0005 -0.0168 -0.9999
vn -0.0000 -0.0016 -1.0000
vn 0.0005 -0.0299 -0.9996
vn 0.5063 -0.6221 -0.5972
vn 0.5022 -0.5980 -0.6247
vn -0.0397 -0.9987 0.0319
vn 0.0016 -0.9998 -0.0185
vn -0.0099 -0.9999 -0.0077
vn -0.0038 -1.0000 -0.0078
vn -0.0001 -1.0000 0.0002
vn -0.0034 -1.0000 0.0009
vn 0.0024 -1.0000 -0.0023
vn -0.0017 -1.0000 -0.0045
vn -0.0000 -1.0000 0.0001
vn -0.0026 -1.0000 -0.0043
vn -0.0066 -1.0000 -0.0005
vn -0.0011 -1.0000 -0.0051
vn 0.0025 -1.0000 0.0001
vn 0.0003 -1.0000 -0.0018
vn 0.0010 -1.0000 -0.0015
vn -0.0031 -1.0000 -0.0008
vn -0.0002 -1.0000 0.0003
vn -0.0001 -1.0000 0.0004
vn -0.0001 -1.0000 0.0005
vn 0.0006 -1.0000 -0.0016
vn 0.0034 -1.0000 -0.0029
vn -0.0005 -1.0000 -0.0057
vn 0.0025 -1.0000 -0.0040
vn -0.0039 -1.0000 -0.0064
vn 0.0013 -1.0000 0.0002
vn 0.0010 -1.0000 0.0025
vn -0.0000 -1.0000 0.0006
vn 0.0003 -1.0000 0.0003
vn 0.0001 -1.0000 0.0005
vn 0.0004 -1.0000 0.0003
vn 0.0001 -1.0000 0.0004
vn 0.0013 -1.0000 -0.0000
vn -0.5114 -0.5524 -0.6583
vn -0.4826 -0.5457 -0.6851
vn 0.5397 -0.0272 -0.8414
vn 0.3966 -0.0115 -0.9179
vn 0.4159 0.0006 -0.9094
vn 0.2266 -0.0126 -0.9739
vn 0.2301 -0.0099 -0.9731
vn 0.6061 0.0030 -0.7954
vn 0.6152 0.0184 -0.7882
vn 0.9657 -0.0418 -0.2563
vn 0.9014 0.0060 -0.4329
vn 0.8034 -0.0101 -0.5953
vn 0.9091 -0.0106 -0.4165
vn 0.6833 -0.0258 -0.7297
vn 0.7912 0.0032 -0.6115
vn 0.9920 0.0048 0.1261
vn 0.9902 0.0250 0.1375
vn 0.9986 -0.0350 0.0404
vn 0.9989 -0.0132 -0.0440
vn 0.9997 0.0147 -0.0220
vn 0.9914 0.0119 -0.1301
vn 0.9897 -0.0097 -0.1431
vn 0.6827 -0.0259 0.7302
vn 0.8027 -0.0103 0.5963
vn 0.7910 0.0024 0.6118
vn 0.9017 0.0005 0.4324
vn 0.9074 -0.0112 0.4202
vn 0.9656 -0.0333 0.2578
vn 0.6148 0.0179 0.7884
vn 0.5952 -0.0148 0.8035
vn 0.0757 -0.0233 0.9969
vn 0.2384 -0.0063 0.9711
vn 0.4058 -0.0115 0.9139
vn 0.2345 -0.0091 0.9721
vn 0.4160 -0.0035 0.9093
vn 0.0001 0.0154 0.9999
vn -0.0004 -0.0159 0.9999
vn -0.4089 -0.0106 0.9125
vn -0.4169 -0.0042 0.9089
vn -0.2247 -0.0154 0.9743
vn -0.2324 -0.0096 0.9726
vn -0.5959 -0.0153 0.8029
vn -0.6155 0.0174 0.7879
vn -0.9653 -0.0326 0.2591
vn -0.9021 0.0029 0.4316
vn -0.8060 -0.0110 0.5918
vn -0.9076 -0.0082 0.4197
vn -0.6851 -0.0270 0.7279
vn -0.7935 0.0025 0.6086
vn -0.9912 0.0106 -0.1317
vn -0.9983 -0.0364 -0.0454
vn -0.9921 0.0259 -0.1223
vn -0.9991 0.0063 0.0419
vn -0.9918 -0.0097 0.1276
vn -0.9994 -0.0102 0.0327
vn -0.9884 0.0195 0.1504
vn -0.6856 -0.0275 -0.7275
vn -0.8076 -0.0127 -0.5895
vn -0.7935 0.0025 -0.6085
vn -0.9014 0.0066 -0.4329
vn -0.9089 -0.0092 -0.4169
vn -0.9663 -0.0396 -0.2545
vn -0.6149 0.0184 -0.7884
vn -0.5948 -0.0150 -0.8037
vn -0.2263 -0.0110 -0.9740
vn -0.4070 -0.0120 -0.9134
vn -0.2293 -0.0087 -0.9733
vn -0.4161 -0.0048 -0.9093
vn -0.0020 -1.0000 -0.0007
vn 0.0009 -1.0000 -0.0000
vn 0.0001 -1.0000 -0.0000
vn 0.0014 -0.6705 -0.7419
vn -0.0009 -0.8339 -0.5519
vn -0.9838 -0.0396 -0.1750
vn -0.9507 0.0403 -0.3076
vn -0.8101 -0.0210 -0.5859
vn -0.8047 -0.0295 -0.5929
vn -0.4505 -0.0348 -0.8921
vn -0.5124 0.0179 -0.8586
vn -0.0158 -0.0611 -0.9980
vn -0.2092 0.0334 -0.9773
vn 0.4499 -0.0410 -0.8921
vn 0.1857 0.0468 -0.9815
vn 0.5075 0.0110 -0.8616
vn 0.7941 0.0110 -0.6077
vn 0.8282 -0.0362 -0.5593
vn 0.9450 0.0334 -0.3254
vn 0.9846 -0.0451 -0.1689
vn 0.9974 0.0290 0.0661
vn 0.9842 -0.0290 0.1745
vn 0.9156 0.0451 0.3996
vn 0.8090 -0.0586 0.5849
vn 0.6739 0.0595 0.7364
vn 0.4443 -0.0621 0.8937
vn 0.2598 0.0622 0.9637
vn -0.0157 -0.0596 0.9981
vn -0.1857 0.0396 0.9818
vn -0.4503 -0.0348 0.8922
vn -0.5122 0.0179 0.8587
vn -0.8101 -0.0210 0.5859
vn -0.8348 0.0210 0.5502
vn -0.9844 -0.0179 0.1750
vn -0.9938 0.0347 0.1055
vn -0.0002 1.0000 -0.0002
vn -0.2890 -0.0236 0.9570
vn -0.6398 0.0088 0.7685
vn -0.6302 -0.0034 0.7765
vn -0.4637 0.0299 0.8855
vn -0.4722 -0.0052 0.8815
vn -0.1740 0.0311 0.9843
vn -0.3037 -0.0318 0.9522
vn 0.0540 -0.0000 0.9985
vn -0.1387 -0.0000 0.9903
vn 0.2481 -0.0000 0.9687
vn 0.2528 -0.0051 0.9675
vn 0.4675 -0.0099 0.8839
vn 0.4713 0.0069 0.8820
vn 0.7103 0.0036 0.7039
vn 0.7252 -0.0201 0.6882
vn 0.9232 0.0217 0.3837
vn 0.9330 -0.0097 0.3597
vn 1.0000 -0.0000 0.0085
vn 0.9999 -0.0122 0.0117
vn 0.0022 0.0134 0.9999
vn -0.0009 -0.0000 1.0000
vn -0.0009 0.0011 1.0000
vn -0.0003 -0.0064 1.0000
vn 0.7568 -0.0179 0.6535
vn 0.8629 0.0147 0.5052
vn 0.3557 -0.0114 0.9345
vn 0.5349 0.0138 0.8448
vn 0.9963 -0.0071 0.0861
vn 0.9956 -0.0096 0.0929
vn 0.9204 0.0120 0.3908
vn 0.8555 -0.0144 0.5176
vn 0.6558 0.0148 0.7548
vn 0.5406 -0.0134 0.8411
vn 0.2362 0.0139 0.9716
vn 0.1518 -0.0042 0.9884
vn -0.1991 -0.0042 0.9800
vn -0.1237 0.0126 0.9922
vn -0.4969 0.0072 0.8678
vn -0.3451 -0.0071 0.9385
vn -0.8269 0.0127 0.5622
vn -0.7180 -0.0093 0.6959
vn -0.9410 -0.0109 0.3383
vn -0.0101 -0.0085 0.9999
vn -0.0207 0.0144 0.9997
vn -0.8655 0.0045 0.5009
vn -0.8514 -0.0089 0.5245
vn -0.5368 0.0084 0.8437
vn -0.4956 -0.0126 0.8685
vn -1.0000 -0.0000 -0.0094
vn -1.0000 0.0088 -0.0000
vn -0.9997 0.0179 0.0161
vn -1.0000 -0.0000 0.0069
vn -0.9881 0.0220 -0.1522
vn -0.9906 0.0108 -0.1366
vn -0.6743 -0.0108 -0.7384
vn -0.6858 -0.0221 -0.7275
vn -0.2178 0.0276 -0.9756
vn -0.0682 -0.0402 -0.9969
vn 0.2604 0.0304 -0.9650
vn 0.4452 -0.0304 -0.8949
vn 0.6788 0.0304 -0.7337
vn 0.8305 -0.0416 -0.5555
vn 0.9528 0.0539 -0.2986
vn 0.9533 0.0430 0.2989
vn 0.9969 -0.0529 0.0578
vn 0.6788 0.0287 0.7338
vn 0.8166 -0.0307 0.5764
vn 0.2605 0.0314 0.9650
vn 0.4786 -0.0299 0.8775
vn -0.2179 0.0192 0.9758
vn 0.0545 -0.0229 0.9982
vn -0.2918 -0.0087 0.9564
vn -0.6211 0.0087 0.7837
vn -0.6744 -0.0169 0.7382
vn -0.8767 0.0253 0.4804
vn -0.9288 -0.0271 0.3695
vn -0.9882 0.0219 -0.1517
vn -0.9906 0.0110 -0.1366
vn -0.6742 0.0119 -0.7384
vn -0.7124 -0.0195 -0.7015
vn -0.2180 0.0102 -0.9759
vn -0.2602 -0.0103 -0.9655
vn 0.2603 0.0103 -0.9655
vn 0.2181 -0.0103 -0.9759
vn 0.6794 0.0102 -0.7337
vn 0.6468 -0.0103 -0.7626
vn 0.9271 -0.0103 -0.3747
vn 0.9425 0.0103 -0.3341
vn 0.9907 0.0053 0.1362
vn 0.9945 -0.0105 0.1045
vn 0.8287 0.0053 0.5597
vn 0.8171 -0.0053 0.5765
vn 0.4503 0.0105 0.8928
vn 0.4786 -0.0053 0.8780
vn -0.0587 0.0327 0.9977
vn 0.0546 -0.0087 0.9985
vn -0.2918 -0.0292 0.9560
vn -0.5909 0.0225 0.8064
vn -0.6746 -0.0170 0.7380
vn -0.8765 0.0255 0.4807
vn -0.9292 -0.0273 0.3687
vn 0.0001 1.0000 -0.0000
vn 0.0001 1.0000 -0.0001
vn -0.0002 1.0000 0.0001
vn 0.0040 1.0000 0.0017
vn -0.4967 -0.0028 0.8679
vn -0.5280 0.0029 0.8492
vn -0.8460 -0.0028 0.5332
vn -0.8667 0.0030 0.4988
vn -0.9969 0.0051 0.0790
vn -0.9977 0.0025 0.0679
vn -0.5054 -0.0016 0.8629
vn -0.5305 0.0029 0.8477
vn -0.8467 -0.0028 0.5320
vn -0.8616 0.0015 0.5077
vn -0.0004 -0.0026 1.0000
vn 0.0026 0.0149 0.9999
vn 0.8468 -0.0085 0.5318
vn 0.5253 -0.0117 0.8508
vn 0.7187 0.0161 0.6951
vn 0.9982 0.0004 0.0599
vn 0.9954 0.0091 0.0956
vn 0.9398 0.0016 0.3418
vn 0.9261 -0.0044 0.3772
vn 0.9190 -0.0029 0.3943
vn 0.9293 0.0005 0.3694
vn 0.6908 0.0037 0.7230
vn 0.6875 0.0028 0.7262
vn 1.0000 0.0012 0.0009
vn 1.0000 -0.0017 -0.0009
vn 0.6843 -0.0015 -0.7292
vn 0.6922 -0.0036 -0.7217
vn 0.9190 -0.0020 -0.3942
vn 0.9299 0.0017 -0.3677
vn -0.9249 0.0032 0.3802
vn -0.9377 -0.0014 0.3474
vn -0.9970 0.0027 0.0771
vn -0.9979 -0.0004 0.0646
vn -0.1908 -0.0029 0.9816
vn -0.1886 -0.0069 0.9820
vn -0.9917 0.0078 -0.1286
vn -0.8191 0.0045 -0.5737
vn -0.8795 -0.0059 -0.4759
vn -0.4225 0.0094 -0.9063
vn -0.5551 -0.0049 -0.8318
vn -0.1071 -0.0075 -0.9942
vn 0.1861 0.0144 -0.9824
vn 0.1085 -0.0013 -0.9941
vn 0.6532 0.0115 -0.7571
vn 0.5284 -0.0115 -0.8489
vn 0.8828 -0.0149 -0.4695
vn 0.9444 0.0167 -0.3283
vn 0.9525 0.0088 0.3044
vn 0.9799 -0.0201 0.1983
vn 0.6688 0.0015 0.7435
vn 0.6322 -0.0097 0.7747
vn 0.2486 0.0080 0.9686
vn 0.1568 -0.0086 0.9876
vn -0.2295 0.0092 0.9733
vn -0.2618 0.0034 0.9651
vn -0.6545 0.0063 0.7561
vn -0.5316 -0.0052 0.8470
vn -0.9300 0.0068 0.3674
vn -0.8504 -0.0061 0.5262
vn -0.9980 -0.0082 0.0627
vn -0.0642 -0.0136 -0.9978
vn -0.0485 0.0136 -0.9987
vn 0.4830 0.0232 -0.8753
vn 0.3313 -0.0183 -0.9433
vn 0.8447 0.0206 -0.5348
vn 0.7265 -0.0206 -0.6869
vn 0.9971 0.0132 -0.0746
vn 0.9472 -0.0132 -0.3204
vn 1.0000 -0.0059 0.0024
vn 0.9311 0.0059 0.3648
vn 0.7613 0.0132 0.6483
vn 0.9003 -0.0132 0.4350
vn 0.4501 0.0138 0.8929
vn 0.5904 -0.0208 0.8069
vn 0.1512 -0.0089 0.9885
vn 0.1762 -0.0014 0.9844
vn 0.0570 -0.0043 0.9984
vn 0.0566 -0.0052 0.9984
vn -0.2705 0.0037 0.9627
vn -0.5463 0.0133 0.8375
vn -0.3384 -0.0115 0.9409
vn -0.8486 0.0209 0.5286
vn -0.7300 -0.0208 0.6831
vn -0.9947 0.0133 0.1019
vn -0.9628 -0.0200 0.2694
vn -0.9696 0.0037 -0.2445
vn -0.9824 -0.0122 -0.1862
vn -0.8050 0.0037 -0.5933
vn -0.7678 -0.0124 -0.6406
vn -0.5580 0.0130 -0.8297
vn -0.1893 0.0100 -0.9819
vn -0.4298 -0.0130 -0.9028
vn -0.1269 -0.0031 -0.9919
vn 0.1945 -0.0092 -0.9809
vn 0.1871 0.0035 -0.9823
vn -0.9914 0.0146 -0.1298
vn -0.8181 0.0075 -0.5750
vn -0.8752 -0.0114 -0.4835
vn -0.4619 0.0094 -0.8869
vn -0.5510 -0.0075 -0.8345
vn 0.0360 0.0165 -0.9992
vn -0.1288 -0.0092 -0.9916
vn 0.2227 -0.0050 -0.9749
vn 0.6225 0.0074 -0.7825
vn 0.5510 -0.0024 -0.8345
vn 0.8874 -0.0074 -0.4609
vn 0.9306 0.0042 -0.3659
vn 0.9890 0.0011 0.1478
vn 0.9871 -0.0008 0.1604
vn 0.6975 0.0087 0.7166
vn 0.7776 -0.0044 0.6288
vn 0.4129 -0.0066 0.9108
vn 0.2250 0.0026 0.9744
vn 0.2024 0.0069 0.9793
vn -0.2290 0.0116 0.9733
vn -0.1031 -0.0061 0.9947
vn -0.6514 0.0121 0.7587
vn -0.5124 -0.0115 0.8587
vn -0.9297 0.0130 0.3681
vn -0.8455 -0.0117 0.5338
vn -0.9977 -0.0162 0.0657
vn -0.9976 0.0132 -0.0686
vn -0.9221 -0.0095 -0.3869
vn -0.9253 -0.0068 -0.3791
vn -0.7035 0.0059 -0.7107
vn -0.4362 -0.0000 -0.8999
vn -0.6864 -0.0000 -0.7272
vn -0.4148 -0.0059 -0.9099
vn -0.0212 0.0069 -0.9998
vn -0.0304 0.0099 -0.9995
vn 0.4455 0.0205 -0.8950
vn 0.2919 -0.0138 -0.9564
vn 0.8089 0.0194 -0.5876
vn 0.6760 -0.0197 -0.7366
vn 0.9901 0.0132 -0.1397
vn 0.9166 -0.0150 -0.3994
vn 0.9979 -0.0059 -0.0639
vn 0.9407 0.0071 0.3392
vn 0.9294 -0.0036 0.3691
vn 0.6568 0.0036 0.7541
vn 0.6721 -0.0036 0.7404
vn 0.2487 0.0036 0.9686
vn 0.2288 -0.0036 0.9735
vn -0.2503 0.0036 0.9682
vn -0.2304 -0.0036 0.9731
vn -0.6562 0.0036 0.7546
vn -0.6714 -0.0035 0.7411
vn -0.9369 0.0118 0.3494
vn -0.9150 -0.0036 0.4034
vn -0.9979 -0.0130 0.0633
vn -0.9405 0.0198 -0.3391
vn -0.9842 -0.0130 -0.1765
vn -0.6778 0.0130 -0.7352
vn -0.8404 -0.0130 -0.5418
vn -0.6201 -0.0059 -0.7845
vn -0.2597 0.0069 -0.9657
vn -0.2176 -0.0069 -0.9760
vn 0.2176 0.0069 -0.9760
vn 0.2597 -0.0069 -0.9657
vn 0.6201 0.0059 -0.7845
vn 0.8404 0.0110 -0.5418
vn 0.6733 -0.0115 -0.7393
vn 0.9842 0.0155 -0.1764
vn 0.9294 -0.0203 -0.3686
vn 0.9948 -0.0130 0.1013
vn 0.9843 0.0059 0.1765
vn 0.8405 -0.0000 0.5418
vn 0.6381 -0.0000 0.7700
vn 0.8531 -0.0059 0.5217
vn 0.6198 -0.0059 0.7848
vn 0.2599 0.0069 0.9656
vn 0.2177 -0.0069 0.9760
vn -0.2177 0.0069 0.9760
vn -0.2599 -0.0069 0.9656
vn -0.6198 0.0059 0.7848
vn -0.6381 -0.0000 0.7700
vn -0.8531 0.0059 0.5217
vn -0.8405 -0.0000 0.5419
vn -0.9941 0.0114 0.1074
vn -0.9843 -0.0059 0.1765
vn -0.9979 -0.0127 -0.0642
vn -0.9267 0.0064 -0.3757
vn -0.9234 0.0089 -0.3837
vn -0.6517 0.0121 -0.7584
vn -0.7073 -0.0054 -0.7069
vn -0.4328 -0.0123 -0.9014
vn -0.2277 0.0187 -0.9735
vn 0.2221 0.0108 -0.9750
vn -0.0535 -0.0122 -0.9985
vn 0.2905 -0.0055 -0.9569
vn 0.6448 0.0064 -0.7643
vn 0.6773 -0.0065 -0.7357
vn 0.9136 0.0055 -0.4065
vn 0.9397 -0.0107 -0.3419
vn 0.9979 0.0121 -0.0642
vn 0.9946 -0.0183 0.1023
vn 0.9283 0.0183 0.3713
vn 0.6975 0.0080 0.7165
vn 0.8533 -0.0122 0.5213
vn 0.5903 -0.0150 0.8071
vn 0.4159 0.0184 0.9092
vn -0.0201 0.0064 0.9998
vn 0.0596 -0.0173 0.9981
vn -0.4326 -0.0000 0.9016
vn -0.4117 -0.0054 0.9113
vn -0.7075 0.0054 0.7067
vn -0.6907 -0.0000 0.7231
vn -0.9234 -0.0089 0.3837
vn -0.9267 -0.0064 0.3757
vn -0.9979 0.0127 0.0642
vn -0.9951 -0.0191 -0.0965
vn -0.9261 0.0191 -0.3767
vn -0.8533 -0.0128 -0.5213
vn -0.6451 0.0064 -0.7640
vn -0.6384 0.0090 -0.7697
vn -0.2196 0.0065 -0.9756
vn -0.2620 -0.0064 -0.9650
vn 0.2950 0.0179 -0.9553
vn 0.2164 -0.0065 -0.9763
vn 0.7668 0.0153 -0.6417
vn 0.6196 -0.0186 -0.7847
vn 0.8505 -0.0081 -0.5260
vn 0.9507 0.0119 -0.3100
vn 0.9859 -0.0119 -0.1671
vn 0.9975 0.0081 0.0696
vn 0.9774 -0.0153 0.2110
vn 0.9135 0.0186 0.4064
vn 0.6166 0.0173 0.7871
vn 0.7050 -0.0178 0.7090
vn 0.0918 0.0151 0.9957
vn 0.2909 -0.0185 0.9566
vn -0.0922 -0.0151 0.9956
vn -0.2940 0.0184 0.9556
vn -0.6386 -0.0090 0.7695
vn -0.6165 -0.0175 0.7872
vn -0.8533 0.0128 0.5213
vn -0.9261 -0.0191 0.3767
vn -0.9951 0.0191 0.0965
vn 0.9971 -0.0051 0.0759
vn 0.7339 -0.0048 0.6793
vn 0.8733 0.0042 0.4871
vn 0.4224 0.0059 0.9064
vn -0.0579 -0.0088 0.9983
vn -0.3535 0.0068 0.9354
vn -0.8383 -0.0071 0.5452
vn -0.9330 0.0056 0.3598
vn -0.9042 -0.0066 -0.4271
vn -0.8598 0.0008 -0.5106
vn -0.2429 0.0038 -0.9700
vn -0.0711 -0.0073 -0.9974
vn 0.5087 0.0050 -0.8609
vn 0.7208 -0.0072 -0.6931
vn 0.9671 0.0080 -0.2542
vn 0.9809 -0.0057 0.1944
vn 0.8827 0.0065 0.4698
vn 0.5578 -0.0069 0.8299
vn 0.2638 0.0075 0.9646
vn -0.2638 -0.0075 0.9646
vn -0.5578 0.0069 0.8300
vn -0.8827 -0.0065 0.4698
vn -0.9809 0.0057 0.1945
vn -0.9379 -0.0070 -0.3469
vn -0.8421 0.0048 -0.5394
vn -0.3460 -0.0041 -0.9382
vn -0.1597 0.0057 -0.9871
vn 0.3043 -0.0057 -0.9526
vn 0.6087 0.0050 -0.7934
vn 0.8485 -0.0052 -0.5292
vn 0.9631 0.0051 -0.2691
vn 0.0001 1.0000 0.0001
vn 0.9982 0.0071 0.0596
vn 0.9161 -0.0107 0.4008
vn 0.8075 0.0050 0.5899
vn 0.1883 -0.0105 0.9821
vn 0.2987 -0.0000 0.9543
vn -0.3378 0.0105 0.9412
vn -0.6233 -0.0081 0.7819
vn -0.8839 0.0066 0.4677
vn -0.9471 -0.0027 0.3211
vn -0.9897 0.0052 -0.1434
vn -0.9423 -0.0085 -0.3345
vn -0.6200 0.0092 -0.7845
vn -0.4177 -0.0101 -0.9085
vn 0.1741 0.0093 -0.9847
vn 0.3884 -0.0078 -0.9214
vn 0.9167 -0.0077 -0.3994
vn 0.8032 0.0080 -0.5957
vn -0.0002 1.0000 -0.0001
vn 0.9984 0.0084 0.0563
vn 0.9005 -0.0070 0.4348
vn 0.7099 0.0087 0.7043
vn 0.4603 -0.0060 0.8878
vn -0.0855 -0.0050 0.9963
vn 0.0855 0.0050 0.9963
vn -0.4603 0.0060 0.8878
vn -0.7099 -0.0087 0.7043
vn -0.9005 0.0070 0.4348
vn -0.9897 -0.0050 0.1429
vn -0.9890 0.0054 -0.1477
vn -0.9241 -0.0066 -0.3821
vn -0.6184 0.0093 -0.7858
vn -0.4389 -0.0082 -0.8985
vn 0.2423 -0.0007 -0.9702
vn 0.1476 0.0063 -0.9890
vn 0.6823 -0.0006 -0.7310
vn 0.7379 0.0056 -0.6749
vn 0.9888 -0.0053 -0.1488
vn 0.7438 -0.0091 0.6684
vn 0.6122 0.0097 0.7907
vn 0.0409 0.0046 0.9992
vn -0.0409 -0.0046 0.9992
vn -0.5337 -0.0079 0.8456
vn -0.7441 0.0117 0.6679
vn -0.9673 -0.0111 0.2533
vn -0.9991 0.0079 -0.0413
vn -0.8242 -0.0091 -0.5662
vn -0.7488 0.0032 -0.6628
vn 0.0384 -0.0111 -0.9992
vn -0.1016 0.0028 -0.9948
vn 0.5516 0.0108 -0.8340
vn 0.7856 -0.0085 -0.6186
vn 0.9994 0.0023 -0.0341
vn 0.9930 0.0112 -0.1176
vn 0.9983 0.0128 0.0571
vn 0.7734 -0.0092 0.6339
vn 0.5549 0.0107 0.8318
vn 0.1689 -0.0089 0.9856
vn -0.1689 0.0089 0.9856
vn -0.5253 -0.0091 0.8509
vn -0.7749 0.0092 0.6321
vn -0.9682 -0.0109 0.2498
vn -0.9991 0.0079 -0.0412
vn -0.8249 -0.0091 -0.5652
vn -0.7496 0.0032 -0.6619
vn -0.0120 -0.0062 -0.9999
vn -0.1021 0.0028 -0.9948
vn 0.5867 0.0075 -0.8098
vn 0.6861 -0.0051 -0.7275
vn 0.9966 -0.0024 -0.0828
vn 0.9646 -0.0108 0.2635
vn 0.8437 0.0123 0.5367
vn 0.3977 -0.0139 0.9174
vn 0.0723 0.0146 0.9973
vn -0.4761 -0.0126 0.8793
vn -0.7437 0.0117 0.6684
vn -0.8707 -0.0065 -0.4917
vn -0.7482 0.0070 -0.6635
vn -0.4167 -0.0083 -0.9090
vn -0.0997 0.0108 -0.9950
vn 0.3544 -0.0080 -0.9351
vn 0.5410 0.0060 -0.8410
vn 0.8743 -0.0073 -0.4854
vn 0.9682 0.0103 -0.2501
vn 0.9645 -0.0107 0.2640
vn 0.8438 0.0123 0.5365
vn 0.3973 -0.0139 0.9176
vn 0.0719 0.0146 0.9973
vn -0.5057 -0.0142 0.8626
vn -0.7447 0.0115 0.6673
vn -0.9910 -0.0111 0.1334
vn -0.9910 0.0111 -0.1331
vn -0.7441 -0.0114 -0.6679
vn -0.5068 0.0141 -0.8619
vn 0.0716 -0.0146 -0.9973
vn 0.3981 0.0140 -0.9172
vn 0.8432 -0.0123 -0.5375
vn 0.9645 0.0107 -0.2638
vn 0.4866 0.0034 0.8736
vn 0.5250 0.0099 0.8510
vn -0.3109 -0.0079 0.9504
vn -0.5278 0.0134 0.8493
vn -0.8605 -0.0088 0.5095
vn -0.9774 0.0071 0.2115
vn -0.9824 -0.0086 -0.1864
vn -0.9257 0.0054 -0.3781
vn -0.5537 -0.0057 -0.8327
vn -0.3876 0.0097 -0.9218
vn 0.1194 -0.0118 -0.9928
vn 0.4973 0.0149 -0.8675
vn 0.7900 -0.0085 -0.6130
vn 0.9979 -0.0080 0.0638
vn 0.9931 0.0111 -0.1170
vn 0.9759 0.0057 0.2183
vn 0.9411 -0.0089 0.3380
vn 0.4353 -0.0006 0.9003
vn 0.3552 0.0090 0.9347
vn -0.3552 -0.0090 0.9347
vn -0.4353 0.0006 0.9003
vn -0.9411 0.0089 0.3380
vn -0.9759 -0.0057 0.2183
vn -0.8511 -0.0058 -0.5250
vn -0.7793 0.0097 -0.6266
vn -0.0281 0.0041 -0.9996
vn 0.0281 -0.0041 -0.9996
vn 0.7793 -0.0097 -0.6266
vn 0.8511 0.0058 -0.5250
vn 0.0003 -1.0000 -0.0001
vn -0.9966 0.0025 0.0819
vn -0.7716 0.0159 0.6359
vn -0.5930 -0.0291 0.8047
vn -0.1694 0.0209 0.9853
vn 0.1694 -0.0209 0.9853
vn 0.5927 0.0291 0.8049
vn 0.7717 -0.0159 0.6358
vn 0.9966 -0.0024 0.0819
vn 0.9970 0.0323 -0.0697
vn 0.7663 -0.0264 -0.6419
vn 0.5618 0.0200 -0.8270
vn -0.0978 0.0147 -0.9951
vn 0.0975 -0.0148 -0.9951
vn -0.5622 -0.0200 -0.8267
vn -0.7663 0.0264 -0.6419
vn -0.9970 -0.0323 -0.0697
vn -0.0001 -1.0000 -0.0001
vn -0.9700 0.0345 0.2407
vn -0.5624 -0.0370 0.8261
vn -0.2598 0.0281 0.9653
vn 0.1768 -0.0205 0.9840
vn 0.5895 0.0296 0.8072
vn 0.7702 -0.0158 0.6376
vn 0.9966 -0.0028 0.0827
vn 0.9970 0.0324 -0.0704
vn 0.7694 -0.0258 -0.6382
vn 0.5611 0.0201 -0.8275
vn -0.0941 0.0148 -0.9955
vn 0.0941 -0.0172 -0.9954
vn -0.7881 0.0217 -0.6151
vn -0.6413 -0.0192 -0.7671
vn -0.9996 -0.0249 -0.0151
vn 0.9934 -0.0017 -0.1147
vn 0.9835 0.0097 -0.1806
vn 0.7843 -0.0148 -0.6203
vn 0.6492 0.0193 -0.7604
vn 0.2610 -0.0158 -0.9652
vn -0.0069 0.0179 -0.9998
vn -0.2602 -0.0142 -0.9655
vn -0.6143 0.0173 -0.7889
vn -0.8042 -0.0187 -0.5941
vn -0.9254 0.0123 -0.3787
vn -0.9985 -0.0096 0.0546
vn -0.9933 0.0010 0.1156
vn -0.8135 0.0026 0.5816
vn -0.7874 -0.0063 0.6164
vn -0.3016 0.0065 0.9534
vn -0.2600 -0.0022 0.9656
vn 0.2247 -0.0013 0.9744
vn 0.2454 0.0022 0.9694
vn 0.6509 -0.0025 0.7591
vn 0.6668 0.0011 0.7452
vn 0.9310 0.0025 0.3651
vn 0.9400 -0.0019 0.3413
vn 0.6278 -0.7395 0.2430
vn 0.6491 -0.6468 0.4004
vn 0.4477 -0.7379 0.5051
vn 0.3632 -0.6598 0.6579
vn 0.1605 -0.7411 0.6519
vn 0.0164 -0.6589 0.7521
vn -0.1958 -0.7502 0.6316
vn -0.3670 -0.6384 0.6766
vn -0.5353 -0.7517 0.3853
vn -0.6950 -0.6426 0.3226
vn -0.6705 -0.7385 0.0703
vn -0.7623 -0.6393 -0.1015
vn -0.6098 -0.7538 -0.2449
vn -0.4242 -0.7312 -0.5343
vn -0.5394 -0.6542 -0.5301
vn -0.1732 -0.6360 -0.7520
vn -0.0004 -0.7676 -0.6409
vn 0.3507 -0.5969 -0.7216
vn 0.4178 -0.7709 -0.4808
vn 0.6548 -0.7454 -0.1250
vn 0.6825 -0.6447 -0.3442
vn 0.7481 -0.6635 -0.0107
vn 0.8583 0.0143 -0.5130
vn 0.9272 -0.0131 -0.3743
vn 0.4799 -0.0050 -0.8773
vn 0.4929 -0.0018 -0.8701
vn -0.0095 0.0017 -1.0000
vn 0.0108 -0.0018 -0.9999
vn -0.4511 0.0020 -0.8925
vn -0.5079 -0.0091 -0.8613
vn -0.8277 0.0098 -0.5611
vn -0.9293 -0.0197 -0.3689
vn -0.9977 0.0192 -0.0650
vn -0.9256 -0.0220 0.3779
vn -0.8160 0.0193 0.5777
vn -0.4432 -0.0189 0.8962
vn -0.2282 0.0197 0.9734
vn 0.1817 -0.0173 0.9832
vn 0.4365 0.0140 0.8996
vn 0.6726 -0.0138 0.7398
vn 0.8263 0.0131 0.5631
vn 0.9971 0.0089 0.0757
vn 0.9816 -0.0097 0.1907
vn 0.7084 -0.7032 0.0597
vn 0.6988 -0.7121 0.0674
vn 0.6152 -0.6679 0.4188
vn 0.5907 -0.6879 0.4217
vn 0.2931 -0.7435 0.6011
vn 0.2339 -0.6409 0.7311
vn -0.1564 -0.7287 0.6668
vn -0.1509 -0.7209 0.6764
vn -0.4903 -0.6492 0.5814
vn -0.5286 -0.7619 0.3742
vn -0.6999 -0.6541 0.2869
vn -0.6919 -0.7191 -0.0648
vn -0.7141 -0.6984 -0.0476
vn -0.5998 -0.6848 -0.4139
vn -0.5948 -0.6888 -0.4145
vn -0.3123 -0.7358 -0.6009
vn -0.0056 -0.7211 -0.6929
vn -0.2605 -0.6633 -0.7016
vn 0.0780 -0.6636 -0.7440
vn 0.3238 -0.7398 -0.5898
vn 0.4740 -0.6493 -0.5947
vn 0.5688 -0.7453 -0.3480
vn 0.6944 -0.6616 -0.2829
vn -0.9407 0.0140 0.3388
vn -0.6769 0.0099 0.7360
vn -0.8365 -0.0148 0.5478
vn -0.2247 0.0147 0.9743
vn -0.4034 -0.0132 0.9149
vn 0.4030 0.0133 0.9151
vn 0.2250 -0.0144 0.9743
vn 0.8106 0.0097 0.5856
vn 0.7046 -0.0125 0.7095
vn 0.9834 -0.0081 0.1813
vn 0.9929 0.0022 0.1192
vn 0.9419 -0.0025 -0.3360
vn 0.9333 0.0017 -0.3591
vn 0.6428 0.0017 -0.7660
vn 0.6151 -0.0057 -0.7884
vn 0.0603 0.0057 -0.9982
vn 0.0210 -0.0022 -0.9998
vn -0.4517 -0.0013 -0.8922
vn -0.4704 0.0022 -0.8824
vn -0.8258 0.0022 -0.5640
vn -0.8091 -0.0024 -0.5876
vn -0.9932 -0.0067 -0.1164
vn -0.9951 -0.0029 -0.0983
vn 0.6668 -0.7404 0.0844
vn 0.7101 -0.6588 0.2486
vn 0.5460 -0.7414 0.3901
vn 0.5089 -0.6604 0.5521
vn 0.2689 -0.7471 0.6080
vn 0.1730 -0.6378 0.7505
vn -0.1489 -0.7519 0.6422
vn -0.3075 -0.6431 0.7013
vn -0.4582 -0.7398 0.4926
vn -0.6313 -0.6468 0.4278
vn -0.6208 -0.7472 0.2372
vn -0.7632 -0.6455 -0.0289
vn -0.7019 -0.7066 -0.0899
vn -0.6047 -0.6903 -0.3973
vn -0.5885 -0.7017 -0.4015
vn -0.3292 -0.7062 -0.6268
vn -0.3465 -0.6941 -0.6310
vn 0.0435 -0.7123 -0.7005
vn 0.0212 -0.6836 -0.7296
vn 0.4485 -0.7035 -0.5513
vn 0.5233 -0.6411 -0.5613
vn 0.6349 -0.7358 -0.2357
vn 0.7517 -0.6455 -0.1356
vn 0.9909 0.0103 -0.1341
vn 0.8058 0.0178 -0.5920
vn 0.9272 -0.0138 -0.3743
vn 0.4933 -0.0179 -0.8697
vn 0.2752 0.0134 -0.9613
vn 0.0102 -0.0104 -0.9999
vn -0.2897 0.0149 -0.9570
vn -0.4751 -0.0118 -0.8799
vn -0.8127 0.0062 -0.5826
vn -0.8022 0.0026 -0.5971
vn -0.9901 -0.0025 -0.1404
vn -0.9928 0.0010 -0.1200
vn -0.9298 0.0026 0.3680
vn -0.9122 -0.0066 0.4096
vn -0.4880 0.0075 0.8728
vn -0.4468 -0.0038 0.8946
vn 0.1823 -0.0020 0.9832
vn 0.2043 0.0027 0.9789
vn 0.6735 -0.0028 0.7392
vn 0.6685 -0.0041 0.7437
vn 0.9387 0.0097 0.3446
vn 0.9816 -0.0134 0.1904
vn 0.0688 -0.9969 0.0388
vn -0.0020 -1.0000 -0.0005
vn 0.0121 -0.9999 0.0071
vn 0.0045 -1.0000 0.0014
vn 0.0151 -0.9998 -0.0100
vn 0.0021 -1.0000 -0.0023
vn 0.0033 -1.0000 -0.0027
vn 0.0080 -1.0000 -0.0056
vn -0.0001 -1.0000 0.0008
vn 0.0017 -1.0000 -0.0001
vn 0.0003 -1.0000 -0.0000
vn 0.0001 -1.0000 0.0008
vn 0.0004 -1.0000 -0.0001
vn 0.0003 -1.0000 0.0001
vn -0.0003 -1.0000 -0.0000
vn -0.0005 -1.0000 0.0001
vn 0.0005 -1.0000 -0.0000
vn -0.0000 -1.0000 -0.0014
vn -0.0004 -1.0000 0.0001
vn 0.0007 -1.0000 0.0011
vn 0.0004 -1.0000 -0.0000
vn -0.0010 -1.0000 -0.0000
vn 0.0001 -1.0000 -0.0015
vn 0.0002 -1.0000 0.0017
vn -0.0004 -1.0000 -0.0042
vn 0.0002 -1.0000 0.0016
vn -0.0011 -0.9996 0.0279
vn -0.0000 -1.0000 0.0026
vn -0.0000 -1.0000 -0.0003
vn -0.0000 -1.0000 -0.0004
vn -0.0016 -1.0000 -0.0011
vn -0.0002 -1.0000 0.0009
vn 0.0013 -1.0000 0.0006
vn 0.0045 -0.9998 -0.0184
vn -0.0012 -1.0000 -0.0000
vn 0.0002 -1.0000 0.0001
vn -0.0012 -1.0000 0.0003
vn 0.0001 -1.0000 -0.0001
vn -0.0002 -1.0000 -0.0011
vn -0.0074 -1.0000 -0.0062
vn -0.0003 -1.0000 -0.0001
vn -0.0000 -1.0000 -0.0009
vn -0.0002 -0.9999 -0.0109
vn 0.0012 -0.9999 -0.0106
vn 0.0102 -0.9999 -0.0065
vn -0.0001 -1.0000 -0.0002
vn 0.0004 -1.0000 0.0001
vn 0.0001 -1.0000 0.0002
vn -0.0010 -1.0000 -0.0012
vn 0.0001 -1.0000 -0.0014
vn -0.0007 -1.0000 -0.0003
vn -0.0006 -1.0000 -0.0006
vn -0.0001 -1.0000 -0.0027
vn -0.0011 -1.0000 0.0013
vn -0.0001 -1.0000 -0.0026
vn -0.0018 -1.0000 0.0003
vn 0.0004 -1.0000 -0.0011
vn -0.0013 -1.0000 -0.0000
vn 0.0081 -1.0000 -0.0040
vn -0.0002 -1.0000 0.0016
vn 0.0001 -1.0000 0.0006
vn -0.0003 -1.0000 -0.0012
vn 0.0005 -1.0000 -0.0001
vn -0.0017 -1.0000 -0.0000
vn 0.0012 -1.0000 -0.0000
vn -0.0008 -1.0000 0.0001
vn 0.0002 -1.0000 -0.0016
vn 0.0007 -1.0000 -0.0003
vn -0.0008 -1.0000 -0.0000
vn 0.0007 -1.0000 -0.0000
vn 0.0006 -1.0000 -0.0007
vn -0.0001 -1.0000 0.0001
vn 0.0004 -1.0000 -0.0015
vn -0.0000 -1.0000 0.0034
vn -0.0000 -1.0000 0.0040
vn -0.0003 -1.0000 0.0001
vn -0.0000 -1.0000 0.0012
vn -0.0006 -1.0000 -0.0008
vn -0.0000 -1.0000 0.0032
vn -0.0001 -1.0000 0.0010
vn 0.0076 -1.0000 -0.0052
vn -0.0020 -1.0000 0.0018
vn -0.0096 -0.9999 0.0059
vn -0.0064 -1.0000 0.0031
vn 0.0001 -1.0000 -0.0026
vn -0.0015 -1.0000 -0.0003
vn -0.0011 -1.0000 -0.0001
vn -0.0004 -1.0000 -0.0001
vn -0.0004 -1.0000 -0.0002
vn -0.0002 -1.0000 -0.0009
vn -0.0005 -1.0000 0.0006
vn -0.0051 -1.0000 -0.0032
vn -0.0209 -0.9998 -0.0063
vn -0.0414 -0.9990 -0.0183
vn 0.0014 -1.0000 0.0010
vn -0.0018 -1.0000 -0.0003
vn -0.0005 -1.0000 -0.0001
vn 0.6681 -0.7019 0.2467
vn 0.7080 -0.6696 0.2245
vn 0.4765 -0.7012 0.5303
vn 0.4888 -0.6928 0.5303
vn 0.1389 -0.7113 0.6890
vn 0.1629 -0.6889 0.7063
vn -0.3221 -0.7444 0.5849
vn -0.2957 -0.6766 0.6744
vn -0.6180 -0.6455 0.4488
vn -0.6170 -0.7473 0.2468
vn -0.7427 -0.6605 0.1101
vn -0.6710 -0.7367 -0.0844
vn -0.7157 -0.6393 -0.2812
vn -0.5207 -0.7617 -0.3856
vn -0.3940 -0.5965 -0.6992
vn -0.1895 -0.7521 -0.6312
vn 0.1920 -0.7324 -0.6533
vn 0.1297 -0.6588 -0.7410
vn 0.4994 -0.6430 -0.5807
vn 0.5267 -0.7530 -0.3946
vn 0.7340 -0.6424 -0.2203
vn 0.6758 -0.7314 -0.0918
vn -0.7279 -0.0017 0.6857
vn -0.7318 -0.0029 0.6815
vn -0.9366 -0.0023 0.3504
vn -0.9431 0.0008 0.3325
vn -1.0000 -0.0019 -0.0016
vn -1.0000 0.0023 0.0012
vn -0.9187 -0.0030 -0.3951
vn -0.9338 0.0019 -0.3578
vn -0.6640 -0.0037 -0.7477
vn -0.6902 0.0029 -0.7236
vn -0.9960 0.0064 -0.0896
vn -0.8664 0.0075 -0.4994
vn -0.9246 -0.0085 -0.3808
vn -0.9962 0.0057 -0.0866
vn -0.8484 -0.0085 -0.5294
vn -0.5279 -0.0088 -0.8493
vn -0.7541 0.0110 -0.6567
vn -0.3581 0.0075 -0.9336
vn -0.0009 -0.0087 -1.0000
vn 0.0015 0.0051 -1.0000
vn 0.4951 -0.0042 -0.8688
vn 0.5369 0.0028 -0.8437
vn 0.8479 -0.0028 -0.5302
vn 0.8643 0.0020 -0.5030
vn 0.9967 0.0053 -0.0806
vn 0.9975 0.0028 -0.0705
vn -0.8428 0.0033 -0.5383
vn -0.8230 -0.0043 -0.5680
vn -0.5123 0.0033 -0.8588
vn -0.2097 -0.0000 -0.9778
vn -0.4917 -0.0000 -0.8708
vn -0.1863 -0.0033 -0.9825
vn 0.1863 0.0033 -0.9825
vn 0.4914 0.0073 -0.8709
vn 0.2607 -0.0073 -0.9654
vn 0.8190 0.0129 -0.5736
vn 0.6755 -0.0111 -0.7373
vn 0.9233 -0.0119 -0.3839
vn -0.9970 0.0014 -0.0776
vn -0.9946 0.0091 -0.1037
vn -0.8488 -0.0087 -0.5287
vn -0.5285 -0.0087 -0.8489
vn -0.7531 0.0104 -0.6578
vn -0.3574 0.0076 -0.9339
vn -0.0004 -0.0089 -1.0000
vn 0.0007 0.0054 -1.0000
vn 0.4960 -0.0037 -0.8683
vn 0.5348 0.0028 -0.8450
vn 0.8405 -0.0027 -0.5418
vn 0.8637 0.0035 -0.5040
vn 0.9973 -0.0043 -0.0730
vn 0.9984 -0.0004 -0.0565
vn 0.9262 0.0044 -0.3770
vn 0.9399 -0.0016 -0.3415
vn -0.9929 0.0013 0.1190
vn -0.9901 -0.0213 0.1389
vn -0.9993 -0.0027 -0.0385
vn -0.9987 0.0273 0.0435
vn -0.9910 0.0086 -0.1336
vn -0.9995 0.0071 -0.0297
vn -0.9876 -0.0083 -0.1567
vn -0.6933 0.0264 0.7202
vn -0.8663 0.0101 0.4994
vn -0.8501 -0.0047 0.5265
vn -0.9504 0.0284 0.3096
vn -0.6153 0.0013 0.7883
vn -0.6060 -0.0083 0.7954
vn -0.3147 0.0021 0.9492
vn -0.3060 -0.0022 0.9520
vn -0.5318 0.0164 0.8467
vn -0.0003 0.0083 1.0000
vn 0.0002 -0.0089 1.0000
vn 0.5300 0.0193 0.8478
vn 0.3160 0.0038 0.9487
vn 0.3353 -0.0042 0.9421
vn 0.0980 0.0169 0.9950
vn 0.6047 0.0014 0.7965
vn 0.6177 -0.0118 0.7863
vn 0.9547 0.0281 0.2964
vn 0.8523 0.0093 0.5230
vn 0.8711 -0.0069 0.4910
vn 0.7028 0.0237 0.7110
vn 0.0073 1.0000 0.0050
vn 0.0093 0.9999 0.0039
vn 0.0019 1.0000 0.0066
vn -0.0000 1.0000 0.0032
vn 0.0027 1.0000 -0.0005
vn 0.0022 1.0000 0.0015
vn 0.0005 1.0000 0.0031
vn 0.0021 1.0000 0.0013
vn 0.0015 1.0000 0.0024
vn 0.0069 1.0000 0.0069
vn 0.0053 1.0000 -0.0000
vn 0.0021 1.0000 0.0011
vn 0.0006 1.0000 0.0022
vn 0.0079 1.0000 0.0017
vn 0.0112 0.9999 -0.0019
vn 0.0095 1.0000 -0.0006
vn 0.0059 1.0000 -0.0036
vn 0.0046 1.0000 -0.0058
vn 0.0062 1.0000 0.0008
vn 0.0008 1.0000 -0.0019
vn 0.0019 1.0000 -0.0011
vn -0.0004 1.0000 0.0001
vn 0.0056 0.9999 -0.0154
vn 0.0016 1.0000 0.0014
vn 0.0044 1.0000 -0.0015
vn 0.0070 1.0000 -0.0005
vn 0.0020 1.0000 -0.0029
vn 0.0012 1.0000 -0.0035
vn 0.0006 1.0000 -0.0033
vn -0.0008 1.0000 -0.0037
vn 0.0022 1.0000 -0.0014
vn 0.0016 1.0000 -0.0027
vn -0.0000 1.0000 0.0077
vn -0.0001 1.0000 0.0001
vn -0.0010 1.0000 0.0018
vn -0.0014 1.0000 0.0010
vn -0.0005 1.0000 0.0020
vn 0.0009 1.0000 0.0024
vn -0.0071 1.0000 0.0018
vn -0.0021 1.0000 0.0059
vn -0.0065 1.0000 0.0037
vn -0.0017 1.0000 -0.0003
vn -0.0013 1.0000 0.0053
vn -0.0021 1.0000 -0.0021
vn -0.0030 1.0000 0.0017
vn -0.0084 0.9999 0.0089
vn -0.0543 0.9913 0.1200
vn -0.0040 1.0000 0.0009
vn -0.0062 1.0000 0.0005
vn -0.0335 0.9993 0.0135
vn -0.0040 1.0000 -0.0017
vn -0.0057 1.0000 -0.0004
vn -0.0024 1.0000 -0.0054
vn -0.0030 1.0000 -0.0030
vn 0.0011 1.0000 -0.0021
vn -0.0005 1.0000 -0.0017
vn -0.0010 1.0000 -0.0016
vn -0.0014 1.0000 -0.0009
vn -0.0000 1.0000 -0.0049
vn -0.0028 1.0000 -0.0019
vn -0.0070 1.0000 -0.0020
vn -0.0024 1.0000 -0.0056
vn -0.0029 1.0000 -0.0018
vn -0.0027 1.0000 0.0016
vn -0.0051 1.0000 -0.0013
vn -0.0051 1.0000 -0.0044
vn -0.0042 1.0000 -0.0071
vn -0.0000 1.0000 -0.0086
vn -0.0000 1.0000 -0.0051
vn -0.0000 1.0000 -0.0042
vn -0.0000 1.0000 0.0057
vn -0.0000 1.0000 0.0076
vn -0.0000 1.0000 0.0091
vn 0.9917 0.0073 -0.1284
vn 0.9880 -0.0120 -0.1542
vn 0.9992 -0.0035 -0.0406
vn 0.9995 0.0064 -0.0312
vn 0.9988 0.0226 0.0445
vn 0.9910 -0.0054 0.1337
vn 0.9921 -0.0143 0.1243
vn 0.6837 0.0179 -0.7295
vn 0.8675 -0.0036 -0.4975
vn 0.9541 0.0243 -0.2985
vn 0.8680 -0.0040 -0.4966
vn 0.6178 -0.0112 -0.7862
vn 0.6067 -0.0002 -0.7950
vn 0.0886 0.0162 -0.9959
vn 0.3314 0.0023 -0.9435
vn 0.5084 0.0226 -0.8608
vn 0.3356 0.0006 -0.9420
vn 0.0002 -0.0083 -1.0000
vn -0.0000 -0.0007 -1.0000
vn -0.5342 0.0161 -0.8452
vn -0.3066 0.0011 -0.9518
vn -0.1229 0.0234 -0.9921
vn -0.3053 0.0006 -0.9522
vn -0.6061 -0.0081 -0.7953
vn -0.6025 -0.0117 -0.7980
vn -0.9634 0.0231 -0.2671
vn -0.8564 -0.0023 -0.5163
vn -0.7080 0.0226 -0.7059
vn -0.8498 -0.0083 -0.5271
vn 0.5822 0.5879 -0.5616
vn 0.6637 0.7224 -0.1939
vn 0.4944 0.8298 -0.2589
vn 0.6613 0.6089 -0.4381
vn 0.3617 0.7956 -0.4859
vn 0.3221 0.8539 -0.4087
vn 0.0976 0.7031 -0.7043
vn 0.3529 0.7453 -0.5657
vn 0.1971 0.8393 -0.5067
vn 0.1930 0.7191 -0.6676
vn -0.0001 0.8066 -0.5911
vn 0.0001 0.8560 -0.5171
vn -0.3571 0.6942 -0.6250
vn -0.0629 0.7483 -0.6603
vn -0.1527 0.8423 -0.5170
vn -0.2545 0.7186 -0.6471
vn -0.4209 0.7442 -0.5187
vn -0.3231 0.8448 -0.4266
vn -0.6858 0.6896 -0.2326
vn -0.5401 0.6336 -0.5539
vn -0.6103 0.7059 -0.3597
vn -0.5422 0.7653 -0.3468
vn -0.5490 0.8336 0.0604
vn -0.6805 0.7262 0.0975
vn -0.7487 0.6625 0.0237
vn -0.4460 0.8918 -0.0759
vn -0.6766 0.7328 -0.0718
vn -0.6720 0.7400 -0.0281
vn -0.6919 0.7215 -0.0258
vn -0.4472 0.7758 0.4451
vn -0.3460 0.9203 0.1823
vn -0.4692 0.8279 0.3071
vn -0.7064 0.6871 0.1698
vn -0.3377 0.8257 0.4519
vn -0.2956 0.8780 0.3765
vn -0.1474 0.8699 0.4706
vn -0.3621 0.6909 0.6257
vn -0.2317 0.7326 0.6400
vn -0.2464 0.5614 0.7900
vn -0.0006 0.5397 0.8419
vn 0.0001 0.8237 0.5670
vn -0.0001 0.8698 0.4934
vn 0.3560 0.6790 0.6420
vn 0.0889 0.7028 0.7058
vn 0.2332 0.7039 0.6709
vn 0.1960 0.7539 0.6271
vn 0.3521 0.8195 0.4521
vn 0.3235 0.8454 0.4250
vn 0.6688 0.7162 0.1994
vn 0.4624 0.7380 0.4915
vn 0.4773 0.8309 0.2860
vn 0.4439 0.8525 0.2761
vn 0.5513 0.8298 -0.0868
vn 0.6967 0.7128 -0.0807
vn 0.7011 0.7123 -0.0326
vn 0.6273 0.7786 -0.0157
vn 0.5272 0.8466 0.0726
vn 0.6356 0.7685 0.0732
vn 0.7579 0.6513 0.0370
vn -0.0011 -0.0000 1.0000
vn -0.0168 0.0509 0.9986
vn 0.0100 -0.0000 1.0000
vn -0.0000 0.0024 1.0000
vn 0.0035 1.0000 -0.0036
vn 0.0024 1.0000 -0.0039
vn 0.0054 1.0000 -0.0038
vn 0.0004 1.0000 -0.0012
vn -0.0002 1.0000 -0.0025
vn 0.0067 1.0000 -0.0029
vn 0.0002 1.0000 -0.0012
vn 0.0051 1.0000 -0.0010
vn 0.0060 1.0000 -0.0007
vn 0.0058 1.0000 -0.0000
vn -0.0007 1.0000 -0.0002
vn -0.0000 1.0000 0.0004
vn 0.0051 1.0000 0.0010
vn 0.0001 1.0000 0.0004
vn 0.0060 1.0000 0.0007
vn 0.0002 1.0000 -0.0000
vn 0.0067 1.0000 0.0029
vn 0.0011 1.0000 -0.0028
vn 0.0054 1.0000 0.0038
vn 0.0035 1.0000 0.0037
vn -0.0028 1.0000 -0.0037
vn 0.0035 1.0000 0.0036
vn -0.0034 1.0000 -0.0029
vn -0.0037 1.0000 -0.0039
vn 0.0024 1.0000 0.0039
vn -0.0000 1.0000 0.0027
vn -0.0063 1.0000 -0.0034
vn 0.0006 1.0000 0.0016
vn -0.0067 1.0000 -0.0021
vn -0.0026 1.0000 0.0031
vn -0.0035 1.0000 -0.0030
vn 0.0002 1.0000 0.0015
vn 0.0020 1.0000 0.0033
vn 0.0002 1.0000 -0.0043
vn 0.0031 1.0000 -0.0010
vn 0.0064 1.0000 -0.0006
vn -0.0004 1.0000 0.0015
vn 0.0063 1.0000 -0.0020
vn 0.0007 1.0000 -0.0041
vn -0.0004 1.0000 0.0031
vn -0.0007 1.0000 0.0013
vn -0.0023 1.0000 -0.0013
vn -0.0028 1.0000 0.0037
vn -0.0034 1.0000 0.0029
vn 0.9951 -0.0000 -0.0991
vn 0.9535 -0.0000 -0.3015
vn 0.8755 -0.0000 -0.4832
vn 0.7591 -0.0000 -0.6510
vn 0.6111 -0.0000 -0.7915
vn 0.4409 -0.0000 -0.8975
vn 0.2504 -0.0000 -0.9681
vn 0.0507 -0.0000 -0.9987
vn -0.1516 -0.0000 -0.9884
vn -0.3473 -0.0000 -0.9377
vn -0.5288 -0.0000 -0.8487
vn -0.6894 -0.0000 -0.7244
vn -0.8199 -0.0000 -0.5725
vn -0.9190 -0.0000 -0.3943
vn -0.9797 -0.0000 -0.2004
vn -0.9797 -0.0000 0.2004
vn -0.9190 -0.0000 0.3943
vn -0.8199 -0.0000 0.5725
vn -0.6894 -0.0000 0.7244
vn -0.5288 -0.0000 0.8487
vn -0.3476 -0.0000 0.9377
vn -0.1513 -0.0000 0.9885
vn 0.0507 -0.0000 0.9987
vn 0.2506 -0.0000 0.9681
vn 0.4407 -0.0000 0.8976
vn 0.6113 -0.0000 0.7914
vn 0.7590 -0.0000 0.6511
vn 0.8755 -0.0000 0.4832
vn 0.9535 -0.0000 0.3015
vn 0.9951 -0.0000 0.0991
vn 0.9924 -0.0000 -0.1230
vn 0.9355 -0.0000 -0.3532
vn 0.8235 -0.0000 -0.5673
vn 0.6629 -0.0000 -0.7487
vn 0.4659 -0.0000 -0.8848
vn 0.2388 -0.0000 -0.9711
vn -0.2394 -0.0000 -0.9709
vn -0.4648 -0.0000 -0.8854
vn -0.6629 -0.0000 -0.7487
vn -0.8235 -0.0000 -0.5673
vn -0.9347 -0.0000 -0.3556
vn -0.9927 -0.0000 -0.1203
vn -0.9927 -0.0000 0.1204
vn -0.9346 -0.0000 0.3556
vn -0.8235 -0.0000 0.5673
vn -0.6630 -0.0000 0.7486
vn -0.4648 -0.0000 0.8854
vn -0.2394 -0.0000 0.9709
vn 0.2388 -0.0000 0.9711
vn 0.4659 -0.0000 0.8848
vn 0.6630 -0.0000 0.7486
vn 0.8235 -0.0000 0.5673
vn 0.9355 -0.0000 0.3533
vn 0.9924 -0.0000 0.1230
vn 0.9917 -0.0324 -0.1242
vn 0.9345 -0.0000 -0.3558
vn 0.9506 0.0337 -0.3085
vn 0.8244 -0.0000 -0.5661
vn 0.6616 -0.0000 -0.7499
vn 0.4663 -0.0000 -0.8847
vn 0.2390 -0.0000 -0.9710
vn -0.2390 -0.0000 -0.9710
vn -0.4651 -0.0000 -0.8853
vn -0.6630 -0.0000 -0.7486
vn -0.8230 -0.0000 -0.5680
vn -0.9355 -0.0000 -0.3534
vn -0.9926 -0.0000 -0.1215
vn -0.9926 -0.0000 0.1215
vn -0.9355 -0.0000 0.3533
vn -0.8230 -0.0000 0.5680
vn -0.6250 -0.0331 0.7799
vn -0.6629 -0.0000 0.7487
vn -0.2859 -0.0330 0.9577
vn -0.4650 0.0321 0.8847
vn -0.1910 0.0330 0.9810
vn -0.0000 -0.0320 0.9995
vn 0.2854 -0.0327 0.9578
vn 0.1910 0.0330 0.9810
vn 0.6237 -0.0331 0.7810
vn 0.4662 0.0319 0.8841
vn 0.6968 0.0329 0.7165
vn 0.8499 -0.0479 0.5248
vn 0.9846 -0.0326 0.1720
vn 0.9148 0.0483 0.4011
vn 0.9966 0.0331 0.0754
vn 0.1123 -0.0000 0.9937
vn 0.3310 -0.0000 0.9436
vn 0.5320 -0.0000 0.8467
vn 0.7074 -0.0000 0.7068
vn 0.9453 -0.0000 0.3262
vn 0.8449 -0.0000 0.5349
vn 0.9933 -0.0000 0.1152
vn 0.9453 -0.0000 -0.3262
vn 0.9933 -0.0000 -0.1152
vn 0.8449 -0.0000 -0.5349
vn 0.7074 -0.0000 -0.7068
vn 0.5321 -0.0000 -0.8467
vn 0.3307 -0.0000 -0.9437
vn -0.1117 -0.0000 -0.9937
vn 0.1123 -0.0000 -0.9937
vn -0.5321 -0.0000 -0.8467
vn -0.3307 -0.0000 -0.9437
vn -0.7062 -0.0000 -0.7080
vn -0.8472 -0.0000 -0.5314
vn -0.9936 -0.0000 -0.1127
vn -0.9438 -0.0000 -0.3306
vn -0.9936 -0.0000 0.1127
vn -0.8472 -0.0000 0.5314
vn -0.9438 -0.0000 0.3307
vn -0.7062 -0.0000 0.7080
vn -0.3310 -0.0000 0.9436
vn -0.5320 -0.0000 0.8467
vn -0.1117 -0.0000 0.9937
vn 0.0003 -1.0000 0.0002
vn 0.0003 -1.0000 0.0008
vn 0.0006 -1.0000 -0.0000
vn 0.0001 -1.0000 0.0010
vn 0.0005 -1.0000 0.0001
vn -0.0007 -1.0000 -0.0002
vn 0.0002 -1.0000 -0.0003
vn -0.0002 -1.0000 0.0007
vn -0.0006 -1.0000 -0.0004
vn -0.1075 0.1388 -0.9845
vn -0.3188 0.0568 -0.9461
vn -0.2482 -0.1409 -0.9584
vn -0.5419 0.1809 -0.8207
vn -0.4947 -0.0671 -0.8665
vn -0.8005 0.2551 -0.5423
vn -0.7523 -0.2132 -0.6233
vn -0.9673 0.1577 -0.1988
vn -0.9300 -0.2415 -0.2772
vn -0.9984 0.0256 0.0511
vn -0.9527 0.1469 0.2662
vn -0.9609 -0.2501 0.1188
vn -0.8833 -0.0043 0.4688
vn -0.8262 -0.2487 0.5055
vn -0.7548 0.1481 0.6390
vn -0.6038 -0.0211 0.7968
vn -0.5922 -0.0741 0.8024
vn -0.4200 0.0583 0.9056
vn -0.3817 -0.0572 0.9225
vn -0.2141 0.0537 0.9753
vn -0.1778 -0.0499 0.9828
vn -0.0000 0.0525 0.9986
vn 0.2146 0.0507 0.9754
vn 0.0356 -0.0488 0.9982
vn 0.4194 0.0468 0.9066
vn 0.2473 -0.0455 0.9679
vn 0.6045 0.0434 0.7954
vn 0.4473 -0.0432 0.8934
vn 0.7614 0.0422 0.6469
vn 0.6266 -0.0389 0.7784
vn 0.8827 0.0370 0.4685
vn 0.7784 -0.0368 0.6267
vn 0.9631 0.0351 0.2668
vn 0.8934 -0.0330 0.4480
vn 0.9981 0.0311 0.0534
vn 0.9687 -0.0297 0.2465
vn 0.9867 0.0279 -0.1601
vn 0.9991 -0.0254 0.0352
vn 0.9283 0.0243 -0.3711
vn 0.9841 -0.0230 -0.1761
vn 0.8271 0.0236 -0.5615
vn 0.9238 -0.0154 -0.3827
vn 0.6884 0.0200 -0.7250
vn 0.8213 -0.0109 -0.5704
vn 0.5157 0.0112 -0.8567
vn 0.6811 -0.0133 -0.7321
vn 0.3187 0.0073 -0.9478
vn 0.5104 -0.0092 -0.8599
vn 0.1083 0.0036 -0.9941
vn 0.3152 -0.0050 -0.9490
vn 0.0705 -0.1223 -0.9900
vn 0.1205 -0.0795 0.9895
vn 0.3536 -0.0000 0.9354
vn 0.3065 0.0822 0.9483
vn 0.5699 -0.0000 0.8217
vn 0.7466 -0.0000 0.6652
vn 0.8860 -0.0000 0.4637
vn 0.9714 -0.0000 0.2375
vn 0.9714 -0.0000 -0.2375
vn 0.8860 -0.0000 -0.4637
vn 0.7466 -0.0000 -0.6652
vn 0.5698 -0.0000 -0.8218
vn 0.3536 -0.0000 -0.9354
vn 0.1209 -0.0000 -0.9927
vn -0.1202 -0.0000 -0.9927
vn -0.3545 -0.0000 -0.9350
vn -0.6059 -0.0822 -0.7912
vn -0.5684 -0.0000 -0.8227
vn -0.8581 -0.0822 -0.5068
vn -0.7456 0.0798 -0.6615
vn -0.8848 -0.0000 -0.4659
vn -0.9714 -0.0000 -0.2375
vn -0.9953 0.0831 0.0492
vn -0.9683 -0.0802 0.2367
vn -0.8848 -0.0000 0.4660
vn -0.9035 0.0823 0.4207
vn -0.7480 -0.0000 0.6637
vn -0.5257 -0.0826 0.8467
vn -0.5686 -0.0000 0.8226
vn -0.1682 -0.0827 0.9823
vn -0.3534 0.0802 0.9320
vn -0.0716 0.0820 0.9941
vn 0.9743 0.2224 -0.0370
vn 0.9197 0.1191 -0.3741
vn 0.1061 0.9939 -0.0292
vn -0.0409 0.9944 -0.0978
vn -0.0654 0.9940 -0.0880
vn 0.0122 0.9870 -0.1605
vn 0.0044 0.9386 -0.3449
vn -0.1087 0.9570 -0.2688
vn -0.0452 0.9628 -0.2664
vn -0.1228 0.9847 -0.1233
vn -0.0453 0.8377 -0.5442
vn -0.1453 0.8957 -0.4202
vn -0.0483 0.8649 -0.4996
vn -0.0995 0.9554 -0.2781
vn -0.1866 0.9792 -0.0801
vn -0.1250 0.9845 -0.1234
vn -0.0818 0.7597 -0.6451
vn -0.2292 0.9362 -0.2663
vn -0.0582 0.3695 -0.9274
vn -0.2350 0.6207 -0.7480
vn -0.3257 0.8682 -0.3743
vn -0.1540 0.0363 -0.9874
vn -0.2701 0.4360 -0.8585
vn -0.2232 0.9513 -0.2125
vn -0.2906 0.9483 -0.1275
vn -0.2681 0.8144 -0.5147
vn -0.3302 0.8370 -0.4363
vn -0.2895 0.7335 -0.6150
vn -0.3036 0.9409 -0.1499
vn -0.1855 0.9825 -0.0163
vn -0.4450 0.8679 -0.2206
vn -0.5053 0.0745 -0.8597
vn -0.5762 0.4325 -0.6935
vn -0.4657 0.2142 -0.8586
vn -0.3076 0.9515 -0.0042
vn -0.4550 0.8572 -0.2410
vn -0.4193 0.8354 -0.3554
vn -0.3342 0.9422 -0.0228
vn -0.6402 0.5719 -0.5129
vn -0.7157 0.5682 -0.4061
vn -0.4982 0.8664 -0.0334
vn -0.7633 -0.3160 -0.5635
vn -0.6907 0.3622 -0.6259
vn -0.7955 0.4416 -0.4149
vn -0.5561 0.8270 -0.0832
vn -0.5591 0.8173 -0.1394
vn -0.1142 0.9857 0.1236
vn -0.3134 0.9436 0.1062
vn -0.4747 0.8655 0.1596
vn -0.8718 0.3853 -0.3024
vn -0.9736 -0.0773 -0.2149
vn -0.8968 0.4381 -0.0621
vn -0.2838 0.9518 0.1167
vn -0.2115 0.9559 0.2040
vn -0.5670 0.8190 0.0885
vn -0.5426 0.8285 0.1387
vn -0.2396 0.9488 0.2060
vn -0.3647 0.8718 0.3269
vn -0.9033 0.4250 0.0586
vn -0.1344 0.9493 0.2843
vn -0.4837 0.8370 0.2560
vn -0.3954 0.8570 0.3304
vn -0.9737 -0.0768 0.2146
vn -0.8665 0.3999 0.2988
vn -0.0619 0.9856 0.1576
vn -0.6221 0.6057 0.4961
vn -0.2106 0.8714 0.4430
vn -0.7984 0.4284 0.4232
vn -0.7309 0.5395 0.4181
vn -0.0019 0.9488 0.3160
vn -0.0911 0.9606 0.2626
vn -0.2708 0.8414 0.4677
vn -0.3316 0.8316 0.4455
vn -0.7598 -0.3283 0.5611
vn -0.6820 0.3773 0.6266
vn 0.0472 0.9875 0.1504
vn 0.0176 0.9833 0.1811
vn -0.5046 0.0726 0.8603
vn -0.4208 0.3369 0.8423
vn -0.5761 0.4285 0.6961
vn 0.0135 0.9501 0.3117
vn -0.1027 0.8359 0.5392
vn -0.1431 0.8304 0.5384
vn 0.1073 0.9838 0.1438
vn -0.0370 0.7487 0.6618
vn 0.0109 0.9508 0.3098
vn -0.1165 0.0869 0.9894
vn -0.1093 0.1210 0.9866
vn -0.2808 0.4450 0.8504
vn 0.1587 0.9644 0.2116
vn 0.1306 0.9435 0.3046
vn 0.2200 0.9495 0.2237
vn 0.0999 0.8336 0.5432
vn 0.1490 0.8228 0.5484
vn 0.1432 0.9877 0.0622
vn 0.0311 0.7490 0.6619
vn 0.3349 0.8675 0.3678
vn 0.2121 0.8674 0.4502
vn 0.0753 0.4446 0.8925
vn 0.2628 0.1730 0.9492
vn 0.2990 0.3643 0.8819
vn 0.2800 0.9520 0.1234
vn 0.3234 0.8409 0.4340
vn 0.2725 0.8421 0.4654
vn 0.2909 0.9457 0.1446
vn 0.4442 0.8683 0.2205
vn 0.5282 0.1660 0.8327
vn 0.4142 0.3923 0.8213
vn 0.5742 0.4312 0.6960
vn 0.4469 0.8655 0.2262
vn 0.4234 0.8339 0.3539
vn 0.3336 0.9424 0.0228
vn 0.1801 0.9835 -0.0159
vn 0.6237 0.6037 0.4966
vn 0.4974 0.8669 0.0342
vn 0.7655 -0.3130 0.5622
vn 0.6843 0.3788 0.6231
vn 0.7202 0.5598 0.4099
vn 0.7996 0.4314 0.4178
vn 0.3021 0.9533 -0.0056
vn 0.5218 0.8362 0.1687
vn 0.5066 0.8611 0.0420
vn 0.0540 0.9976 -0.0433
vn 0.0760 0.9919 -0.1014
vn 0.3311 0.9372 -0.1098
vn 0.1870 0.9784 -0.0878
vn 0.7895 0.5696 0.2285
vn 0.8079 0.5812 0.0970
vn 0.9624 -0.1225 0.2426
vn 0.8699 0.3935 0.2974
vn 0.9260 0.3725 0.0611
vn 0.2972 0.9442 -0.1418
vn 0.5639 0.8214 -0.0856
vn 0.5510 0.8266 -0.1143
vn 0.1406 0.9831 -0.1175
vn 0.6270 0.7491 -0.2137
vn 0.2971 0.9444 -0.1411
vn 0.9700 0.2392 -0.0426
vn 0.2095 0.9462 -0.2467
vn 0.4167 0.8365 -0.3558
vn 0.4418 0.8527 -0.2787
vn 0.8832 0.3721 -0.2856
vn 0.5993 0.7496 -0.2809
vn 0.0268 0.9867 -0.1602
vn 0.2094 0.9476 -0.2410
vn 0.1538 0.9448 -0.2894
vn 0.7203 0.5726 -0.3916
vn 0.6397 0.5703 -0.5153
vn 0.3420 0.8645 -0.3682
vn 0.1954 0.8711 -0.4506
vn 0.8409 0.3310 -0.4281
vn 0.2727 0.8278 -0.4903
vn 0.3384 0.8307 -0.4420
vn 0.0154 0.9392 -0.3430
vn 0.0818 0.9608 -0.2647
vn 0.7836 -0.0938 -0.6141
vn 0.6909 0.3691 -0.6216
vn 0.5050 0.1021 -0.8571
vn 0.4085 0.3876 -0.8263
vn 0.5809 0.4250 -0.6942
vn 0.1620 0.8616 -0.4810
vn 0.1375 0.7708 -0.6221
vn 0.0820 0.7516 -0.6545
vn 0.0588 0.3694 -0.9274
vn 0.2739 0.4512 -0.8493
vn 0.1546 0.0375 -0.9873
vn -0.1389 0.9901 0.0216
vn -0.0708 0.9972 -0.0245
vn -0.1379 0.9898 0.0358
vn -0.1142 0.9913 0.0661
vn 0.1187 0.9895 0.0820
vn 0.1518 0.9884 0.0058
vn 0.0474 0.9981 -0.0396
vn -0.0284 0.9981 0.0554
vn -0.0070 0.9975 0.0707
vn -0.0439 0.9878 0.1495
vn -0.0028 0.9975 0.0706
vn 0.0315 0.9983 0.0498
vn -0.0449 0.9990 0.0005
vn 0.0033 1.0000 -0.0035
vn 0.0023 1.0000 -0.0037
vn 0.0051 1.0000 -0.0035
vn 0.0033 1.0000 -0.0034
vn -0.0019 1.0000 -0.0015
vn 0.0063 1.0000 -0.0027
vn -0.0001 1.0000 0.0009
vn -0.0006 1.0000 0.0003
vn 0.0052 1.0000 -0.0011
vn 0.0057 1.0000 -0.0009
vn 0.0060 1.0000 -0.0000
vn -0.0000 1.0000 0.0009
vn 0.0006 1.0000 -0.0001
vn 0.0052 1.0000 0.0011
vn -0.0002 1.0000 -0.0007
vn 0.0057 1.0000 0.0009
vn 0.0063 1.0000 0.0027
vn -0.0003 1.0000 -0.0006
vn -0.0000 1.0000 -0.0030
vn 0.0051 1.0000 0.0036
vn 0.0033 1.0000 0.0034
vn -0.0028 1.0000 -0.0036
vn 0.0033 1.0000 0.0035
vn -0.0036 1.0000 -0.0039
vn 0.0023 1.0000 0.0037
vn -0.0000 1.0000 0.0025
vn -0.0061 1.0000 -0.0034
vn 0.0006 1.0000 0.0015
vn -0.0065 1.0000 -0.0020
vn -0.0026 1.0000 0.0030
vn 0.0020 1.0000 0.0034
vn 0.0032 1.0000 -0.0010
vn 0.0066 1.0000 -0.0007
vn 0.0064 1.0000 -0.0020
vn 0.0008 1.0000 -0.0041
vn -0.0007 1.0000 0.0014
vn -0.0028 1.0000 0.0036
vn 0.9541 -0.0000 -0.2995
vn 0.8737 -0.0000 -0.4865
vn 0.6122 -0.0000 -0.7907
vn 0.4401 -0.0000 -0.8980
vn 0.2509 -0.0000 -0.9680
vn -0.6883 -0.0000 -0.7254
vn -0.8209 -0.0000 -0.5711
vn -0.9198 -0.0000 -0.3925
vn -0.9793 -0.0000 -0.2025
vn -0.9793 -0.0000 0.2025
vn -0.9198 -0.0000 0.3925
vn -0.8209 -0.0000 0.5710
vn -0.6883 -0.0000 0.7254
vn 0.2511 -0.0000 0.9679
vn 0.4399 -0.0000 0.8981
vn 0.6123 -0.0000 0.7906
vn 0.8737 -0.0000 0.4865
vn 0.9541 -0.0000 0.2995
vn 0.9927 -0.0000 -0.1203
vn 0.9347 -0.0000 -0.3556
vn 0.4648 -0.0000 -0.8854
vn 0.2394 -0.0000 -0.9709
vn -0.8223 -0.0000 -0.5691
vn -0.9355 -0.0000 -0.3532
vn -0.8223 -0.0000 0.5691
vn 0.2394 -0.0000 0.9709
vn 0.4648 -0.0000 0.8854
vn 0.9346 -0.0000 0.3556
vn 0.9927 -0.0000 0.1204
vn 0.9921 -0.0321 -0.1214
vn 0.9355 -0.0000 -0.3534
vn 0.9512 0.0332 -0.3068
vn 0.8230 -0.0000 -0.5680
vn 0.6630 -0.0000 -0.7486
vn 0.4639 -0.0000 -0.8859
vn 0.2397 -0.0000 -0.9708
vn -0.9345 -0.0000 -0.3559
vn -0.9929 -0.0000 -0.1187
vn -0.9929 -0.0000 0.1187
vn -0.9346 -0.0000 0.3558
vn -0.1909 0.0331 0.9811
vn -0.0000 -0.0321 0.9995
vn 0.2868 -0.0331 0.9574
vn 0.1915 0.0330 0.9809
vn 0.6251 -0.0330 0.7798
vn 0.4638 0.0321 0.8853
vn 0.6986 0.0332 0.7148
vn 0.8487 -0.0486 0.5266
vn 0.9849 -0.0331 0.1699
vn 0.9159 0.0487 0.3984
vn 0.9968 0.0329 0.0729
vn 0.3302 -0.0000 0.9439
vn 0.9438 -0.0000 0.3307
vn 0.8460 -0.0000 0.5331
vn 0.9939 -0.0000 0.1103
vn 0.9438 -0.0000 -0.3306
vn 0.9939 -0.0000 -0.1102
vn 0.8460 -0.0000 -0.5331
vn 0.3299 -0.0000 -0.9440
vn -0.1120 -0.0000 -0.9937
vn -0.3299 -0.0000 -0.9440
vn -0.7074 -0.0000 -0.7068
vn -0.7074 -0.0000 0.7068
vn -0.3302 -0.0000 0.9439
vn -0.1120 -0.0000 0.9937
vn 0.0001 -1.0000 -0.0002
vn 0.0002 -1.0000 0.0002
vn -0.0006 -1.0000 -0.0002
vn -0.0005 -1.0000 -0.0003
vn -0.5408 0.1815 -0.8213
vn -0.4935 -0.0661 -0.8672
vn -0.8001 0.2571 -0.5420
vn -0.7521 -0.2138 -0.6234
vn -0.9424 0.2932 -0.1610
vn -0.9282 -0.2485 -0.2768
vn -0.9599 0.1705 0.2227
vn -0.9489 -0.2929 0.1172
vn -0.8832 -0.0122 0.4687
vn -0.8721 -0.0833 0.4823
vn -0.7606 0.0632 0.6462
vn -0.7297 -0.0617 0.6810
vn -0.6041 0.0577 0.7948
vn -0.5703 -0.0560 0.8195
vn -0.4191 0.0589 0.9060
vn -0.3817 -0.0542 0.9227
vn -0.2145 0.0551 0.9752
vn -0.1774 -0.0511 0.9828
vn 0.2151 0.0493 0.9753
vn 0.0357 -0.0490 0.9982
vn 0.4193 0.0501 0.9065
vn 0.2467 -0.0438 0.9681
vn 0.4482 -0.0427 0.8929
vn 0.8827 0.0369 0.4685
vn 0.9980 0.0304 0.0557
vn 0.9865 0.0207 -0.1624
vn 0.9988 -0.0334 0.0352
vn 0.8282 0.0232 -0.5599
vn 0.6873 0.0148 -0.7262
vn 0.8212 -0.0174 -0.5704
vn 0.3194 0.0073 -0.9476
vn 0.3159 -0.0050 -0.9488
vn 0.1202 -0.0799 0.9895
vn 0.3545 -0.0000 0.9350
vn 0.3073 0.0823 0.9480
vn 0.5686 -0.0000 0.8226
vn 0.7480 -0.0000 0.6637
vn 0.9707 -0.0000 0.2401
vn 0.9707 -0.0000 -0.2401
vn 0.7480 -0.0000 -0.6637
vn 0.5684 -0.0000 -0.8227
vn 0.3545 -0.0000 -0.9350
vn 0.1206 -0.0000 -0.9927
vn -0.3555 -0.0000 -0.9347
vn -0.6045 -0.0820 -0.7924
vn -0.5671 -0.0000 -0.8236
vn -0.8579 -0.0828 -0.5071
vn -0.7470 0.0799 -0.6600
vn -0.9707 -0.0000 -0.2401
vn -0.9954 0.0827 0.0490
vn -0.9676 -0.0803 0.2394
vn -0.9035 0.0828 0.4204
vn -0.7494 -0.0000 0.6621
vn -0.5245 -0.0825 0.8474
vn -0.5672 -0.0000 0.8235
vn -0.1678 -0.0820 0.9824
vn -0.3543 0.0797 0.9317
vn -0.0713 0.0824 0.9940
vn 0.9709 0.2369 -0.0363
vn 0.9208 0.1201 -0.3710
vn 0.1059 0.9940 -0.0279
vn -0.0320 0.9951 -0.0938
vn 0.0019 0.9870 -0.1605
vn -0.0317 0.9903 -0.1356
vn -0.0159 0.9460 -0.3239
vn -0.0317 0.9556 -0.2931
vn -0.0927 0.9819 -0.1652
vn -0.0366 0.8538 -0.5193
vn -0.0428 0.8714 -0.4887
vn -0.1131 0.9565 -0.2688
vn -0.0973 0.9953 -0.0015
vn -0.1562 0.9834 -0.0921
vn -0.1450 0.9793 -0.1415
vn -0.0821 0.7592 -0.6457
vn -0.1510 0.9428 -0.2973
vn -0.0583 0.3695 -0.9274
vn -0.2352 0.6218 -0.7470
vn -0.1988 0.8876 -0.4156
vn -0.1544 0.0342 -0.9874
vn -0.2707 0.4371 -0.8577
vn -0.2310 0.9478 -0.2199
vn -0.2811 0.9531 -0.1125
vn -0.2574 0.8435 -0.4714
vn -0.3437 0.8244 -0.4498
vn -0.2893 0.7335 -0.6150
vn -0.3099 0.9368 -0.1621
vn -0.2957 0.9276 -0.2282
vn -0.3760 0.8670 -0.3271
vn -0.5068 0.0767 -0.8587
vn -0.5758 0.4304 -0.6951
vn -0.4657 0.2196 -0.8573
vn -0.3078 0.9514 -0.0020
vn -0.3861 0.8611 -0.3309
vn -0.6315 0.7089 -0.3141
vn -0.3263 0.9450 -0.0222
vn -0.6442 0.5646 -0.5159
vn -0.7189 0.5729 -0.3937
vn -0.4974 0.8669 -0.0337
vn -0.7666 -0.3085 -0.5631
vn -0.6934 0.3616 -0.6232
vn -0.8013 0.4258 -0.4202
vn -0.5545 0.8281 -0.0829
vn -0.5598 0.8130 -0.1602
vn -0.1284 0.9851 0.1143
vn -0.6165 0.7578 -0.2139
vn -0.3135 0.9437 0.1057
vn -0.1756 0.9781 0.1119
vn -0.1684 0.9787 0.1178
vn -0.4772 0.8643 0.1590
vn -0.8957 0.3346 -0.2927
vn -0.9744 -0.0653 -0.2150
vn -0.8936 0.4448 -0.0601
vn -0.2630 0.9568 0.1237
vn -0.5671 0.8190 0.0877
vn -0.5431 0.8282 0.1382
vn -0.3720 0.8682 0.3284
vn -0.8991 0.4340 0.0566
vn -0.1943 0.9510 0.2406
vn -0.4897 0.8172 0.3038
vn -0.4500 0.8272 0.3366
vn -0.9744 -0.0667 0.2145
vn -0.8687 0.3970 0.2961
vn -0.0620 0.9855 0.1577
vn -0.3267 0.8794 0.3464
vn -0.8105 0.4228 0.4054
vn -0.0074 0.9528 0.3035
vn -0.0929 0.9587 0.2689
vn -0.1058 0.9550 0.2769
vn -0.2762 0.8312 0.4824
vn -0.3236 0.8401 0.4354
vn -0.8049 -0.0526 0.5911
vn -0.6908 0.3738 0.6189
vn 0.0471 0.9875 0.1506
vn 0.0177 0.9833 0.1811
vn -0.1768 0.8679 0.4643
vn -0.0240 0.8655 0.5004
vn -0.5292 0.1572 0.8338
vn -0.4147 0.3898 0.8223
vn -0.5756 0.4265 0.6977
vn 0.0143 0.9581 0.2862
vn -0.0729 0.8354 0.5447
vn -0.1398 0.8361 0.5305
vn 0.1106 0.9834 0.1438
vn 0.1093 0.9384 0.3279
vn 0.1625 0.8740 0.4580
vn -0.2633 0.1584 0.9516
vn -0.0684 0.4701 0.8800
vn -0.3016 0.3442 0.8892
vn 0.1624 0.9641 0.2100
vn 0.2310 0.9453 0.2302
vn 0.0791 0.8251 0.5593
vn 0.1405 0.8382 0.5270
vn 0.0616 0.3104 0.9486
vn 0.1169 0.0711 0.9906
vn 0.2784 0.4588 0.8438
vn 0.3055 0.8397 0.4489
vn 0.2765 0.8354 0.4750
vn 0.1448 0.9878 0.0580
vn 0.4418 0.7498 0.4926
vn 0.2494 0.9423 0.2232
vn 0.5043 0.0816 0.8597
vn 0.4222 0.3358 0.8420
vn 0.5737 0.4301 0.6970
vn 0.2667 0.9599 0.0864
vn 0.2841 0.9522 0.1124
vn 0.3034 0.9528 0.0067
vn 0.4902 0.8187 0.2990
vn 0.4672 0.8247 0.3187
vn 0.4952 0.7491 0.4399
vn 0.1834 0.9826 -0.0283
vn 0.4746 0.8627 0.1745
vn 0.5030 0.8640 0.0235
vn 0.8039 -0.0425 0.5933
vn 0.7290 0.2816 0.6239
vn 0.8077 0.4292 0.4041
vn 0.2991 0.9542 0.0008
vn 0.5469 0.8261 0.1361
vn 0.5567 0.8264 0.0845
vn 0.0547 0.9975 -0.0439
vn 0.0763 0.9919 -0.1016
vn 0.3301 0.9373 -0.1117
vn 0.1882 0.9782 -0.0883
vn 0.9672 0.0589 0.2469
vn 0.8703 0.3893 0.3018
vn 0.9245 0.3770 0.0569
vn 0.2981 0.9439 -0.1425
vn 0.5679 0.8183 -0.0892
vn 0.5551 0.8236 -0.1166
vn 0.1412 0.9829 -0.1181
vn 0.6275 0.7485 -0.2144
vn 0.2979 0.9440 -0.1419
vn 0.9647 0.2598 -0.0443
vn 0.2093 0.9459 -0.2479
vn 0.4598 0.8171 -0.3477
vn 0.4745 0.8240 -0.3097
vn 0.8872 0.3600 -0.2886
vn 0.5935 0.7490 -0.2945
vn 0.0267 0.9868 -0.1600
vn 0.2092 0.9470 -0.2437
vn 0.3234 0.8700 -0.3723
vn 0.8315 0.3523 -0.4296
vn 0.2664 0.8115 -0.5202
vn 0.3269 0.8409 -0.4313
vn 0.0984 0.9502 -0.2957
vn 0.0991 0.9500 -0.2961
vn 0.7818 0.0990 -0.6157
vn 0.6910 0.3670 -0.6228
vn 0.2845 0.7513 -0.5955
vn 0.5041 0.0974 -0.8582
vn 0.4755 0.2002 -0.8566
vn 0.5803 0.4270 -0.6935
vn 0.0546 0.8138 -0.5786
vn 0.1418 0.8964 -0.4198
vn 0.2336 0.6266 -0.7435
vn 0.0818 0.7535 -0.6523
vn 0.0587 0.3695 -0.9274
vn 0.2702 0.4356 -0.8586
vn 0.1543 0.0379 -0.9873
vn -0.1600 0.9870 0.0176
vn -0.0984 0.9941 -0.0465
vn 0.1183 0.9896 0.0816
vn 0.1453 0.9894 0.0024
vn 0.0459 0.9982 -0.0390
vn -0.0364 0.9981 0.0490
vn -0.0065 0.9975 0.0701
vn -0.0439 0.9878 0.1496
vn -0.0030 0.9975 0.0700
vn 0.0311 0.9983 0.0496
vn -0.0542 0.9985 0.0027
vn -1.0000 0.0029 -0.0008
vn -1.0000 -0.0005 0.0017
vn -1.0000 -0.0042 0.0009
vn -1.0000 0.0002 0.0003
vn -1.0000 0.0067 0.0001
vn -1.0000 0.0020 0.0008
vn 0.0011 0.0041 1.0000
vn -0.0011 -0.0041 1.0000
vn 0.9999 0.0145 -0.0033
vn 0.9999 -0.0144 0.0033
vn 0.0043 0.0165 -0.9999
vn -0.0019 -0.0067 -1.0000
vn -0.0000 1.0000 -0.0002
vn -0.0001 1.0000 -0.0002
vn 0.0002 1.0000 0.0002
vn -0.0001 1.0000 -0.0001
vn -0.0001 -1.0000 -0.0003
vn 0.0005 -1.0000 0.0014
vn 0.0001 -1.0000 -0.0003
vn -0.0001 -1.0000 -0.0000
vn 0.0002 -1.0000 0.0007
vn 0.0003 -1.0000 0.0005
vn 0.0002 -1.0000 0.0003
vn -0.0002 -1.0000 -0.0003
vn 0.0001 -1.0000 0.0003
vn -0.0000 -1.0000 -0.0002
vn -0.0004 -1.0000 -0.0019
vn -0.9937 -0.0000 -0.1119
vn -0.9444 -0.0000 -0.3287
vn -0.7066 -0.0000 -0.7076
vn -0.8463 -0.0000 -0.5327
vn -0.5319 -0.0000 -0.8468
vn -0.3310 -0.0000 -0.9436
vn 0.1120 -0.0000 -0.9937
vn -0.1118 -0.0000 -0.9937
vn 0.3302 -0.0000 -0.9439
vn 0.5319 -0.0000 -0.8468
vn 0.7078 -0.0000 -0.7064
vn 0.8463 -0.0000 -0.5327
vn 0.9437 -0.0000 -0.3309
vn 0.9937 -0.0000 -0.1119
vn 0.9937 -0.0000 0.1120
vn 0.9437 -0.0000 0.3309
vn 0.7077 -0.0000 0.7065
vn 0.8464 -0.0000 0.5326
vn 0.5320 -0.0000 0.8468
vn 0.3300 -0.0000 0.9440
vn 0.1120 -0.0000 0.9937
vn -0.3307 -0.0000 0.9437
vn -0.1118 -0.0000 0.9937
vn -0.5320 -0.0000 0.8468
vn -0.8464 -0.0000 0.5326
vn -0.7065 -0.0000 0.7077
vn -0.9937 -0.0000 0.1120
vn -0.9444 -0.0000 0.3288
vn -0.0012 1.0000 0.0016
vn -0.0015 1.0000 0.0008
vn -0.0012 1.0000 0.0008
vn -0.0006 1.0000 0.0011
vn -0.0003 1.0000 0.0019
vn -0.0010 1.0000 -0.0001
vn -0.0007 1.0000 -0.0000
vn -0.0000 1.0000 0.0013
vn -0.0010 1.0000 0.0001
vn 0.0005 1.0000 0.0019
vn -0.0017 1.0000 -0.0009
vn 0.0006 1.0000 0.0012
vn -0.0011 1.0000 -0.0008
vn 0.0014 1.0000 0.0015
vn -0.0013 1.0000 -0.0016
vn 0.0010 1.0000 0.0007
vn -0.0005 1.0000 -0.0011
vn 0.0011 1.0000 0.0007
vn 0.0005 1.0000 -0.0002
vn -0.0003 1.0000 -0.0019
vn -0.0000 1.0000 -0.0013
vn 0.0007 1.0000 -0.0003
vn 0.0011 1.0000 0.0001
vn 0.0006 1.0000 -0.0011
vn 0.0006 1.0000 -0.0020
vn 0.0021 1.0000 -0.0007
vn 0.0010 1.0000 -0.0007
vn 0.0013 1.0000 -0.0015
vn 0.0017 -0.0036 -1.0000
vn -0.0038 0.0184 -0.9998
vn -1.0000 0.0032 0.0009
vn -0.9999 0.0121 0.0035
vn -0.0023 -0.0001 1.0000
vn 0.0004 -0.0112 0.9999
vn 0.9999 -0.0106 -0.0030
vn 0.9999 0.0106 0.0030
vn -0.0000 -1.0000 0.0003
vn 0.9926 -0.0000 0.1211
vn 0.9349 -0.0000 0.3550
vn 0.7946 0.0088 0.6070
vn 0.6630 -0.0085 0.7485
vn 0.2393 -0.0000 0.9709
vn 0.4645 -0.0000 0.8856
vn 0.5074 0.0088 0.8616
vn -0.2393 -0.0000 0.9709
vn -0.2866 0.0088 0.9580
vn -0.4644 -0.0085 0.8856
vn -0.6631 -0.0000 0.7486
vn -0.6256 0.0088 0.7801
vn -0.9349 -0.0000 0.3550
vn -0.9512 0.0088 0.3085
vn -0.9926 -0.0085 0.1211
vn -0.9926 -0.0000 -0.1211
vn -0.9973 0.0088 -0.0722
vn -0.9349 -0.0000 -0.3549
vn -0.6632 -0.0000 -0.7485
vn -0.4645 -0.0000 -0.8856
vn -0.2393 -0.0000 -0.9709
vn 0.2393 -0.0000 -0.9709
vn 0.4645 -0.0000 -0.8856
vn 0.6632 -0.0000 -0.7485
vn 0.9349 -0.0000 -0.3549
vn 0.9926 -0.0000 -0.1211
vn 0.5067 0.0122 0.8620
vn 0.7050 -0.0251 0.7087
vn 0.8521 0.0117 0.5233
vn -0.5067 -0.0123 0.8620
vn -0.7248 0.0292 0.6883
vn -0.8557 -0.0123 0.5173
vn -0.5951 -0.0137 -0.8035
vn -0.4991 0.0053 -0.8665
vn -0.8450 0.0146 -0.5345
vn -0.9447 -0.0157 -0.3276
vn 0.5021 -0.0129 -0.8647
vn 0.7149 0.0230 -0.6989
vn 0.8525 -0.0117 -0.5227
vn -0.9366 -0.0080 -0.3503
vn -0.6677 -0.0157 -0.7442
vn -0.8008 0.0188 -0.5986
vn -0.7177 0.0122 0.6962
vn -0.7900 -0.0146 0.6129
vn 0.7368 -0.0110 0.6760
vn 0.6707 0.0108 0.7416
vn 0.7280 0.0114 -0.6855
vn 0.6794 -0.0056 -0.7337
vn 0.7079 -0.0144 -0.7061
vn 0.3918 0.0227 -0.9198
vn -0.1146 -0.0199 -0.9932
vn -0.7788 0.0204 -0.6270
vn -0.9162 -0.0112 -0.4006
vn -0.9371 0.0093 0.3491
vn -0.8315 -0.0121 0.5555
vn -0.3819 0.0111 0.9241
vn 0.0080 -0.0202 0.9998
vn 0.5096 0.0210 0.8602
vn 0.9442 -0.0201 0.3286
vn 0.9997 0.0161 0.0187
vn 0.9828 -0.0115 -0.1842
vn 0.4176 0.0143 -0.9085
vn 0.3406 0.0014 -0.9402
vn -0.6895 -0.0122 -0.7242
vn -0.7779 0.0094 -0.6283
vn -0.8992 0.0014 0.4375
vn -0.8782 -0.0060 0.4783
vn -0.0525 -0.0022 0.9986
vn 0.1031 0.0188 0.9945
vn 0.7671 -0.0166 0.6413
vn 0.9893 0.0242 0.1438
vn -0.9439 -0.0662 0.3234
vn -0.8738 0.0522 0.4834
vn -0.0147 -0.0683 0.9976
vn -0.1222 -0.0058 0.9925
vn 0.6115 0.0576 0.7891
vn 0.8538 -0.0895 0.5129
vn 0.9813 0.1077 -0.1595
vn 0.8744 -0.0852 -0.4777
vn 0.1135 0.0226 -0.9933
vn 0.0976 0.0350 -0.9946
vn -0.7809 0.0414 -0.6233
vn -0.8216 -0.0076 -0.5701
vn -0.0245 -0.9992 -0.0327
vn -0.7725 -0.5801 0.2584
vn -0.2822 -0.8414 0.4609
vn -0.0161 -0.6310 0.7757
vn 0.6784 -0.6161 0.4002
vn 0.5477 -0.8308 -0.0989
vn 0.6214 -0.7072 -0.3373
vn 0.0827 -0.5992 -0.7963
vn -0.3438 -0.8087 -0.4773
vn -0.5589 -0.6993 -0.4457
vn 0.8004 0.5915 -0.0976
vn 0.7057 0.7002 -0.1082
vn 0.5664 0.7956 -0.2150
vn 0.6617 0.5953 -0.4559
vn 0.7272 0.4926 -0.4781
vn 0.4008 0.7967 -0.4523
vn 0.3734 0.5947 -0.7120
vn 0.4217 0.4902 -0.7628
vn 0.1446 0.7967 -0.5868
vn -0.0000 0.5953 -0.8035
vn 0.0189 0.4924 -0.8702
vn -0.1446 0.7967 -0.5868
vn -0.3738 0.5936 -0.7127
vn -0.3879 0.4913 -0.7799
vn -0.4007 0.7968 -0.4522
vn -0.6617 0.5953 -0.4559
vn -0.7061 0.4919 -0.5094
vn -0.5643 0.7973 -0.2142
vn -0.8111 0.5668 -0.1444
vn -0.7018 0.7072 -0.0856
vn -0.7003 0.7057 0.1075
vn -0.7950 0.5989 0.0970
vn -0.5644 0.7972 0.2143
vn -0.6620 0.5949 0.4560
vn -0.7269 0.4931 0.4780
vn -0.4007 0.7967 0.4524
vn -0.3732 0.5952 0.7117
vn -0.4216 0.4906 0.7626
vn -0.1446 0.7968 0.5867
vn -0.0000 0.5953 0.8035
vn -0.0189 0.4924 0.8701
vn 0.1446 0.7968 0.5867
vn 0.3736 0.5940 0.7124
vn 0.3878 0.4918 0.7796
vn 0.4006 0.7968 0.4523
vn 0.6615 0.5957 0.4556
vn 0.7061 0.4917 0.5096
vn 0.5663 0.7956 0.2150
vn 0.7072 0.7018 0.0863
vn 0.8164 0.5590 0.1452
vn -0.6104 0.7891 -0.0688
vn -0.6977 0.7140 -0.0584
vn -0.5508 0.8018 -0.2318
vn -0.6788 0.6953 -0.2363
vn -0.7012 0.5600 -0.4413
vn -0.3757 0.8305 -0.4112
vn -0.4684 0.7487 -0.4691
vn -0.4374 0.5688 -0.6965
vn -0.1507 0.8351 -0.5290
vn -0.2277 0.7258 -0.6491
vn -0.0910 0.5809 -0.8089
vn 0.0796 0.7038 -0.7060
vn 0.1010 0.8369 -0.5379
vn 0.2652 0.5958 -0.7581
vn 0.3877 0.6845 -0.6173
vn 0.3279 0.8392 -0.4338
vn 0.5616 0.6086 -0.5605
vn 0.6351 0.6609 -0.3998
vn 0.4860 0.8400 -0.2414
vn 0.7326 0.6304 -0.2569
vn 0.7582 0.6464 -0.0854
vn 0.5422 0.8403 -0.0000
vn 0.7582 0.6464 0.0854
vn 0.7326 0.6303 0.2569
vn 0.4861 0.8399 0.2414
vn 0.6353 0.6608 0.3998
vn 0.5614 0.6088 0.5605
vn 0.3279 0.8392 0.4338
vn 0.3878 0.6845 0.6173
vn 0.2652 0.5952 0.7586
vn 0.1009 0.8367 0.5383
vn 0.0796 0.7039 0.7058
vn -0.0910 0.5800 0.8095
vn -0.1509 0.8347 0.5297
vn -0.2275 0.7258 0.6492
vn -0.4376 0.5685 0.6966
vn -0.3758 0.8304 0.4113
vn -0.4681 0.7490 0.4689
vn -0.7012 0.5600 0.4413
vn -0.5211 0.8306 0.1964
vn -0.5872 0.7832 0.2044
vn -0.8545 0.5104 0.0963
vn -0.8538 -0.0889 0.5129
vn -0.6619 0.0991 0.7430
vn 0.0739 -0.0924 0.9930
vn 0.5690 0.1276 0.8124
vn 0.8414 -0.0736 0.5353
vn 0.9268 0.0481 -0.3725
vn 0.9490 0.0010 -0.3152
vn 0.1832 0.0383 -0.9823
vn 0.1674 0.0254 -0.9856
vn -0.7630 -0.1011 -0.6385
vn -0.9155 0.0950 -0.3910
vn -0.0063 -1.0000 0.0032
vn -0.3573 -0.8067 0.4708
vn -0.6491 -0.6403 0.4108
vn 0.0484 -0.6112 0.7900
vn 0.5602 -0.8243 0.0817
vn 0.6198 -0.6867 0.3799
vn 0.7011 -0.6535 -0.2852
vn 0.1583 -0.6152 -0.7723
vn -0.2509 -0.8230 -0.5096
vn -0.5766 -0.6496 -0.4955
vn 0.0003 -1.0000 -0.0005
vn 0.0001 -1.0000 -0.0004
vn -0.0000 -1.0000 -0.0005
vn -0.0002 -1.0000 -0.0006
vn -0.0002 -1.0000 -0.0005
vn -0.0002 -1.0000 -0.0004
vn -0.0004 -1.0000 -0.0005
vn -0.0003 -1.0000 -0.0004
vn -0.0003 -1.0000 -0.0003
vn 0.0004 -1.0000 0.0005
vn 0.0002 -1.0000 0.0004
vn -0.0002 -1.0000 0.0001
vn 0.0002 -1.0000 0.0006
vn -0.0000 -1.0000 0.0004
vn -0.0006 -1.0000 -0.0000
vn -0.0000 -1.0000 0.0005
vn -0.0015 -1.0000 0.0004
vn -0.0006 -1.0000 0.0004
vn -0.0009 -1.0000 0.0007
vn -0.0002 -1.0000 -0.0000
vn -0.0004 -1.0000 0.0007
vn 0.7086 -0.0000 0.7056
vn 0.7073 0.0016 0.7069
vn 0.7089 -0.0000 -0.7053
vn 0.7075 0.0017 -0.7068
vn -0.6013 0.0010 -0.7990
vn -0.6097 -0.0005 -0.7927
vn -0.3188 -0.0011 -0.9478
vn -0.2998 0.0005 -0.9540
vn -0.0033 -0.0028 -1.0000
vn 0.0546 0.0006 -0.9985
vn 0.0026 -0.0070 -1.0000
vn 0.0006 0.0008 -1.0000
vn 0.0040 -0.0008 -1.0000
vn -0.0021 -0.0111 -0.9999
vn -0.0019 0.0007 -1.0000
vn 0.0017 -0.0020 -1.0000
vn 0.0001 -0.0065 -1.0000
vn 0.0003 -0.0001 -1.0000
vn -0.0006 0.0011 -1.0000
vn -0.0006 -0.0095 -1.0000
vn 0.0017 -0.0250 -0.9997
vn 0.0001 0.0011 -1.0000
vn 0.0010 -0.0012 -1.0000
vn -0.0003 -0.0000 -1.0000
vn -0.0000 0.0013 -1.0000
vn 0.0002 -0.0019 -1.0000
vn 0.0025 -0.0138 -0.9999
vn -0.1636 0.0079 -0.9865
vn 0.0003 -1.0000 -0.0003
vn -0.0002 -1.0000 -0.0002
vn 0.0001 -1.0000 -0.0005
vn -0.0002 -1.0000 0.0002
vn 0.0005 -1.0000 -0.0008
vn -0.0003 -1.0000 0.0003
vn 0.0009 -1.0000 -0.0007
vn 0.0006 -1.0000 -0.0004
vn -0.0003 -1.0000 0.0005
vn 0.0016 -1.0000 -0.0004
vn 0.0010 -1.0000 0.0001
vn 0.0003 -1.0000 0.0004
vn -0.7066 -0.0004 0.7076
vn -0.7065 -0.0000 -0.7077
vn -0.7068 -0.0003 -0.7075
vn 0.0777 -0.0359 -0.9963
vn 0.5567 -0.0346 -0.8300
vn 0.6451 0.0731 -0.7606
vn 0.8661 -0.0577 -0.4965
vn 0.9358 0.0423 -0.3499
vn 1.0000 -0.0000 -0.0066
vn 0.9986 -0.0485 -0.0231
vn 0.9999 -0.0000 0.0150
vn 0.9944 -0.0952 0.0454
vn 0.8682 0.0893 0.4880
vn 0.7197 -0.0794 0.6897
vn 0.5342 0.0643 0.8429
vn 0.3128 -0.0648 0.9476
vn 0.1229 0.0054 0.9924
vn -0.0012 -0.0015 1.0000
vn 0.0005 -0.0000 1.0000
vn -0.0022 -0.0245 0.9997
vn -0.0002 0.0009 1.0000
vn -0.0123 -0.0059 0.9999
vn -0.0019 -0.0015 1.0000
vn -0.0006 -0.0069 1.0000
vn 0.0015 -0.0245 0.9997
vn -0.0153 -0.0061 0.9999
vn 0.0015 0.0009 1.0000
vn -0.0120 -0.0022 0.9999
vn -0.0029 -0.0000 1.0000
vn -0.0004 0.0027 1.0000
vn -0.0037 -0.0017 1.0000
vn 0.0002 0.0002 1.0000
vn -0.0026 -0.0070 1.0000
vn 0.0013 -0.0009 1.0000
vn -0.3092 0.0158 0.9509
vn -0.0001 -0.0023 1.0000
vn 0.0008 0.0060 1.0000
vn -0.0019 -0.0136 0.9999
vn -0.0009 -0.0076 1.0000
vn -0.0885 -0.0032 0.9961
vn -0.3369 0.0018 0.9415
vn -0.3203 0.0004 0.9473
vn -0.6089 -0.0005 0.7933
vn -0.6023 0.0007 0.7983
vn -0.8123 -0.0003 0.5833
vn -0.7980 -0.0021 0.6026
vn -0.9100 0.0029 0.4146
vn -0.9637 -0.0007 0.2670
vn -0.9723 -0.0038 0.2339
vn -0.2817 0.0025 -0.9595
vn -0.3444 -0.0011 -0.9388
vn -0.6867 0.0014 -0.7269
vn -0.7085 -0.0011 -0.7057
vn -0.0437 0.0003 -0.9990
vn -0.0489 0.0008 0.9988
vn -0.6866 0.0014 0.7271
vn -0.7084 -0.0011 0.7058
vn -0.3166 0.0006 0.9486
vn -0.3450 -0.0011 0.9386
vn -0.9637 -0.0007 -0.2669
vn -0.9743 -0.0046 -0.2251
vn -0.9122 0.0030 -0.4098
vn -0.8123 -0.0003 -0.5833
vn -0.7980 -0.0021 -0.6027
vn -0.9996 0.0176 -0.0220
vn -0.9999 -0.0000 -0.0162
vn -0.8492 -0.0183 -0.5278
vn -0.8660 0.0134 -0.4998
vn -0.4833 -0.0317 -0.8749
vn -0.5275 0.0184 -0.8493
vn 0.0686 -0.0035 -0.9976
vn 0.3363 0.0018 -0.9418
vn 0.3196 0.0004 -0.9476
vn 0.6087 -0.0005 -0.7934
vn 0.6022 0.0007 -0.7983
vn 0.8086 -0.0003 -0.5884
vn 0.7947 -0.0020 -0.6070
vn 0.9126 0.0028 -0.4088
vn 0.9587 -0.0000 -0.2844
vn 0.9693 -0.0035 -0.2459
vn 0.1255 -0.0029 0.9921
vn 0.4763 0.0022 0.8793
vn 0.5231 -0.0012 0.8522
vn 0.7926 0.0010 0.6097
vn 0.8053 -0.0000 0.5929
vn 0.0556 0.0009 0.9985
vn 0.1207 0.0045 0.9927
vn 0.3384 -0.0035 0.9410
vn 0.6126 -0.0017 0.7904
vn 0.5505 0.0038 0.8348
vn 0.8945 -0.0021 0.4470
vn 0.8744 0.0020 0.4853
vn 0.9998 -0.0021 -0.0219
vn 0.9998 0.0021 0.0219
vn 0.8743 -0.0020 -0.4853
vn 0.8945 0.0021 -0.4470
vn 0.5492 -0.0040 -0.8357
vn 0.6126 0.0017 -0.7904
vn 0.3437 0.0033 -0.9391
vn 0.1020 -0.0044 -0.9948
vn 0.0491 0.0016 -0.9988
vn 0.7925 0.0020 -0.6099
vn 0.7138 -0.0042 -0.7003
vn 0.4769 0.0040 -0.8789
vn 0.3505 -0.0028 -0.9366
vn 0.9631 -0.0014 0.2693
vn 0.9713 -0.0042 0.2380
vn 0.9145 0.0029 0.4045
vn 0.8058 -0.0008 0.5921
vn 0.7965 -0.0019 0.6046
vn 0.6008 -0.0010 0.7994
vn 0.6104 0.0008 0.7921
vn 0.3330 0.0017 0.9429
vn 0.0752 -0.0032 0.9972
vn 0.3250 0.0010 0.9457
vn -0.5132 -0.0198 0.8580
vn -0.4955 0.0027 0.8686
vn -0.8696 -0.0260 0.4930
vn -0.8451 0.0177 0.5343
vn -0.9999 -0.0000 0.0143
vn -0.9993 0.0297 0.0243
vn -0.0000 -1.0000 0.0002
vn 0.0002 -1.0000 -0.0009
vn 0.0005 -1.0000 -0.0005
vn -0.0011 -1.0000 0.0001
vn -0.0001 -1.0000 -0.0005
vn -0.0001 -1.0000 -0.0004
vn 0.5380 -0.0087 -0.8429
vn 0.4913 0.0160 -0.8708
vn 0.8695 -0.0125 -0.4937
vn 0.8472 0.0091 -0.5313
vn -0.0017 -1.0000 0.0028
vn 0.0007 -1.0000 0.0006
vn -0.9437 -0.0030 -0.3308
vn -0.8465 0.0037 -0.5324
vn -0.7004 -0.0030 -0.7137
vn -0.3515 -0.0034 -0.9362
vn -0.5213 0.0035 -0.8534
vn 0.3355 -0.0036 -0.9420
vn 0.5202 0.0041 -0.8540
vn 0.7136 -0.0030 -0.7005
vn 0.9361 -0.0029 -0.3518
vn 0.8473 0.0032 -0.5311
vn -0.9436 -0.0030 -0.3311
vn -0.8476 0.0037 -0.5306
vn -0.6992 -0.0030 -0.7150
vn -0.3511 -0.0034 -0.9363
vn -0.5227 0.0035 -0.8525
vn 0.3368 -0.0034 -0.9416
vn 0.5224 0.0040 -0.8527
vn 0.7136 -0.0029 -0.7006
vn 0.9353 -0.0028 -0.3539
vn -0.3265 0.0029 -0.9452
vn -0.5254 -0.0031 -0.8509
vn -0.7525 0.0036 -0.6586
vn -0.8519 -0.0028 -0.5237
vn 0.8493 0.0009 -0.5279
vn 0.8661 -0.0007 -0.4998
vn 0.4933 0.0013 -0.8698
vn 0.5320 -0.0009 -0.8467
vn -0.9352 -0.0047 -0.3542
vn -0.9407 0.0016 -0.3392
vn -0.7132 -0.0043 -0.7010
vn -0.6995 0.0045 -0.7146
vn -0.3355 -0.0006 -0.9420
vn -0.3473 0.0046 -0.9377
vn 0.9440 0.0306 0.3286
vn 0.7496 -0.0290 0.6613
vn 0.7003 0.0045 0.7138
vn 0.3357 -0.0005 0.9420
vn 0.3473 0.0044 0.9377
vn -0.5352 -0.0089 0.8447
vn -0.4890 0.0158 0.8722
vn -0.8666 -0.0069 0.4990
vn -0.8497 0.0092 0.5272
vn 0.3563 -0.0029 0.9344
vn 0.5262 0.0034 0.8503
vn 0.7177 -0.0026 0.6963
vn 0.8644 0.0028 0.5027
vn 0.9367 -0.0020 0.3501
vn -0.9441 -0.0025 0.3296
vn -0.8484 0.0029 0.5294
vn -0.5205 0.0042 0.8539
vn -0.6873 -0.0038 0.7263
vn 0.9343 0.0026 0.3565
vn 0.8443 -0.0031 0.5359
vn 0.6963 0.0026 0.7177
vn 0.4947 -0.0030 0.8690
vn 0.3497 0.0021 0.9369
vn -0.5243 0.0043 0.8515
vn -0.6833 -0.0037 0.7301
vn -0.9360 -0.0020 0.3519
vn -0.8647 0.0028 0.5023
vn 0.3570 -0.0029 0.9341
vn 0.5263 0.0034 0.8503
vn 0.7538 -0.0039 0.6571
vn 0.8684 0.0037 0.4958
vn -0.8478 0.0010 0.5303
vn -0.8646 -0.0007 0.5025
vn -0.4938 0.0016 0.8696
vn -0.5385 -0.0009 0.8426
vn 0.4903 0.0029 0.8715
vn 0.3537 -0.0020 0.9354
vn 0.8460 0.0028 0.5331
vn 0.6961 -0.0024 0.7180
vn 0.9334 -0.0023 0.3588
vn -0.9375 0.0024 0.3481
vn -0.8449 -0.0027 0.5349
vn -0.6973 0.0024 0.7168
vn -0.5258 -0.0028 0.8506
vn -0.3251 0.0028 0.9457
vn 0.9895 0.0067 -0.1442
vn 0.9941 -0.0077 -0.1086
vn 0.9994 0.0106 -0.0338
vn 0.9994 -0.0106 0.0338
vn 0.9918 0.0052 0.1277
vn 0.9930 0.0100 0.1179
vn 0.9984 -0.0558 0.0047
vn 0.9999 0.0103 -0.0015
vn -1.0000 0.0034 0.0010
vn -1.0000 -0.0087 0.0022
vn 0.7904 0.0214 0.6123
vn 0.9080 -0.0000 0.4191
vn 0.7986 -0.0000 0.6019
vn 0.9144 -0.0292 0.4038
vn 0.6067 0.0194 0.7947
vn 0.6160 -0.0239 0.7874
vn 0.2226 0.0162 0.9748
vn 0.4069 -0.0000 0.9135
vn 0.2337 -0.0000 0.9723
vn 0.4174 -0.0166 0.9086
vn -0.0001 0.0131 0.9999
vn 0.0001 -0.0193 0.9998
vn -0.4063 -0.0000 0.9137
vn -0.4166 -0.0159 0.9090
vn -0.2266 0.0070 0.9740
vn -0.2311 -0.0000 0.9729
vn -0.6070 0.0186 0.7945
vn -0.6158 -0.0231 0.7875
vn -0.9080 -0.0000 0.4191
vn -0.9144 -0.0292 0.4038
vn -0.7909 0.0207 0.6116
vn -0.7989 -0.0000 0.6014
vn -0.9908 -0.0202 -0.1342
vn -0.9884 -0.0556 -0.1416
vn -0.9970 0.0738 -0.0226
vn -0.9970 -0.0738 0.0226
vn -0.9901 0.0342 0.1358
vn -0.9887 0.0539 0.1400
vn -0.7910 0.0207 -0.6114
vn -0.9093 -0.0000 -0.4161
vn -0.7990 -0.0000 -0.6013
vn -0.9126 -0.0156 -0.4085
vn -0.6070 0.0186 -0.7945
vn -0.6158 -0.0231 -0.7875
vn -0.2266 0.0070 -0.9740
vn -0.4063 -0.0000 -0.9137
vn -0.2311 -0.0000 -0.9729
vn -0.4166 -0.0159 -0.9090
vn 0.0001 -0.0131 -0.9999
vn -0.0001 0.0131 -0.9999
vn 0.4174 0.0166 -0.9086
vn 0.2311 -0.0000 -0.9729
vn 0.4069 -0.0000 -0.9135
vn 0.2266 -0.0070 -0.9740
vn 0.6160 0.0239 -0.7874
vn 0.6067 -0.0194 -0.7947
vn 0.9143 0.0292 -0.4040
vn 0.7987 -0.0000 -0.6017
vn 0.9078 -0.0000 -0.4193
vn 0.7905 -0.0214 -0.6121
vn -0.9998 -0.0028 0.0175
vn -0.9999 -0.0011 0.0124
vn -0.9404 -0.0000 0.3402
vn -0.9458 0.0010 0.3246
vn -0.7937 -0.0010 0.6083
vn -0.8020 -0.0000 0.5973
vn -0.4737 -0.0010 0.8807
vn -0.4556 0.0010 0.8902
vn 0.0101 -0.0034 0.9999
vn -0.0491 0.0010 0.9988
vn 0.4506 -0.0052 0.8927
vn 0.2868 0.0036 0.9580
vn 0.7904 -0.0044 0.6126
vn 0.6517 0.0057 0.7585
vn 0.9453 -0.0010 0.3263
vn 0.9203 0.0031 0.3912
vn 0.9999 0.0026 0.0168
vn 0.9999 0.0011 0.0124
vn -0.9997 -0.0009 0.0237
vn -0.9998 -0.0000 0.0174
vn 0.9991 -0.0039 0.0418
vn 0.9999 -0.0000 0.0155
vn -1.0000 -0.0000 0.0071
vn -0.9997 0.0023 0.0239
vn 1.0000 -0.0000 0.0071
vn 0.9996 -0.0028 0.0270
vn -0.9997 0.0027 0.0259
vn -1.0000 -0.0000 0.0065
vn 1.0000 -0.0000 0.0070
vn 0.9997 0.0023 0.0239
vn 0.9999 -0.0009 -0.0156
vn 0.9999 -0.0011 -0.0162
vn 0.9397 0.0029 -0.3420
vn 0.9325 0.0012 -0.3611
vn 0.7937 -0.0046 -0.6083
vn 0.5074 -0.0036 -0.8617
vn 0.6567 0.0055 -0.7541
vn 0.1858 -0.0027 -0.9826
vn 0.2865 0.0024 -0.9581
vn -0.0492 0.0042 -0.9988
vn -0.2542 -0.0052 -0.9671
vn -0.6549 -0.0034 -0.7557
vn -0.4209 0.0036 -0.9071
vn -0.6985 0.0010 -0.7156
vn -0.9324 -0.0012 -0.3613
vn -0.9225 0.0010 -0.3861
vn -0.9997 0.0037 -0.0238
vn -0.9999 0.0011 -0.0162
vn 1.0000 -0.0000 -0.0064
vn 0.9997 0.0032 -0.0245
vn -0.9997 0.0032 -0.0242
vn -1.0000 -0.0000 -0.0059
vn 0.9997 0.0032 -0.0247
vn -0.9997 0.0032 -0.0243
vn -0.0000 1.0000 0.0002
vn -0.6202 0.0542 0.7826
vn -0.6093 0.0235 0.7926
vn -0.0488 0.0065 0.9988
vn -0.3140 0.0353 0.9488
vn -0.3123 0.0372 0.9493
vn -0.5143 -0.0132 0.8575
vn 0.0002 0.0510 0.9987
vn -0.0001 0.0303 0.9995
vn 0.5134 -0.0052 0.8581
vn 0.3151 0.0301 0.9486
vn 0.0979 -0.0014 0.9952
vn 0.3115 0.0333 0.9497
vn 0.6195 0.0129 0.7849
vn 0.6003 0.0505 0.7982
vn 0.9678 -0.0032 0.2518
vn 0.9039 0.0207 0.4273
vn 0.9102 0.0304 0.4130
vn 0.7971 0.0134 0.6037
vn 0.7986 0.0153 0.6017
vn 0.9893 0.0447 0.1387
vn 0.9932 0.0026 0.1168
vn 0.9985 -0.0313 0.0453
vn 0.9992 0.0371 -0.0172
vn 0.9992 0.0037 -0.0405
vn 0.9878 0.0383 -0.1509
vn 0.9903 0.0186 -0.1376
vn 0.8011 0.0083 -0.5985
vn 0.7923 0.0191 -0.6099
vn 0.8922 0.0306 -0.4505
vn 0.9057 0.0067 -0.4238
vn 0.9673 -0.0095 -0.2535
vn 0.5995 0.0526 -0.7987
vn 0.6235 0.0062 -0.7818
vn 0.0410 0.0100 -0.9991
vn 0.3166 0.0289 -0.9481
vn 0.3060 0.0396 -0.9512
vn 0.5063 -0.0049 -0.8623
vn -0.0002 0.0542 -0.9985
vn 0.0002 0.0297 -0.9996
vn -0.5400 -0.0066 -0.8416
vn -0.3120 0.0354 -0.9494
vn -0.1059 -0.0016 -0.9944
vn -0.3163 0.0313 -0.9481
vn -0.6085 0.0223 -0.7932
vn -0.6158 0.0423 -0.7868
vn -0.9666 -0.0059 -0.2562
vn -0.9001 0.0318 -0.4346
vn -0.7875 0.0233 -0.6159
vn -0.9080 0.0175 -0.4185
vn -0.7916 0.0181 -0.6108
vn -0.9873 0.0389 -0.1542
vn -0.9908 0.0103 -0.1348
vn -0.9991 0.0379 -0.0170
vn -0.9994 0.0180 -0.0301
vn -0.9989 -0.0214 0.0422
vn -0.9878 0.0665 0.1409
vn -0.9946 0.0031 0.1039
vn -0.7981 0.0148 0.6023
vn -0.9048 0.0191 0.4255
vn -0.7974 0.0138 0.6033
vn -0.9680 0.0008 0.2508
vn -0.9122 0.0309 0.4086
vn -0.9100 -0.0000 0.4146
vn -0.9133 -0.0091 0.4071
vn -0.7889 0.0126 0.6144
vn -0.7969 -0.0000 0.6041
vn -0.9889 -0.0118 -0.1483
vn -0.9916 0.0369 -0.1241
vn -0.9988 0.0413 0.0262
vn -0.9989 -0.0404 -0.0242
vn -0.9893 -0.0330 0.1424
vn -0.9908 -0.0119 0.1345
vn -0.7889 0.0126 -0.6144
vn -0.9100 -0.0000 -0.4146
vn -0.7969 -0.0000 -0.6041
vn -0.9133 -0.0091 -0.4071
vn -0.6066 0.0112 -0.7950
vn -0.6160 -0.0140 -0.7876
vn -0.2225 0.0096 -0.9749
vn -0.4067 -0.0000 -0.9136
vn -0.2336 -0.0000 -0.9723
vn -0.4171 -0.0096 -0.9088
vn -0.0001 -0.0115 -0.9999
vn 0.0001 0.0078 -1.0000
vn 0.4067 -0.0000 -0.9136
vn 0.4171 -0.0096 -0.9088
vn 0.2265 0.0042 -0.9740
vn 0.6066 0.0112 -0.7950
vn 0.6160 -0.0140 -0.7876
vn 0.9088 -0.0000 -0.4171
vn 0.9155 -0.0174 -0.4020
vn 0.7889 0.0126 -0.6144
vn 0.7969 -0.0000 -0.6041
vn 0.7889 0.0126 0.6144
vn 0.9088 -0.0000 0.4171
vn 0.7969 -0.0000 0.6041
vn 0.9155 -0.0174 0.4020
vn 0.6065 0.0112 0.7950
vn 0.6160 -0.0140 0.7876
vn 0.2231 0.0096 0.9747
vn 0.4061 -0.0000 0.9138
vn 0.2343 -0.0000 0.9722
vn 0.4165 -0.0096 0.9091
vn -0.0001 0.0078 1.0000
vn 0.0001 -0.0115 0.9999
vn -0.4061 -0.0000 0.9138
vn -0.4165 -0.0096 0.9091
vn -0.2272 0.0042 0.9739
vn -0.2317 -0.0000 0.9728
vn -0.6065 0.0112 0.7950
vn -0.6160 -0.0140 0.7876
vn -0.0003 -0.6619 0.7496
vn 0.6968 0.7169 0.0238
vn 0.7527 0.6580 0.0227
vn 0.6867 0.7193 0.1053
vn 0.3177 0.9471 -0.0444
vn 0.5241 0.8498 -0.0572
vn 0.3863 0.9221 -0.0232
vn 0.1763 0.9817 -0.0715
vn 0.3082 0.9426 -0.1287
vn 0.2712 0.9371 -0.2199
vn 0.0004 -0.5461 -0.8377
vn -0.2194 -0.9310 -0.2917
vn -0.1469 0.9875 -0.0572
vn -0.2976 0.9543 -0.0271
vn -0.7877 0.6151 -0.0346
vn -0.3374 0.9413 0.0077
vn -0.3873 0.9201 0.0592
vn -0.4361 0.7347 0.5197
vn -0.3645 0.7344 0.5726
vn -0.3652 0.6649 0.6515
vn -0.2050 0.7516 0.6270
vn -0.0525 0.7624 0.6449
vn -0.0137 0.7325 0.6806
vn -0.1598 0.6954 0.7006
vn -0.1496 0.7286 0.6684
vn 0.0170 0.9993 0.0328
vn 0.1590 0.8010 -0.5771
vn 0.0595 0.1466 -0.9874
vn 0.0016 0.9987 0.0511
vn 0.0388 0.9675 -0.2500
vn 0.1333 0.9611 -0.2418
vn -0.0460 0.9173 -0.3955
vn 0.0456 0.7086 0.7041
vn 0.3989 0.7133 0.5762
vn 0.3870 0.7127 0.5851
vn 0.0620 0.7279 0.6829
vn 0.0461 0.7086 0.7041
vn 0.2232 0.6896 0.6889
vn 0.2286 0.7018 0.6747
vn 0.3856 0.6994 0.6018
vn 0.5846 0.1180 -0.8027
vn 0.6060 0.0554 -0.7935
vn 0.4449 0.1246 -0.8869
vn 0.4611 0.0780 -0.8839
vn 0.2854 0.0917 -0.9540
vn 0.2860 0.0899 -0.9540
vn 0.0576 0.1962 -0.9789
vn 0.1870 -0.0155 -0.9822
vn 0.0165 0.0746 -0.9971
vn -0.5421 0.0167 0.8401
vn -0.5483 0.0392 0.8354
vn -0.3230 -0.0008 0.9464
vn -0.3012 0.0592 0.9517
vn -0.0800 0.0528 0.9954
vn -0.0747 0.0405 0.9964
vn -0.3213 0.0476 -0.9458
vn -0.6590 0.1589 -0.7352
vn -0.8763 0.1605 -0.4542
vn -0.9174 0.0891 -0.3879
vn -0.8943 0.0946 0.4373
vn -0.9977 0.0147 0.0657
vn -0.7227 -0.0246 0.6908
vn 0.0667 0.0114 0.9977
vn 0.0948 -0.0567 0.9939
vn 0.3205 0.0275 0.9468
vn 0.3265 0.0471 0.9440
vn 0.5598 0.0199 0.8284
vn 0.5626 0.0118 0.8266
vn -0.9795 0.1092 0.1694
vn -0.9814 -0.0253 -0.1905
vn -0.7096 -0.0388 0.7036
vn -0.1977 0.1038 0.9748
vn 0.0351 -0.0036 0.9994
vn -0.0347 0.0414 -0.9985
vn -0.0472 0.0833 -0.9954
vn -0.2947 0.0909 -0.9513
vn -0.2851 0.0482 -0.9573
vn -0.5727 0.0660 -0.8171
vn -0.5516 -0.0183 -0.8339
vn -0.3715 0.7151 -0.5921
vn 0.3989 0.7100 -0.5803
vn 0.9997 0.0063 0.0241
vn 0.9998 0.0113 0.0152
vn -0.1706 0.9536 -0.2481
vn -0.0756 0.9557 -0.2844
vn -0.0682 0.9614 -0.2664
vn 0.0040 0.8871 -0.4616
vn 0.0295 0.9983 0.0511
vn -0.0799 0.9095 -0.4080
vn 0.0479 0.9946 -0.0917
vn -0.0825 0.9913 -0.1024
vn 0.0800 0.9853 -0.1507
vn 0.1108 0.9661 -0.2331
vn 0.2214 0.6780 -0.7009
vn 0.0406 0.9771 -0.2088
vn 0.1970 0.9519 -0.2347
vn -0.0020 0.9627 -0.2704
vn -0.0105 0.9457 -0.3247
vn 0.2933 0.8701 -0.3961
vn -0.0293 0.9797 -0.1983
vn -0.9999 0.0082 0.0102
vn -0.9998 0.0025 0.0218
vn -0.9961 0.0597 -0.0652
vn -0.3912 0.7152 -0.5791
vn -0.0630 0.7241 -0.6868
vn -0.0508 0.7098 -0.7025
vn -0.2230 0.6879 -0.6907
vn -0.2291 0.7017 -0.6747
vn -0.3886 0.6981 -0.6013
vn -0.9998 0.0061 -0.0168
vn -0.9998 0.0061 -0.0169
vn -0.8746 0.4833 0.0400
vn -0.8489 0.5213 -0.0876
vn -0.9281 0.3634 -0.0812
vn 0.8266 0.5173 0.2216
vn -0.2487 -0.6501 -0.7180
vn -0.6322 0.6515 -0.4195
vn 0.3253 0.4038 0.8550
vn 0.0002 0.2813 0.9596
vn -0.0000 0.3310 0.9436
vn -0.3253 0.4005 0.8566
vn 0.7623 0.6333 -0.1334
vn -0.8202 0.4132 -0.3957
vn -0.4813 0.8694 0.1116
vn -0.2151 0.7143 0.6659
vn 0.8591 0.5034 -0.0926
vn 0.8658 0.4986 0.0421
vn 0.0441 0.7162 -0.6965
vn 0.3679 0.7272 -0.5796
vn 0.3898 0.7107 -0.5857
vn 0.2462 0.6894 -0.6812
vn 0.2281 0.7059 -0.6706
vn 0.0615 0.6945 -0.7169
vn -0.5116 0.0856 -0.8550
vn -0.4529 0.0037 -0.8915
vn -0.9324 0.0024 -0.3615
vn -0.9917 0.1174 0.0520
vn -0.9960 0.0879 0.0165
vn -0.7771 0.0282 0.6287
vn 0.9999 0.0062 -0.0151
vn 0.9997 0.0017 -0.0242
vn 0.9495 0.0016 -0.3137
vn 0.9393 0.0088 -0.3430
vn 0.9312 0.0256 -0.3635
vn 0.9445 0.0032 -0.3285
vn 0.0141 0.6688 0.7433
vn 0.0795 0.6258 0.7759
vn 0.1691 0.6536 0.7377
vn 0.1640 0.6467 0.7449
vn 0.2412 0.6764 0.6960
vn 0.3192 0.6214 0.7155
vn 0.4202 0.6389 0.6444
vn 0.4197 0.6373 0.6463
vn 0.5463 0.0028 0.8376
vn -0.5379 0.0038 0.8430
vn 0.0001 0.0375 0.9993
vn -0.0000 0.0369 0.9993
vn -0.4214 0.6567 0.6255
vn -0.4433 0.6397 0.6279
vn -0.3049 0.6213 0.7218
vn -0.3402 0.6557 0.6741
vn -0.2104 0.6488 0.7313
vn -0.2050 0.6435 0.7375
vn -0.0548 0.6613 0.7481
vn -0.0512 0.6582 0.7511
vn -0.9416 0.0017 -0.3369
vn -0.9323 0.0246 -0.3609
vn -0.9464 0.0059 -0.3229
vn -0.9406 0.0027 -0.3394
vn -0.9759 0.2123 0.0495
vn -0.9945 0.0386 -0.0972
vn -0.9509 -0.0005 0.3095
vn -0.9293 0.0296 0.3682
vn -0.9418 0.0018 0.3363
vn -0.9980 0.0566 0.0286
vn -0.9981 0.0584 -0.0183
vn -0.9695 0.0862 -0.2295
vn -0.9981 0.0584 -0.0200
vn 0.0445 0.0410 0.9982
vn 0.0468 0.0483 0.9977
vn 0.2945 0.1154 0.9486
vn 0.2736 0.0331 0.9613
vn 0.4836 -0.0148 0.8752
vn 0.5624 0.0609 0.8246
vn 0.5666 0.0785 0.8203
vn -0.0375 0.7098 -0.7034
vn -0.0480 0.0346 -0.9982
vn -0.0866 -0.0600 -0.9944
vn -0.3209 0.0271 -0.9467
vn -0.3234 0.0352 -0.9456
vn -0.5598 0.0242 -0.8283
vn -0.5576 0.0300 -0.8296
vn -0.9125 0.4066 -0.0449
vn -0.9068 0.3931 0.1524
vn -0.6328 0.7742 0.0158
vn -0.7229 0.6811 0.1165
vn -0.6298 0.7705 0.0981
vn -0.5720 0.8174 0.0686
vn -0.6956 0.7126 0.0907
vn -0.7176 0.6517 0.2457
vn -0.5609 0.7874 0.2557
vn -0.5955 0.7687 0.2334
vn -0.6715 0.6501 0.3556
vn -0.6940 0.6672 0.2706
vn -0.4964 0.7867 0.3670
vn -0.5397 0.7742 0.3307
vn -0.4874 0.7628 0.4250
vn -0.6281 0.6715 0.3933
vn -0.5084 0.6504 0.5643
vn -0.5875 0.6605 0.4675
vn -0.5654 0.6707 0.4801
vn -0.3991 0.7659 0.5041
vn -0.3928 0.7702 0.5025
vn -0.4873 0.7939 0.3636
vn -0.4437 0.6782 0.5858
vn -0.4461 0.6748 0.5880
vn -0.4702 0.7317 0.4935
vn -0.4584 0.6529 0.6030
vn -0.3486 0.7636 0.5436
vn -0.3234 0.7794 0.5367
vn -0.1770 0.8004 0.5727
vn -0.2172 0.7695 0.6006
vn -0.0472 0.7619 0.6460
vn -0.0164 0.6988 0.7151
vn -0.0076 0.8083 0.5887
vn 0.0023 0.6594 0.7518
vn -0.0001 0.7848 0.6198
vn -0.0000 0.7954 0.6061
vn -0.0000 0.7298 0.6837
vn -0.0000 0.7150 0.6992
vn -0.0000 0.7282 0.6854
vn 0.0209 0.6875 0.7258
vn -0.0000 0.7348 0.6783
vn 0.0104 0.7672 0.6414
vn 0.0028 0.6684 0.7438
vn 0.0205 0.6357 0.7717
vn -0.0211 0.6384 0.7694
vn 0.1309 0.7785 0.6138
vn 0.0583 0.7473 0.6619
vn 0.2226 0.7310 0.6451
vn 0.2845 0.8086 0.5151
vn 0.3594 0.7678 0.5303
vn 0.4599 0.6698 0.5830
vn 0.5618 0.6292 0.5371
vn 0.4556 0.6592 0.5982
vn 0.4018 0.7422 0.5364
vn 0.4337 0.6951 0.5733
vn 0.3936 0.7768 0.4916
vn 0.4208 0.7815 0.4606
vn 0.3981 0.7732 0.4936
vn 0.7369 0.6583 0.1538
vn 0.5224 0.7395 0.4245
vn 0.5085 0.6487 0.5663
vn 0.5295 0.8037 0.2715
vn 0.5760 0.6680 0.4711
vn 0.5770 0.6744 0.4607
vn 0.6697 0.6532 0.3532
vn 0.5877 0.7697 0.2491
vn 0.7231 0.6488 0.2372
vn 0.6762 0.6773 0.2899
vn 0.6738 0.7388 0.0130
vn 0.7335 0.6661 0.1356
vn 0.6323 0.7687 0.0965
vn 0.5875 0.8056 0.0767
vn 0.6877 0.7203 0.0907
vn 0.9591 0.2796 -0.0453
vn 0.9093 0.3753 0.1801
vn 0.9941 -0.0603 -0.0904
vn 0.2399 0.8522 -0.4650
vn 0.5328 -0.0231 -0.8459
vn 0.5434 0.0118 -0.8394
vn 0.3228 -0.0086 -0.9464
vn 0.3008 0.0543 -0.9521
vn 0.0936 0.0882 -0.9917
vn 0.0707 0.0363 -0.9968
vn -0.5639 0.1030 0.8194
vn -0.5753 0.0763 0.8144
vn -0.4705 0.0077 0.8824
vn -0.3472 0.1760 0.9211
vn -0.3070 0.0473 0.9505
vn -0.0339 0.1208 0.9921
vn -0.1650 -0.0146 0.9862
vn -0.0184 0.0765 0.9969
vn -0.6283 -0.5977 0.4981
vn -0.2494 0.9030 -0.3498
vn 0.9512 0.3000 -0.0725
vn 0.9404 0.0077 0.3400
vn 0.9309 0.0275 0.3644
vn 0.9492 0.0030 0.3145
vn 0.9452 0.0025 0.3265
vn 0.9999 0.0014 0.0134
vn 0.9999 0.0022 -0.0143
vn 0.9686 0.0007 -0.2487
vn -0.8844 0.3834 0.2661
vn -0.9902 0.0511 0.1299
vn -0.9900 0.0485 -0.1327
vn -0.9940 0.0699 0.0843
vn -0.9963 0.0730 0.0463
vn -0.9979 0.0616 -0.0206
vn -0.9979 0.0591 -0.0247
vn -0.9966 0.0705 0.0423
vn -0.9928 0.0740 0.0945
vn -0.9942 0.0623 -0.0881
vn -0.9968 0.0684 -0.0423
vn -0.9875 0.1314 -0.0874
vn -0.9921 0.0758 -0.1003
vn -0.9968 0.0793 -0.0099
vn 0.0843 0.9504 0.2993
vn 0.0705 0.9612 0.2667
vn 0.2680 0.9023 0.3378
vn 0.0598 0.9843 0.1661
vn 0.0070 0.8233 0.5675
vn 0.1339 0.9768 0.1673
vn 0.0740 0.8925 0.4448
vn -0.0447 0.9849 0.1670
vn -0.6754 -0.0478 -0.7359
vn -0.8502 0.0889 -0.5189
vn -0.9990 -0.0274 0.0351
vn -0.8644 0.1284 0.4862
vn -0.5119 -0.0232 0.8587
vn -0.6123 0.7906 -0.0003
vn -0.6471 0.7622 -0.0202
vn -0.6898 0.7189 -0.0855
vn -0.6231 0.7767 -0.0915
vn -0.6334 0.7688 -0.0882
vn -0.7328 0.6676 -0.1313
vn 0.0175 0.9997 -0.0176
vn 0.0117 0.9994 -0.0314
vn 0.0001 0.9999 -0.0149
vn 0.0001 0.9995 -0.0304
vn -0.0104 0.9999 -0.0014
vn -0.0028 0.9999 -0.0119
vn -0.0621 0.9939 -0.0907
vn 0.0060 0.9999 0.0105
vn -0.0876 0.9954 -0.0396
vn 0.1355 0.9908 0.0059
vn 0.1525 0.9882 0.0127
vn 0.6327 0.7743 -0.0133
vn 0.6466 0.7625 -0.0230
vn 0.6244 0.7761 -0.0875
vn 0.6910 0.7176 -0.0876
vn 0.6150 0.7833 -0.0906
vn 0.7269 0.6753 -0.1247
vn 0.7345 0.6574 -0.1682
vn 0.7172 0.6539 -0.2408
vn 0.5420 0.7920 -0.2811
vn 0.5998 0.7633 -0.2402
vn 0.6715 0.6504 -0.3551
vn 0.6949 0.6684 -0.2653
vn 0.5481 0.7688 -0.3293
vn 0.5050 0.7421 -0.4408
vn 0.6272 0.6726 -0.3928
vn 0.5085 0.6493 -0.5655
vn 0.5648 0.6707 -0.4808
vn 0.5859 0.6612 -0.4686
vn -0.4652 0.6677 -0.5812
vn -0.4608 0.6486 -0.6058
vn -0.4100 0.7315 -0.5448
vn -0.3907 0.7790 -0.4904
vn -0.4320 0.6972 -0.5721
vn -0.4265 0.9038 0.0365
vn -0.3880 0.7811 -0.4892
vn -0.7363 0.6595 -0.1516
vn -0.5237 0.7375 -0.4264
vn -0.5081 0.6497 -0.5654
vn -0.5323 0.7988 -0.2802
vn -0.5755 0.6750 -0.4618
vn -0.5748 0.6707 -0.4687
vn -0.6694 0.6536 -0.3532
vn -0.5979 0.7608 -0.2526
vn -0.7220 0.6507 -0.2352
vn -0.6768 0.6789 -0.2846
vn -0.1343 0.9552 0.2639
vn -0.1448 0.9453 0.2922
vn 0.0230 0.8890 0.4573
vn -0.1117 0.9822 0.1509
vn -0.0077 0.9960 0.0888
vn -0.0170 0.9872 0.1585
vn 0.0378 0.9149 -0.4018
vn -0.2501 0.9153 0.3158
vn -0.0418 0.9768 0.2099
vn 0.0272 0.9052 0.4241
vn 0.3942 0.7770 -0.4909
vn 0.3795 0.7891 -0.4831
vn 0.4190 0.7184 -0.5552
vn 0.4417 0.6746 -0.5914
vn 0.4473 0.6671 -0.5957
vn 0.4752 0.8214 -0.3155
vn 0.4649 0.6480 -0.6033
vn 0.9934 -0.0008 0.1151
vn 0.9757 0.0019 0.2189
vn 0.9841 0.0012 -0.1778
vn 0.9906 0.0096 0.1365
vn 0.9919 -0.0000 0.1272
vn 0.9991 -0.0000 -0.0424
vn 0.9991 -0.0000 0.0424
vn 0.9919 -0.0000 -0.1272
vn 0.9908 0.0082 -0.1351
vn 0.6688 0.0018 0.7434
vn 0.7965 -0.0001 0.6046
vn 0.7842 0.0010 0.6205
vn 0.9650 -0.0107 0.2619
vn 0.9004 -0.0004 0.4351
vn 0.8739 0.0019 0.4862
vn 0.9552 0.0021 0.2960
vn 0.9451 -0.0000 0.3269
vn 0.6070 -0.0005 0.7947
vn 0.6156 -0.0016 0.7881
vn 0.2274 -0.0001 0.9738
vn 0.0783 0.0026 0.9969
vn 0.4115 0.0014 0.9114
vn 0.2455 0.0008 0.9694
vn 0.3912 -0.0001 0.9203
vn 0.5459 0.0024 0.8379
vn 0.0053 -0.0000 1.0000
vn -0.0200 0.0016 0.9998
vn -0.0000 -0.0016 1.0000
vn 0.0205 0.0015 0.9998
vn -0.0006 0.0001 1.0000
vn -0.5460 0.0020 0.8378
vn -0.4088 0.0007 0.9126
vn -0.4082 0.0007 0.9129
vn -0.2244 0.0005 0.9745
vn -0.2312 0.0008 0.9729
vn -0.0840 0.0028 0.9965
vn -0.6139 -0.0006 0.7894
vn -0.6091 -0.0013 0.7931
vn -0.9122 -0.0016 0.4098
vn -0.9448 -0.0007 0.3277
vn -0.9692 0.0051 0.2463
vn -0.7983 -0.0001 0.6023
vn -0.8747 0.0017 0.4846
vn -0.7845 0.0012 0.6201
vn -0.6662 0.0025 0.7458
vn -0.6671 0.0019 -0.7449
vn -0.7988 -0.0001 -0.6017
vn -0.7840 0.0012 -0.6208
vn -0.9650 -0.0120 -0.2618
vn -0.9003 -0.0005 -0.4352
vn -0.8729 0.0018 -0.4878
vn -0.9554 0.0020 -0.2954
vn -0.9473 0.0003 -0.3204
vn -0.0183 0.6719 -0.7404
vn -0.0750 0.6293 -0.7735
vn -0.1871 0.6273 -0.7560
vn -0.1502 0.6450 -0.7493
vn -0.2595 0.6558 -0.7089
vn -0.3061 0.6231 -0.7197
vn -0.4283 0.6541 -0.6234
vn -0.4192 0.6295 -0.6542
vn -0.7840 0.5906 0.1913
vn -0.3701 0.7505 -0.5476
vn -0.0621 0.7516 -0.6567
vn -0.2138 0.7852 -0.5811
vn -0.2060 0.7615 -0.6145
vn -0.0768 0.9953 0.0591
vn -0.0942 0.9883 0.1200
vn -0.1250 0.9800 0.1551
vn -0.2630 0.9568 0.1238
vn -0.1482 0.9860 0.0769
vn -0.0569 0.9935 0.0988
vn -0.1133 0.9932 0.0280
vn -0.0552 0.9805 0.1887
vn -0.0368 0.9933 0.1092
vn -0.2286 0.9731 0.0281
vn -0.2128 0.9702 -0.1158
vn -0.0440 0.9987 -0.0243
vn -0.0309 0.9985 -0.0444
vn -0.0141 0.9839 -0.1780
vn -0.0000 0.9965 0.0836
vn -0.0003 0.9758 0.2187
vn 0.0194 0.9944 0.1038
vn 0.0486 0.9900 0.1325
vn 0.0382 0.9929 0.1127
vn 0.0463 0.9958 0.0795
vn 0.0888 0.9899 0.1103
vn 0.0854 0.9906 0.1065
vn 0.0751 0.9954 0.0597
vn 0.1924 0.9760 0.1017
vn 0.1367 0.9885 0.0646
vn 0.1200 0.9919 0.0406
vn 0.2478 0.9684 0.0287
vn 0.0557 0.9984 0.0090
vn 0.0245 0.9997 -0.0059
vn 0.0087 0.9997 -0.0213
vn 0.0265 0.9922 -0.1217
vn 0.0680 0.9932 -0.0950
vn 0.2120 0.9719 -0.1022
vn 0.0717 0.9925 -0.0991
vn 0.1272 0.9890 -0.0749
vn 0.3664 0.7427 -0.5605
vn 0.1918 0.7984 -0.5708
vn 0.2147 0.7779 -0.5906
vn 0.0468 0.7599 -0.6483
vn 0.7275 0.5395 0.4240
vn 0.5697 -0.2360 0.7872
vn 0.4310 0.6525 -0.6233
vn 0.4140 0.6269 -0.6600
vn 0.3215 0.6487 -0.6898
vn 0.3231 0.6473 -0.6903
vn 0.2095 0.6547 -0.7263
vn 0.1833 0.6263 -0.7577
vn 0.0593 0.6356 -0.7697
vn 0.0566 0.6382 -0.7678
vn 0.9651 -0.0061 -0.2619
vn 0.9003 -0.0004 -0.4352
vn 0.9454 -0.0008 -0.3259
vn 0.9595 0.0023 -0.2817
vn 0.7961 -0.0001 -0.6052
vn 0.8752 0.0018 -0.4837
vn 0.7846 0.0010 -0.6200
vn 0.6684 0.0024 -0.7438
vn 0.8234 -0.5216 -0.2234
vn 0.6515 -0.6984 -0.2962
vn 0.5570 -0.7857 -0.2693
vn 0.5456 -0.7229 -0.4239
vn 0.5673 -0.6992 -0.4351
vn 0.5925 -0.8020 0.0760
vn 0.7024 -0.7045 0.1018
vn 0.6199 -0.7845 0.0158
vn 0.7089 -0.7047 0.0301
vn 0.8121 -0.5825 -0.0345
vn 0.5809 -0.8106 -0.0734
vn 0.5922 -0.8022 -0.0759
vn 0.5306 -0.7406 0.4123
vn 0.5693 -0.6994 0.4321
vn 0.6515 -0.6984 0.2962
vn 0.5573 -0.7854 0.2693
vn 0.8237 -0.5211 0.2235
vn 0.4678 -0.6491 0.5999
vn 0.4106 -0.7362 0.5380
vn 0.2000 -0.4577 0.8663
vn 0.1996 -0.8300 0.5208
vn 0.3033 -0.6795 0.6681
vn 0.0001 -0.7816 0.6238
vn -0.0001 -0.8315 0.5556
vn -0.2078 -0.8201 0.5332
vn -0.2867 -0.7077 0.6458
vn -0.1983 -0.4591 0.8660
vn -0.4163 -0.7276 0.5453
vn -0.4516 -0.6745 0.5840
vn -0.6502 -0.6986 0.2987
vn -0.6936 -0.6500 0.3104
vn -0.5354 -0.7349 0.4163
vn -0.5686 -0.6993 0.4332
vn -0.5537 -0.8291 -0.0772
vn -0.6243 -0.7770 -0.0801
vn -0.8303 -0.5562 -0.0352
vn -0.6212 -0.7836 0.0125
vn -0.7407 -0.6606 0.1220
vn -0.5207 -0.7516 -0.4049
vn -0.5707 -0.6995 -0.4302
vn -0.6491 -0.6987 -0.3008
vn -0.5864 -0.7588 -0.2835
vn -0.7953 -0.5665 -0.2158
vn 0.4518 -0.6751 -0.5831
vn 0.3392 -0.8217 -0.4580
vn -0.4050 -0.7447 -0.5304
vn -0.4679 -0.6503 -0.5985
vn -0.6096 -0.0007 -0.7927
vn -0.6157 -0.0015 -0.7880
vn 0.0002 0.6385 -0.7696
vn -0.0002 0.6730 -0.7397
vn 0.0001 0.9070 -0.4212
vn 0.0001 0.7234 -0.6905
vn -0.0000 0.7047 -0.7095
vn -0.0000 0.7103 -0.7039
vn -0.0000 0.7138 -0.7004
vn -0.0000 0.7244 -0.6894
vn -0.0000 0.7364 -0.6765
vn -0.0001 0.8041 -0.5945
vn -0.0000 0.7924 -0.6100
vn 0.6123 -0.0008 -0.7906
vn 0.6094 -0.0012 -0.7929
vn 0.0007 -1.0000 0.0001
vn 0.0003 -1.0000 0.0007
vn -0.1283 -0.9916 0.0156
vn -0.1337 -0.9910 0.0038
vn 0.0002 -1.0000 -0.0002
vn 0.0003 -1.0000 -0.0008
vn -0.0002 -1.0000 0.0008
vn -0.0002 -1.0000 0.0005
vn -0.0000 -1.0000 -0.0007
vn -0.0000 -1.0000 -0.0012
vn 0.3798 -0.4028 -0.8328
vn 0.1828 -0.7023 -0.6880
vn 0.1159 -0.8450 -0.5221
vn -0.1996 -0.4784 -0.8552
vn -0.2077 -0.8202 -0.5331
vn -0.3078 -0.6708 -0.6747
vn -0.0001 -0.0000 -1.0000
vn -0.0000 -0.0001 -1.0000
vn -0.0000 0.0001 -1.0000
vn -0.0001 0.0001 -1.0000
vn -0.0000 0.0002 -1.0000
vn -0.0001 -0.0002 -1.0000
vn -0.0749 0.0029 -0.9972
vn -0.2309 0.0007 -0.9730
vn -0.2417 -0.0000 -0.9704
vn -0.4153 -0.0002 -0.9097
vn -0.3943 0.0009 -0.9190
vn -0.5427 0.0023 -0.8399
vn 0.4170 -0.0003 -0.9089
vn 0.5421 0.0019 -0.8403
vn 0.2323 0.0014 -0.9726
vn 0.3957 0.0009 -0.9184
vn 0.2492 0.0002 -0.9684
vn 0.0913 0.0029 -0.9958
vn -0.0004 -0.8238 -0.5668
vn -0.0000 -0.7049 -0.7093
vn 0.0001 0.0002 -1.0000
vn -0.0000 0.0005 -1.0000
vn 0.0003 -0.0004 -1.0000
vn 0.0002 -0.0001 -1.0000
vn 0.0001 -0.0009 -1.0000
vn -0.0002 0.0005 -1.0000
vn -0.0003 0.0001 -1.0000
vn -0.0001 0.0010 -1.0000
vn -0.0004 -0.0001 -1.0000
vn -0.0003 -0.0002 -1.0000
vn -0.0001 -0.0010 -1.0000
vn -0.0001 -0.0009 -1.0000
vn -0.0000 -0.0013 -1.0000
vn -0.0000 -0.0015 -1.0000
vn -0.0001 0.0012 -1.0000
vn -0.0000 0.0004 -1.0000
vn 0.9943 0.0007 -0.1062
vn 0.9904 -0.0014 -0.1379
vn 0.8534 0.0012 -0.5212
vn 0.6396 -0.0000 -0.7687
vn 0.8408 -0.0000 -0.5413
vn 0.6211 -0.0012 -0.7837
vn 0.2923 0.0012 -0.9563
vn -0.0304 0.0026 -0.9995
vn 0.2186 -0.0026 -0.9758
vn -0.4424 0.0038 -0.8968
vn -0.2559 -0.0039 -0.9667
vn -0.7889 0.0031 -0.6145
vn -0.6543 -0.0040 -0.7562
vn -0.9142 -0.0019 -0.4053
vn -0.9526 0.0019 -0.3044
vn -0.9980 -0.0030 -0.0624
vn -0.9912 0.0040 0.1320
vn -0.9266 -0.0038 0.3760
vn -0.8302 0.0040 0.5575
vn -0.6538 -0.0039 0.7566
vn -0.5109 0.0026 0.8597
vn -0.2869 -0.0017 0.9580
vn -0.1857 0.0019 0.9826
vn 0.0493 -0.0030 0.9988
vn 0.2539 0.0037 0.9672
vn 0.4220 -0.0025 0.9066
vn 0.6546 0.0024 0.7560
vn 0.6983 -0.0007 0.7158
vn 0.9384 0.0007 0.3455
vn 0.9311 -0.0007 0.3647
vn 0.5326 -0.5106 0.6750
vn 0.5078 -0.5419 0.6698
vn 0.2461 -0.5436 0.8025
vn 0.2862 -0.4720 0.8338
vn -0.0663 -0.5438 0.8366
vn -0.0403 -0.4715 0.8809
vn -0.3470 -0.5107 0.7866
vn -0.3395 -0.4787 0.8097
vn -0.5227 -0.5411 0.6588
vn -0.5216 -0.5108 0.6834
vn -0.7144 -0.5109 0.4781
vn -0.7204 -0.4788 0.5018
vn -0.7945 -0.5411 0.2757
vn -0.8067 -0.5109 0.2969
vn -0.8822 -0.4706 0.0149
vn -0.8394 -0.5433 -0.0141
vn -0.8290 -0.4794 -0.2880
vn -0.8068 -0.5109 -0.2969
vn -0.7144 -0.5108 -0.4782
vn -0.6905 -0.5405 -0.4807
vn -0.5455 -0.4791 -0.6877
vn -0.5216 -0.5110 -0.6832
vn -0.3470 -0.5110 -0.7865
vn -0.3256 -0.5404 -0.7759
vn -0.0924 -0.4785 -0.8732
vn -0.0744 -0.5108 -0.8565
vn 0.1283 -0.5108 -0.8500
vn 0.1408 -0.5405 -0.8295
vn 0.3897 -0.4792 -0.7864
vn 0.3959 -0.5118 -0.7624
vn 0.5475 -0.5116 -0.6622
vn 0.5478 -0.5130 -0.6609
vn -0.1247 -0.0065 -0.9922
vn -0.3534 0.0051 -0.9355
vn -0.5873 -0.0061 -0.8094
vn -0.7330 0.0061 -0.6802
vn -0.8974 -0.0060 -0.4412
vn -0.9559 0.0040 -0.2935
vn -0.9995 0.0028 -0.0300
vn -0.9995 -0.0028 0.0300
vn -0.9559 -0.0040 0.2936
vn -0.9113 0.0040 0.4118
vn -0.7330 -0.0021 0.6803
vn -0.7275 -0.0028 0.6861
vn -0.3807 0.0011 0.9247
vn -0.3896 0.0019 0.9210
vn -0.0799 -0.0023 0.9968
vn -0.5316 -0.5114 -0.6752
vn -0.5075 -0.5424 -0.6695
vn -0.2444 -0.5691 -0.7851
vn -0.3074 -0.4753 -0.8244
vn -0.1116 -0.4646 -0.8785
vn 0.0414 -0.5697 -0.8208
vn 0.0924 -0.4765 -0.8743
vn 0.3252 -0.5420 -0.7749
vn 0.3978 -0.4322 -0.8093
vn 0.4953 -0.5784 -0.6482
vn 0.6831 -0.3839 -0.6213
vn 0.6672 -0.5819 -0.4650
vn 0.8392 -0.4480 -0.3082
vn 0.7612 -0.5621 -0.3235
vn 0.8927 -0.4313 -0.1310
vn 0.7902 -0.6128 -0.0134
vn 0.9031 -0.3864 0.1876
vn 0.7682 -0.5824 0.2658
vn 0.7426 -0.4489 0.4970
vn 0.7098 -0.5607 0.4265
vn 0.6313 -0.4289 0.6462
vn 0.4762 -0.6109 0.6325
vn 0.3793 -0.3831 0.8423
vn 0.2099 -0.6118 0.7627
vn 0.0423 -0.3836 0.9225
vn -0.0858 -0.6121 0.7861
vn -0.3006 -0.3824 0.8738
vn -0.3617 -0.5814 0.7288
vn -0.5639 -0.4666 0.6814
vn -0.5316 -0.5114 0.6752
vn -0.9913 0.0079 0.1317
vn -0.9917 0.0060 0.1283
vn -0.9997 -0.0110 0.0228
vn -0.9997 0.0110 -0.0228
vn -0.9930 0.0061 -0.1176
vn -0.9903 -0.0077 -0.1387
vn 0.9883 0.0311 0.1492
vn 0.9969 0.0713 0.0334
vn 0.9903 -0.0709 0.1193
vn 0.9903 0.0709 -0.1193
vn 0.9969 -0.0713 -0.0334
vn 0.9883 -0.0311 -0.1492
vn 0.9951 -0.0204 -0.0963
vn 0.9080 0.0267 -0.4182
vn 0.8368 -0.0184 -0.5472
vn 0.4761 0.0080 -0.8793
vn 0.4827 0.0050 -0.8758
vn -0.0217 0.0069 -0.9997
vn 0.0217 -0.0069 -0.9997
vn -0.4809 0.0069 -0.8767
vn -0.4423 -0.0068 -0.8968
vn -0.8284 -0.0079 -0.5601
vn -0.8287 -0.0077 -0.5596
vn -0.9949 0.0241 -0.0978
vn -0.9953 -0.0421 0.0871
vn -0.8565 0.0360 0.5149
vn -0.6875 -0.0393 0.7251
vn -0.4759 0.0269 0.8791
vn -0.0701 -0.0216 0.9973
vn 0.0162 0.0071 0.9998
vn 0.4758 -0.0080 0.8795
vn 0.4826 -0.0049 0.8758
vn 0.8373 0.0183 0.5465
vn 0.9079 -0.0266 0.4183
vn 0.9952 0.0203 0.0962
vn 0.9813 0.0264 -0.1909
vn 0.9435 -0.0183 -0.3308
vn 0.6725 0.0080 -0.7400
vn 0.6781 0.0050 -0.7349
vn 0.2183 0.0069 -0.9759
vn 0.2605 -0.0069 -0.9654
vn -0.3040 0.0218 -0.9524
vn -0.2175 -0.0069 -0.9760
vn -0.6820 -0.0337 -0.7306
vn -0.8384 0.0482 -0.5429
vn -0.9891 -0.0370 -0.1427
vn -0.9949 0.0259 0.0976
vn -0.9075 -0.0266 0.4191
vn -0.8049 0.0317 0.5926
vn -0.4454 -0.0415 0.8944
vn -0.2625 0.0279 0.9645
vn 0.2609 0.0069 0.9653
vn 0.1822 -0.0188 0.9831
vn 0.6779 -0.0050 0.7352
vn 0.6723 -0.0080 0.7402
vn 0.9435 0.0183 0.3307
vn 0.9812 -0.0264 0.1910
vn 0.9979 0.0027 -0.0650
vn 0.9235 -0.0019 -0.3835
vn 0.9452 0.0019 -0.3265
vn 0.6800 0.0041 -0.7332
vn 0.7903 -0.0027 -0.6128
vn 0.2604 0.0026 -0.9655
vn 0.4915 -0.0026 -0.8709
vn 0.1858 -0.0012 -0.9826
vn -0.2180 0.0014 -0.9760
vn -0.2601 -0.0014 -0.9656
vn -0.6502 0.0014 -0.7598
vn -0.6741 -0.0007 -0.7387
vn -0.9162 -0.0007 -0.4007
vn -0.9403 0.0027 -0.3405
vn -0.9975 -0.0030 -0.0704
vn -0.9961 0.0022 0.0886
vn -0.9510 -0.0017 0.3093
vn -0.9162 0.0017 0.4008
vn -0.7915 -0.0026 0.6112
vn -0.6743 0.0039 0.7384
vn -0.4506 -0.0039 0.8927
vn -0.2603 0.0039 0.9655
vn -0.0490 -0.0030 0.9988
vn 0.2238 0.0027 0.9746
vn 0.2868 -0.0007 0.9580
vn 0.6566 -0.0007 0.7543
vn 0.6719 0.0007 0.7407
vn 0.9290 0.0007 0.3700
vn 0.9217 0.0020 0.3878
vn 0.9979 -0.0027 0.0650
vn 0.9908 0.0207 0.1341
vn 0.9924 -0.0112 0.1223
vn 0.9995 -0.0000 -0.0311
vn 0.9996 -0.0110 -0.0262
vn 0.9885 0.0185 -0.1502
vn 0.9901 -0.0000 -0.1407
vn 0.3804 0.1452 0.9133
vn 0.2006 -0.0275 0.9793
vn 0.9342 0.0376 0.3549
vn 0.9752 0.1753 0.1349
vn 0.9477 0.1221 -0.2948
vn 0.8946 0.1680 -0.4141
vn 0.8001 -0.0189 0.5996
vn 0.8706 0.0686 0.4872
vn 0.9192 0.0953 -0.3822
vn 0.9807 -0.0025 -0.1954
vn 0.5297 -0.0340 -0.8475
vn 0.9229 0.0159 0.3847
vn 0.9857 0.1413 -0.0916
vn 0.9775 0.0450 -0.2060
vn 0.6356 0.0110 -0.7720
vn 0.2816 0.1144 -0.9527
vn -0.0630 -0.0357 -0.9974
vn 0.9970 0.0689 -0.0338
vn -0.9931 -0.0010 -0.1176
vn -0.9996 0.0014 0.0273
vn -0.9982 0.0017 0.0605
vn -0.9986 0.0014 0.0524
vn 0.3817 -0.0078 0.9243
vn 0.7901 0.0275 0.6124
vn 0.9817 0.1840 -0.0489
vn 0.9890 0.0270 -0.1458
vn 0.6164 -0.0657 -0.7847
vn 0.9900 0.0521 -0.1310
vn 0.9903 0.0391 0.1337
vn 0.9947 0.0658 -0.0790
vn 0.9967 0.0723 -0.0378
vn 0.9979 0.0616 0.0219
vn 0.9979 0.0619 0.0213
vn 0.9979 0.0590 0.0250
vn 0.9966 0.0702 -0.0423
vn 0.9923 0.0737 -0.0996
vn 0.9945 0.0592 0.0868
vn 0.9968 0.0684 0.0423
vn 0.9876 0.1316 0.0861
vn 0.9914 0.0766 0.1063
vn 0.9968 0.0792 0.0101
vn -0.9918 0.0084 -0.1272
vn -0.9909 -0.0000 -0.1346
vn -0.9991 -0.0000 -0.0424
vn -0.9979 -0.0198 0.0617
vn -0.9991 -0.0000 0.0424
vn -0.9903 -0.0177 0.1375
vn -0.9908 -0.0147 0.1344
vn 0.9963 -0.0847 -0.0128
vn 0.8554 -0.5178 -0.0117
vn 0.9297 -0.3680 0.0132
vn 0.5404 -0.8413 -0.0109
vn 0.6562 -0.7545 0.0123
vn 0.1085 -0.9940 -0.0108
vn 0.2361 -0.9717 0.0114
vn -0.3626 -0.9319 -0.0117
vn -0.2405 -0.9706 0.0112
vn -0.7601 -0.6497 -0.0122
vn -0.6658 -0.7460 0.0116
vn -0.9372 -0.3485 0.0120
vn -0.9773 -0.2117 -0.0126
vn -0.9915 0.1294 0.0125
vn -0.9609 0.2767 -0.0129
vn -0.8161 0.5778 0.0128
vn -0.7150 0.6990 -0.0133
vn -0.4521 0.8919 0.0131
vn -0.2982 0.9544 -0.0136
vn 0.0166 0.9998 0.0134
vn 0.1897 0.9817 -0.0139
vn 0.4812 0.8765 0.0137
vn 0.6325 0.7745 -0.0142
vn 0.9237 0.3827 -0.0142
vn 0.8345 0.5509 0.0140
vn 0.9948 0.1005 0.0136
vn 0.4240 0.9056 -0.0108
vn 0.3010 0.9536 0.0104
vn 0.9873 0.1580 -0.0167
vn 0.9325 0.3610 0.0091
vn 0.9567 -0.2907 0.0145
vn 0.7098 -0.7042 -0.0183
vn 0.4606 -0.8875 0.0125
vn 0.0211 -0.9997 -0.0099
vn -0.1515 -0.9884 0.0061
vn -0.6841 -0.7294 -0.0081
vn -0.7363 -0.6767 0.0025
vn -0.9999 0.0150 0.0055
vn -0.9922 0.1243 -0.0119
vn -0.6020 0.7984 0.0115
vn -0.4841 0.8749 -0.0102
vn 0.1051 0.9943 0.0162
vn 0.6353 0.7722 -0.0135
vn 0.8327 0.5535 0.0154
vn 0.9955 0.0932 -0.0163
vn 0.9725 -0.2324 0.0177
vn 0.7065 -0.7075 -0.0178
vn 0.4618 -0.8869 0.0125
vn 0.0696 -0.9975 -0.0076
vn -0.2041 -0.9789 0.0109
vn -0.4833 -0.8754 -0.0118
vn -0.8578 -0.5139 0.0127
vn -0.9478 -0.3187 -0.0123
vn -0.9808 0.1949 0.0111
vn -0.8513 0.5245 -0.0154
vn -0.6897 0.7240 0.0113
vn -0.1207 0.9926 -0.0132
vn 0.9808 0.0414 -0.1904
vn 0.8416 -0.0284 -0.5394
vn 0.4983 -0.0094 -0.8669
vn 0.4307 0.0236 -0.9022
vn -0.2116 0.0242 -0.9771
vn -0.3726 -0.0321 -0.9274
vn -0.8525 0.0349 -0.5216
vn -0.9096 -0.0065 -0.4153
vn -0.9901 -0.0236 0.1384
vn -0.9260 0.0437 0.3750
vn -0.6856 -0.0430 0.7268
vn -0.2515 0.0401 0.9670
vn 0.0221 -0.0386 0.9990
vn 0.4673 0.0261 0.8837
vn 0.8583 0.0155 0.5130
vn 0.7494 -0.0268 0.6615
vn 0.9984 -0.0201 0.0537
vn 0.9677 0.0400 -0.2488
vn 0.8288 -0.0468 -0.5575
vn 0.4981 0.0396 -0.8662
vn -0.1904 0.0285 -0.9813
vn 0.0815 -0.0402 -0.9959
vn -0.6821 -0.0371 -0.7303
vn -0.8422 0.0435 -0.5375
vn -0.9993 -0.0354 0.0152
vn -0.9266 0.0445 0.3735
vn -0.7968 -0.0250 0.6038
vn -0.3293 0.0224 0.9440
vn -0.1841 -0.0198 0.9827
vn 0.3029 0.0212 0.9528
vn 0.5217 -0.0373 0.8523
vn 0.8593 0.0350 0.5103
vn 0.9727 -0.0372 0.2292
vn -0.9979 -0.0026 -0.0643
vn -0.9830 0.0028 -0.1837
vn -0.8575 -0.0029 -0.5145
vn -0.6176 -0.0014 -0.7865
vn -0.7275 0.0024 -0.6861
vn -0.3827 0.0028 -0.9239
vn -0.1797 -0.0046 -0.9837
vn 0.4549 -0.0056 -0.8905
vn 0.1797 0.0046 -0.9837
vn 0.6176 0.0023 -0.7865
vn 0.8762 0.0022 -0.4820
vn 0.9393 -0.0056 -0.3430
vn 0.9634 -0.0027 0.2681
vn 0.9979 0.0046 0.0644
vn 0.7707 -0.0023 0.6372
vn 0.8378 0.0019 0.5460
vn 0.2981 -0.0037 0.9545
vn 0.4596 0.0030 0.8881
vn -0.1856 -0.0024 0.9826
vn -0.0199 0.0037 0.9998
vn -0.5159 -0.0012 0.8567
vn -0.6110 0.0040 0.7916
vn -0.8605 -0.0040 0.5095
vn -0.9402 0.0034 0.3407
vn -0.9979 -0.0038 -0.0640
vn -0.8131 -0.0042 -0.5821
vn -0.9080 0.0040 -0.4190
vn -0.3032 -0.0038 -0.9529
vn -0.4803 0.0042 -0.8771
vn 0.2619 -0.0041 -0.9651
vn -0.0158 0.0028 -0.9999
vn 0.4124 0.0023 -0.9110
vn 0.7376 0.0022 -0.6752
vn 0.8042 -0.0035 -0.5943
vn 0.9910 0.0011 -0.1342
vn 0.9959 0.0037 -0.0905
vn 0.9318 -0.0037 0.3629
vn 0.6749 -0.0028 0.7379
vn 0.8334 0.0036 0.5527
vn 0.4734 0.0032 0.8809
vn 0.1806 -0.0042 0.9836
vn 0.0218 0.0026 0.9998
vn -0.4466 -0.0023 0.8947
vn -0.4122 -0.0005 0.9111
vn -0.7377 0.0028 0.6752
vn -0.8535 -0.0048 0.5211
vn -0.9905 0.0042 0.1377
vn -0.9965 -0.0000 0.0836
vn -0.9859 0.1069 0.1288
vn -0.8744 0.1616 0.4576
vn -0.9390 -0.1162 0.3237
vn -0.8593 0.0131 0.5112
vn -0.6607 0.1128 0.7421
vn -0.7430 -0.0977 0.6621
vn -0.4713 0.0263 0.8816
vn -0.6048 -0.0292 0.7959
vn -0.2899 0.0323 0.9565
vn -0.4444 -0.0341 0.8952
vn -0.2652 -0.0182 0.9640
vn -0.0979 0.0197 0.9950
vn -0.0772 -0.0244 0.9967
vn 0.0979 0.0237 0.9949
vn 0.1143 -0.0105 0.9934
vn 0.2900 0.0082 0.9570
vn 0.2998 -0.0149 0.9539
vn 0.4714 0.0139 0.8818
vn 0.4766 0.0011 0.8791
vn 0.6352 -0.0023 0.7723
vn 0.6349 -0.0033 0.7726
vn 0.7697 0.0023 0.6385
vn 0.7723 0.0117 0.6351
vn 0.8768 -0.0150 0.4807
vn 0.8819 0.0091 0.4713
vn 0.9555 -0.0087 0.2948
vn 0.9571 0.0033 0.2898
vn 0.9948 -0.0055 0.1018
vn 0.9950 -0.0000 0.0994
vn 0.9966 -0.0000 -0.0824
vn 0.9847 0.1145 -0.1313
vn 0.9391 -0.1199 -0.3220
vn 0.8741 0.1615 -0.4582
vn 0.8583 0.0093 -0.5131
vn 0.6606 0.1111 -0.7425
vn 0.7424 -0.0994 -0.6625
vn 0.4711 0.0290 -0.8816
vn 0.6053 -0.0279 -0.7955
vn 0.2899 0.0342 -0.9565
vn 0.4432 -0.0335 -0.8958
vn 0.0984 0.0213 -0.9949
vn 0.2638 -0.0188 -0.9644
vn -0.0984 0.0247 -0.9948
vn 0.0762 -0.0259 -0.9968
vn -0.2900 0.0108 -0.9570
vn -0.1154 -0.0105 -0.9933
vn -0.4712 0.0147 -0.8819
vn -0.3014 -0.0158 -0.9534
vn -0.6347 -0.0023 -0.7727
vn -0.4777 -0.0013 -0.8785
vn -0.6353 -0.0039 -0.7723
vn -0.7724 0.0081 -0.6350
vn -0.7718 0.0056 -0.6359
vn -0.8819 0.0040 -0.4714
vn -0.8776 -0.0164 -0.4792
vn -0.9571 0.0022 -0.2898
vn -0.9553 -0.0119 -0.2956
vn -0.9950 -0.0060 -0.0998
vn -0.9953 -0.0000 -0.0973
vn 0.6307 0.7742 -0.0522
vn 0.6039 0.7697 -0.2071
vn 0.6453 0.7430 -0.1774
vn 0.5466 0.7710 -0.3268
vn 0.4726 0.7738 -0.4218
vn 0.5413 0.7429 -0.3938
vn 0.3879 0.7679 -0.5097
vn 0.2799 0.7756 -0.5658
vn 0.3658 0.7426 -0.5611
vn 0.1703 0.7638 -0.6225
vn 0.1417 0.7434 -0.6537
vn 0.0480 0.7771 -0.6275
vn -0.0751 0.7590 -0.6467
vn -0.0964 0.7467 -0.6582
vn -0.1900 0.7763 -0.6010
vn -0.2912 0.7532 -0.5898
vn -0.3078 0.7647 -0.5661
vn -0.4147 0.7623 -0.4968
vn -0.4133 0.7594 -0.5025
vn -0.4867 0.7761 -0.4010
vn -0.5689 0.7445 -0.3493
vn -0.5654 0.7649 -0.3087
vn -0.6029 0.7757 -0.1865
vn -0.6587 0.7424 -0.1223
vn -0.6342 0.7705 -0.0636
vn -0.6358 0.7697 0.0574
vn -0.5896 0.7827 0.1995
vn -0.6613 0.7411 0.1157
vn -0.5657 0.7528 0.3366
vn -0.5669 0.7480 0.3450
vn -0.4708 0.7761 0.4195
vn -0.3933 0.7598 0.5176
vn -0.4205 0.7460 0.5164
vn -0.2799 0.7770 0.5638
vn -0.1710 0.7644 0.6216
vn -0.2134 0.7432 0.6341
vn -0.0488 0.7754 0.6295
vn 0.0731 0.7684 0.6358
vn 0.0263 0.7425 0.6693
vn 0.1901 0.7734 0.6047
vn 0.3033 0.7714 0.5595
vn 0.2629 0.7424 0.6162
vn 0.4051 0.7702 0.4926
vn 0.4874 0.7740 0.4043
vn 0.4643 0.7430 0.4820
vn 0.5628 0.7669 0.3085
vn 0.6018 0.7768 0.1856
vn 0.6070 0.7423 0.2838
vn 0.6483 0.7585 0.0663
vn 0.6622 0.7476 0.0511
vn 0.9855 0.1101 -0.1289
vn 0.8733 0.1678 -0.4573
vn 0.9394 -0.1161 -0.3227
vn 0.8582 0.0137 -0.5131
vn 0.6605 0.1107 -0.7426
vn 0.7425 -0.0982 -0.6626
vn 0.4711 0.0291 -0.8816
vn 0.0982 0.0213 -0.9949
vn 0.0762 -0.0255 -0.9968
vn -0.0984 0.0242 -0.9949
vn -0.1154 -0.0111 -0.9933
vn -0.2906 0.0094 -0.9568
vn -0.4767 0.0011 -0.8790
vn -0.6337 0.0010 -0.7736
vn -0.6363 -0.0071 -0.7714
vn -0.7718 0.0017 -0.6359
vn -0.7745 0.0116 -0.6324
vn -0.8776 -0.0119 -0.4792
vn -0.8819 0.0085 -0.4714
vn -0.9547 -0.0068 -0.2975
vn -0.9559 0.0023 -0.2937
vn -0.9952 -0.0061 -0.0977
vn -0.9955 -0.0000 -0.0952
vn -0.9965 -0.0000 0.0835
vn -0.9867 0.1021 0.1267
vn -0.9391 -0.1143 0.3240
vn -0.8736 0.1684 0.4565
vn -0.8602 0.0222 0.5094
vn -0.6597 0.1097 0.7435
vn -0.7421 -0.0978 0.6631
vn -0.4713 0.0258 0.8816
vn -0.6046 -0.0296 0.7960
vn -0.2905 0.0335 0.9563
vn -0.4455 -0.0323 0.8947
vn -0.0979 0.0186 0.9950
vn -0.2643 -0.0199 0.9642
vn 0.0977 0.0237 0.9949
vn -0.0777 -0.0245 0.9967
vn 0.2900 0.0088 0.9570
vn 0.1137 -0.0099 0.9935
vn 0.4714 0.0120 0.8818
vn 0.3004 -0.0158 0.9537
vn 0.4766 -0.0008 0.8791
vn 0.6349 -0.0028 0.7726
vn 0.6342 -0.0050 0.7732
vn 0.7733 0.0158 0.6338
vn 0.7697 0.0027 0.6384
vn 0.8819 0.0094 0.4713
vn 0.8777 -0.0105 0.4791
vn 0.9565 0.0037 0.2918
vn 0.9549 -0.0083 0.2967
vn 0.9950 -0.0056 0.0997
vn 0.9953 -0.0000 0.0973
vn -0.0001 1.0000 -0.0003
vn -0.0000 1.0000 0.0003
vn -0.0004 1.0000 -0.0000
vn -0.0001 1.0000 0.0002
vn 0.0003 1.0000 -0.0000
vn 0.6655 0.7443 -0.0551
vn 0.6715 0.7382 -0.0643
vn 0.6058 0.7679 -0.2080
vn 0.5559 0.7620 -0.3323
vn 0.6122 0.7430 -0.2706
vn 0.4812 0.7642 -0.4294
vn 0.5281 0.7434 -0.4104
vn 0.3944 0.7588 -0.5183
vn 0.2847 0.7666 -0.5756
vn 0.3713 0.7331 -0.5699
vn 0.1732 0.7544 -0.6332
vn 0.1443 0.7337 -0.6640
vn 0.0488 0.7682 -0.6384
vn -0.0764 0.7496 -0.6575
vn -0.1933 0.7674 -0.6114
vn -0.0978 0.7370 -0.6687
vn -0.3178 0.7454 -0.5860
vn -0.3127 0.7390 -0.5968
vn -0.4069 0.7688 -0.4933
vn -0.5089 0.7518 -0.4193
vn -0.5053 0.7347 -0.4527
vn -0.5620 0.7681 -0.3069
vn -0.6221 0.7586 -0.1939
vn -0.6339 0.7338 -0.2443
vn -0.6422 0.7639 -0.0631
vn -0.6463 0.7609 0.0583
vn -0.6817 0.7316 0.0012
vn -0.6197 0.7562 0.2100
vn -0.5639 0.7553 0.3340
vn -0.6213 0.7534 0.2153
vn -0.5616 0.7434 0.3633
vn -0.4782 0.7673 0.4273
vn -0.3945 0.7581 0.5194
vn -0.4353 0.7426 0.5091
vn -0.2930 0.7537 0.5883
vn -0.2991 0.7506 0.5892
vn -0.1700 0.7660 0.6200
vn -0.0506 0.7583 0.6499
vn -0.0965 0.7337 0.6726
vn 0.0733 0.7643 0.6407
vn 0.1946 0.7619 0.6178
vn 0.1496 0.7329 0.6636
vn 0.3088 0.7617 0.5696
vn 0.4086 0.7648 0.4981
vn 0.3757 0.7332 0.5668
vn 0.5019 0.7581 0.4164
vn 0.5631 0.7671 0.3073
vn 0.5528 0.7328 0.3966
vn 0.6277 0.7536 0.1950
vn 0.6558 0.7350 0.1725
vn 0.6364 0.7687 0.0637
vn 0.0773 -0.9937 -0.0807
vn 0.0638 -0.9944 -0.0842
vn 0.0757 -0.9955 -0.0563
vn 0.0515 -0.9924 -0.1118
vn 0.1151 -0.9931 -0.0236
vn 0.0335 -0.9945 -0.0997
vn 0.1394 -0.9895 -0.0389
vn -0.0053 -0.9938 -0.1114
vn 0.1027 -0.9946 0.0127
vn -0.0090 -0.9944 -0.1056
vn 0.1241 -0.9914 0.0427
vn -0.1089 -0.9867 -0.1203
vn -0.0447 -0.9961 -0.0766
vn 0.0846 -0.9914 0.1001
vn 0.0751 -0.9951 0.0641
vn -0.0725 -0.9950 -0.0685
vn -0.1019 -0.9920 -0.0749
vn 0.0572 -0.9951 0.0807
vn 0.0441 -0.9960 0.0780
vn -0.1253 -0.9913 -0.0402
vn 0.0349 -0.9937 0.1063
vn -0.1077 -0.9939 -0.0224
vn 0.0167 -0.9930 0.1170
vn -0.0101 -0.9969 0.0786
vn -0.0920 -0.9955 0.0225
vn -0.1172 -0.9930 0.0145
vn -0.0354 -0.9957 0.0855
vn -0.0743 -0.9958 0.0528
vn -0.0396 -0.9969 0.0679
vn -0.0770 -0.9951 0.0627
vn -0.6174 -0.7386 0.2707
vn -0.3714 -0.7213 0.5846
vn -0.2798 -0.8647 0.4171
vn -0.0531 -0.9982 -0.0279
vn 0.0004 -1.0000 -0.0038
vn 0.0447 -0.9261 0.3747
vn 0.0138 -0.9999 0.0026
vn -0.0070 -0.9998 -0.0166
vn -0.1361 -0.9907 -0.0090
vn -0.7236 -0.2981 -0.6225
vn 0.0183 -0.9965 0.0818
vn -0.0222 -0.9908 -0.1334
vn 0.0072 -0.9997 0.0237
vn 0.0511 -0.9982 -0.0303
vn -0.0108 -0.9998 -0.0193
vn 0.1712 -0.9850 -0.0191
vn 0.6903 0.1569 -0.7063
vn -0.0088 1.0000 0.0018
vn 0.0242 0.9971 -0.0717
vn 0.0046 1.0000 -0.0017
vn 0.1155 0.9931 0.0185
vn 0.0561 0.9984 0.0033
vn 0.0116 0.9999 0.0124
vn 0.0186 0.9998 0.0062
vn 0.0907 0.9944 0.0542
vn -0.0019 1.0000 -0.0079
vn 0.0146 0.9997 -0.0182
vn -0.0019 1.0000 -0.0078
vn -0.0211 0.9997 -0.0107
vn 0.0259 0.9995 -0.0157
vn -0.0215 0.9985 0.0496
vn 0.0004 0.9946 0.1035
vn 0.1270 0.9913 0.0358
vn -0.0412 0.9981 0.0458
vn 0.1108 0.9936 -0.0206
vn 0.0988 0.9950 -0.0139
vn 0.0504 0.9975 -0.0505
vn 0.0528 0.9963 -0.0674
vn 0.1167 0.9905 -0.0726
vn -0.0981 0.1322 0.9864
vn -0.5337 0.1274 0.8360
vn -0.4013 -0.1134 0.9089
vn -0.8291 0.0674 0.5550
vn -0.7522 -0.1352 0.6449
vn -0.9545 0.0510 0.2938
vn -0.9721 -0.1273 0.1972
vn -0.9883 0.1074 -0.1082
vn -0.9610 -0.1272 -0.2456
vn -0.8297 0.1565 -0.5358
vn -0.7487 -0.1119 -0.6534
vn -0.4841 0.1277 -0.8657
vn -0.4043 -0.0543 -0.9130
vn -0.0406 0.0521 -0.9978
vn -0.0815 -0.0351 -0.9961
vn 0.3211 0.0411 -0.9462
vn 0.3740 -0.0912 -0.9230
vn 0.7111 0.1235 -0.6922
vn 0.7529 0.0055 -0.6582
vn 0.9428 0.1097 -0.3149
vn 0.9159 -0.0505 -0.3982
vn 0.9994 0.0337 -0.0001
vn 0.9996 0.0287 0.0020
vn 0.8819 0.1783 0.4364
vn 0.9551 -0.0923 0.2814
vn 0.6233 0.0410 0.7809
vn 0.7570 -0.0962 0.6463
vn 0.3359 -0.0059 0.9419
vn 0.5625 -0.0490 0.8254
vn 0.3670 0.0578 0.9284
vn 0.0503 -0.1288 0.9904
vn 0.0848 0.1341 -0.9873
vn 0.0984 0.0826 -0.9917
vn 0.5350 0.0996 -0.8390
vn 0.5180 0.1453 -0.8430
vn 0.8095 0.2257 -0.5420
vn 0.8044 0.2383 -0.5442
vn 0.9536 0.0743 -0.2918
vn 0.9941 0.0156 0.1077
vn 0.9339 0.3341 -0.1272
vn 0.8399 -0.0050 0.5427
vn 0.8865 0.3524 0.2999
vn 0.6618 0.3507 0.6626
vn 0.4879 -0.0010 0.8729
vn 0.2980 0.3501 0.8880
vn 0.0416 0.0382 0.9984
vn -0.1444 0.3320 0.9321
vn -0.3214 0.0514 0.9456
vn -0.5093 0.2880 0.8110
vn -0.7148 -0.0708 0.6958
vn -0.7668 0.2423 0.5945
vn -0.9434 0.1029 0.3153
vn -0.9349 0.2769 0.2220
vn -0.9993 -0.0385 0.0002
vn -0.9133 0.3442 -0.2177
vn -0.8860 -0.1512 -0.4384
vn -0.7197 0.3345 -0.6084
vn -0.6224 0.0596 -0.7805
vn -0.3340 0.1103 -0.9361
vn -0.3737 0.2776 -0.8850
vn -0.1042 0.0033 0.9945
vn -0.3271 -0.0142 0.9449
vn -0.5365 -0.0025 0.8439
vn -0.7007 -0.0145 0.7133
vn -0.8337 -0.0014 0.5521
vn -0.9683 -0.0094 0.2495
vn -0.9725 -0.0074 0.2329
vn -0.9759 0.0027 -0.2183
vn -0.9264 -0.0123 -0.3762
vn -0.8034 -0.0097 -0.5953
vn -0.5093 -0.0007 -0.8606
vn -0.7915 -0.0074 -0.6111
vn -0.3888 -0.0086 -0.9213
vn -0.1671 0.0039 -0.9859
vn 0.2799 0.0010 -0.9600
vn 0.0922 -0.0108 -0.9957
vn 0.5634 -0.0067 -0.8261
vn 0.8128 -0.0003 -0.5825
vn 0.5571 -0.0074 -0.8304
vn 0.9158 -0.0129 -0.4014
vn 0.9679 0.0005 -0.2515
vn 0.9734 -0.0025 0.2292
vn 0.9824 -0.0075 0.1869
vn 0.8137 -0.0137 0.5812
vn 0.7581 -0.0031 0.6522
vn 0.4289 0.0020 0.9033
vn 0.2914 -0.0134 0.9565
vn 0.1820 0.8934 -0.4107
vn 0.0819 0.3126 -0.9463
vn -0.1405 0.8787 -0.4562
vn -0.3566 0.9076 -0.2215
vn -0.9511 0.2123 -0.2242
vn -0.5927 0.7988 0.1033
vn -0.3036 0.8965 0.3228
vn 0.3284 0.2627 0.9073
vn 0.4224 0.7717 0.4755
vn 0.6898 0.7127 0.1270
vn 0.5626 0.7932 -0.2332
vn 0.5385 -0.5865 -0.6050
vn 0.0515 0.7706 -0.6352
vn 0.0485 0.7817 -0.6218
vn -0.3882 0.6588 -0.6445
vn -0.5056 0.8365 -0.2111
vn -0.9101 0.4142 0.0130
vn -0.4274 0.8903 0.1570
vn 0.0054 0.8786 0.4775
vn -0.3110 0.7988 0.5149
vn -0.5798 0.3198 0.7493
vn -0.4817 0.8362 0.2621
vn -0.9617 0.2083 0.1783
vn -0.5907 0.8069 -0.0004
vn -0.6333 0.6881 -0.3541
vn 0.3542 -0.0307 -0.9347
vn 0.5895 0.0424 0.8066
vn 0.0885 0.4737 0.8763
vn 0.3392 0.0111 0.9407
vn 0.1321 -0.0009 0.9912
vn 0.7430 0.0119 0.6692
vn 0.5610 -0.0019 0.8278
vn 0.9695 0.0115 0.2449
vn 0.9019 -0.0019 0.4319
vn 0.9998 -0.0094 -0.0192
vn 0.8881 0.0052 -0.4595
vn 0.8872 0.0055 -0.4614
vn 0.6073 0.0055 -0.7944
vn 0.5129 -0.0071 -0.8584
vn 0.0648 0.0099 -0.9978
vn -0.0650 -0.0039 -0.9979
vn -0.5933 0.0096 -0.8049
vn -0.5690 0.0057 -0.8223
vn -0.8624 0.0053 -0.5061
vn -0.5630 0.0517 -0.8249
vn -0.9736 -0.0023 -0.2282
vn -0.9999 0.0112 0.0111
vn -0.9702 -0.0028 0.2425
vn -0.8696 0.0112 0.4937
vn -0.7664 0.0013 0.6423
vn -0.5581 0.0050 0.8297
vn -0.3546 0.0287 0.9346
vn -0.1566 0.0152 0.9875
vn -0.3499 0.0042 0.9368
vn 0.0866 -0.9961 -0.0175
vn 1.0000 -0.0003 -0.0000
vn -0.9958 0.0049 0.0912
vn 0.4437 0.0456 -0.8950
vn 0.3555 0.0092 -0.9346
vn 0.7021 -0.0108 -0.7120
vn 0.7642 0.0341 -0.6441
vn 0.9545 -0.0437 -0.2951
vn 0.9726 -0.0439 0.2284
vn 0.9980 0.0440 -0.0462
vn 0.8842 0.0437 0.4650
vn 0.6195 -0.0374 0.7841
vn -0.6755 0.0534 0.7354
vn 0.5193 0.0505 0.8531
vn -0.1007 0.0086 0.9949
vn -0.1537 0.0414 0.9872
vn -0.5896 -0.0508 0.8061
vn -0.2848 -0.1995 0.9376
vn -0.9167 0.0429 0.3973
vn -0.9590 -0.0323 0.2816
vn -0.9675 0.0084 -0.2526
vn -0.9658 0.0126 -0.2591
vn -0.7332 -0.0108 -0.6800
vn -0.7023 0.0108 -0.7118
vn -0.3556 -0.0092 -0.9346
vn -0.4436 -0.0456 -0.8951
vn -0.1209 0.0501 0.9914
vn -0.3363 -0.0148 0.9416
vn -0.5616 0.0225 0.8271
vn -0.6972 -0.0339 0.7161
vn -0.8710 0.0354 0.4901
vn -0.9414 -0.0236 0.3366
vn -0.9973 -0.0169 0.0710
vn -0.9998 0.0169 0.0080
vn -0.9649 0.0236 -0.2614
vn -0.9209 -0.0236 -0.3891
vn -0.7477 0.0119 -0.6640
vn -0.7415 0.0169 -0.6708
vn -0.3360 0.0156 -0.9417
vn -0.3840 -0.0119 -0.9233
vn -0.0881 0.0308 -0.9956
vn 0.1009 -0.0353 -0.9943
vn 0.3838 0.0353 -0.9227
vn 0.5507 -0.0308 -0.8341
vn 0.7765 0.0119 -0.6299
vn 0.7424 -0.0161 -0.6697
vn 0.9886 0.0311 -0.1473
vn 0.9747 -0.0122 -0.2231
vn 0.8886 0.0445 0.4566
vn 0.9537 -0.0359 0.2987
vn 0.4924 0.0517 0.8688
vn 0.6927 -0.0354 0.7204
vn 0.2026 -0.0757 0.9763
vn -0.8938 -0.0186 -0.4480
vn -0.9989 0.0252 0.0401
vn -0.0025 1.0000 0.0001
vn 0.4574 0.0776 -0.8859
vn -0.2034 -0.0070 -0.9791
vn 0.4950 0.0354 0.8682
vn -0.1363 -0.0080 0.9906
vn 0.3589 0.7712 0.5258
vn 0.4711 0.8005 -0.3705
vn -0.2705 0.8141 -0.5139
vn -0.5639 0.7820 0.2653
vn -0.4534 0.0676 0.8887
vn 0.1158 -0.0022 0.9933
vn 0.5268 0.4046 -0.7475
vn -0.1412 0.6483 -0.7482
vn -0.7149 0.5906 -0.3743
vn -0.2882 0.9568 0.0392
vn -0.0596 0.9902 -0.1259
vn 0.1080 0.9910 -0.0792
vn 0.0025 1.0000 -0.0001
vn -0.4834 0.0658 -0.8729
vn 0.0944 -0.0031 -0.9955
vn 0.9985 -0.0113 -0.0540
vn 0.9996 -0.0144 -0.0223
vn 0.8984 -0.0292 0.4383
vn 0.6674 0.0316 0.7440
vn 0.1066 -0.3216 0.9408
vn -0.8827 -0.3107 0.3526
vn 0.7616 -0.3214 -0.5627
vn -0.0114 0.9999 0.0059
vn -0.0030 0.9999 0.0149
vn -0.0043 0.9998 0.0171
vn -0.2056 0.9623 0.1779
vn -0.1458 0.9866 -0.0734
vn 0.0258 0.9975 -0.0664
vn 0.0256 0.9994 0.0224
vn 0.0116 0.9999 0.0042
vn 0.0022 1.0000 -0.0092
vn -0.0023 0.9995 -0.0327
vn 0.0100 0.9999 -0.0043
vn 0.0145 0.9999 -0.0050
vn -0.7469 -0.3107 -0.5879
vn 0.6225 0.3896 0.6788
vn 0.6499 0.5158 0.5582
vn 0.7425 0.5234 0.4180
vn 0.8945 0.2918 0.3387
vn 0.8617 0.4971 0.1015
vn -0.8938 0.4017 0.1992
vn -0.7364 0.6042 0.3044
vn -0.7457 0.2684 0.6099
vn -0.5726 0.4930 0.6550
vn 0.5789 0.3429 0.7398
vn 0.8589 0.3697 0.3544
vn 0.8977 0.2857 0.3354
vn 0.9737 0.1741 0.1469
vn -0.9558 0.2414 0.1678
vn -0.9047 0.3645 0.2205
vn -0.7394 0.3582 0.5700
vn -0.7421 0.3094 0.5946
vn -0.6508 0.1713 0.7397
vn 0.8554 0.4942 -0.1550
vn 0.8996 0.2731 -0.3407
vn 0.6281 0.6135 -0.4787
vn 0.6205 0.3963 -0.6767
vn -0.6859 0.4999 -0.5288
vn -0.6959 0.4381 -0.5691
vn -0.8821 0.4175 -0.2181
vn -0.8986 0.3903 -0.2002
vn 0.2765 0.3897 -0.8784
vn 0.2642 0.4039 -0.8758
vn -0.1070 0.5167 -0.8494
vn -0.1448 0.4357 -0.8884
vn 0.9673 0.1717 -0.1868
vn 0.8636 0.3577 -0.3554
vn 0.8877 0.3054 -0.3446
vn 0.6431 0.3650 -0.6732
vn 0.6249 0.2512 -0.7392
vn -0.6443 0.1926 -0.7401
vn -0.6912 0.5024 -0.5195
vn -0.8920 0.2190 -0.3954
vn -0.9461 0.2554 -0.1989
vn 0.3057 0.2636 -0.9149
vn 0.1086 0.2110 -0.9714
vn -0.1045 0.5024 -0.8583
vn -0.3127 0.2033 -0.9279
vn -0.0951 0.9886 -0.1164
vn -0.0547 0.9967 -0.0593
vn -0.0322 0.9994 -0.0118
vn -0.1532 0.9882 -0.0040
vn 0.0554 0.9867 -0.1526
vn 0.0069 0.9991 -0.0412
vn -0.0703 0.9897 -0.1243
vn -0.0135 0.9989 -0.0442
vn 0.0796 0.9872 -0.1380
vn 0.0278 0.9994 -0.0230
vn 0.1433 0.9893 -0.0285
vn 0.1038 0.9943 -0.0235
vn 0.9329 -0.0692 0.3535
vn 0.9490 -0.0196 0.3148
vn 0.7654 0.0463 0.6419
vn 0.7515 0.0302 0.6590
vn 0.2947 -0.0447 0.9546
vn 0.2221 0.0105 0.9750
vn -0.1629 -0.1250 0.9787
vn 0.0209 0.0106 0.9997
vn -0.4072 -0.0257 0.9130
vn -0.7666 -0.1218 0.6305
vn -0.5726 -0.0264 0.8194
vn -0.8695 0.0105 0.4938
vn -0.9738 -0.0447 0.2228
vn -0.9552 0.0105 0.2957
vn -0.1532 0.9882 0.0040
vn -0.0322 0.9994 0.0118
vn -0.0548 0.9967 0.0593
vn -0.0951 0.9886 0.1164
vn 0.1486 0.9889 -0.0029
vn 0.0459 0.9989 0.0105
vn 0.0369 0.9988 0.0306
vn 0.1049 0.9876 0.1168
vn 0.0797 0.9872 0.1382
vn 0.0060 0.9994 0.0355
vn -0.0317 0.9943 0.1021
vn -0.0469 0.9893 0.1379
vn 0.6797 -0.0449 -0.7321
vn 0.7515 0.0302 -0.6591
vn 0.9329 -0.0691 -0.3534
vn 0.9489 -0.0199 -0.3149
vn -0.9386 0.0463 -0.3420
vn -0.9551 0.0105 -0.2961
vn -0.7664 -0.1220 -0.6306
vn -0.8699 0.0105 -0.4932
vn -0.5726 -0.0262 -0.8194
vn -0.3708 0.8599 -0.3507
vn 0.1179 0.8603 -0.4960
vn 0.4044 0.9057 -0.1272
vn 0.8708 -0.4339 0.2312
vn 0.8035 -0.2345 0.5472
vn 0.6317 -0.4426 0.6365
vn 0.2686 -0.3696 0.8895
vn -0.0771 -0.3506 0.9333
vn -0.7654 -0.3517 0.5389
vn -0.9054 -0.3669 0.2136
vn -0.3707 0.8601 0.3505
vn 0.3122 0.9058 0.2865
vn 0.6316 -0.4428 -0.6365
vn 0.8037 -0.2342 -0.5470
vn 0.8707 -0.4342 -0.2309
vn -0.0003 1.0000 -0.0002
vn -0.0003 1.0000 0.0002
vn 0.0001 1.0000 -0.0003
vn -0.0003 1.0000 0.0001
vn 0.0003 1.0000 0.0002
vn 0.0003 1.0000 0.0003
vn -0.9052 -0.3675 -0.2134
vn -0.7660 -0.3508 -0.5387
vn -0.9618 0.1195 -0.2463
vn -0.9622 -0.2719 -0.0126
vn -0.8835 0.0575 -0.4648
vn -0.6550 0.1521 -0.7401
vn -0.7737 -0.2036 -0.6000
vn -0.2675 0.1193 -0.9562
vn -0.4702 -0.2722 -0.8396
vn -0.0397 0.0581 -0.9975
vn 0.3131 0.1520 -0.9375
vn 0.1327 -0.2035 -0.9700
vn 0.6882 0.1080 -0.7174
vn 0.6662 0.0502 -0.7441
vn 0.8355 0.0803 -0.5436
vn 0.9673 0.1484 -0.2057
vn 0.9088 -0.1902 -0.3713
vn -0.6550 0.1521 0.7401
vn -0.8836 0.0577 0.4646
vn -0.7736 -0.2036 0.6000
vn -0.9618 0.1194 0.2462
vn -0.9776 0.0462 0.2054
vn 0.9653 0.1080 0.2377
vn 0.9630 -0.2693 0.0126
vn 0.8886 0.0805 0.4517
vn 0.6614 0.1486 0.7352
vn 0.7758 -0.1904 0.6016
vn 0.0038 0.0020 1.0000
vn -0.1290 -0.0582 0.9899
vn 0.0569 0.0257 0.9980
vn -0.0027 0.0006 1.0000
vn -0.0648 0.0156 0.9978
vn 0.0140 -0.0279 0.9995
vn -0.0050 0.0108 0.9999
vn 0.0158 0.0044 0.9999
vn -0.0142 -0.0053 0.9999
vn 0.0571 0.0211 0.9981
vn 0.8602 -0.0043 -0.5099
vn 0.8667 -0.0081 -0.4987
vn 0.7882 -0.0563 -0.6129
vn 0.8308 -0.0062 -0.5565
vn 0.8821 -0.0123 -0.4710
vn 0.8779 0.0381 -0.4772
vn 0.8582 0.0004 -0.5133
vn 0.8658 0.0040 -0.5003
vn 0.8634 0.0018 -0.5045
vn 0.8599 -0.0006 -0.5105
vn -0.8551 0.0269 0.5178
vn -0.8439 -0.0148 0.5363
vn -0.8659 0.0002 0.5003
vn -0.8359 0.0258 0.5482
vn -0.8967 0.0157 0.4424
vn -0.9218 -0.0581 0.3832
vn -0.8673 0.0006 0.4978
vn -0.8647 0.0016 0.5023
vn -0.8731 -0.0053 0.4875
vn -0.8657 0.0002 0.5005
vn 0.8641 -0.0304 0.5025
vn 0.8739 0.0051 0.4860
vn 0.8574 -0.0029 0.5147
vn 0.9242 -0.0560 0.3777
vn 0.8968 -0.0069 0.4424
vn 0.8434 -0.0161 0.5371
vn 0.8477 0.0388 0.5291
vn 0.8758 0.0010 0.4826
vn 0.8648 0.0065 0.5022
vn 0.8686 0.0018 0.4955
vn 0.8385 0.0214 0.5445
vn -0.8675 -0.0295 -0.4966
vn -0.8584 0.0050 -0.5129
vn -0.8746 -0.0029 -0.4849
vn -0.8769 -0.0012 -0.4806
vn -0.8310 -0.0062 -0.5562
vn -0.8823 -0.0123 -0.4705
vn -0.8784 0.0385 -0.4763
vn -0.8585 0.0004 -0.5128
vn -0.8662 0.0040 -0.4997
vn -0.8636 0.0018 -0.5041
vn -0.8905 0.0211 -0.4545
vn -0.0026 0.0017 1.0000
vn 0.1290 -0.0582 0.9899
vn -0.0574 0.0259 0.9980
vn 0.0652 0.0157 0.9977
vn 0.1290 -0.0580 0.9899
vn -0.0192 0.0211 0.9996
vn -0.0004 -0.0001 1.0000
vn -0.0357 -0.0073 0.9993
vn 0.0157 -0.0047 0.9999
vn -0.0001 0.0001 1.0000
vn 0.0027 0.0006 1.0000
vn -0.1291 -0.0392 -0.9909
vn 0.0005 -0.0001 -1.0000
vn 0.0034 -0.0298 -0.9996
vn -0.0153 0.0048 -0.9999
vn 0.0218 -0.0013 -0.9998
vn 0.0169 -0.0030 -0.9999
vn -0.0039 0.0022 -1.0000
vn 0.0517 0.0211 -0.9984
vn 0.7930 -0.0574 0.6065
vn 0.8661 -0.0000 0.4999
vn 0.8908 -0.0106 0.4542
vn 0.8783 0.0284 0.4773
vn 0.7993 0.0590 0.5980
vn 0.8820 0.0038 0.4713
vn 0.8525 0.0024 0.5227
vn 0.8658 0.0049 0.5004
vn 0.8562 0.0005 0.5167
vn 0.8599 -0.0035 0.5105
vn 0.8660 0.0001 0.5000
vn 0.0660 0.0103 -0.9978
vn -0.0434 -0.0398 -0.9983
vn 0.0489 0.0118 -0.9987
vn -0.0002 0.0001 -1.0000
vn 0.0108 -0.0040 -0.9999
vn 0.0001 -0.0000 -1.0000
vn -0.7884 -0.0572 0.6124
vn -0.8746 -0.0032 0.4848
vn -0.8737 -0.0028 0.4864
vn -0.8759 -0.0119 0.4824
vn -0.7928 0.0585 0.6066
vn -0.8825 -0.0150 0.4701
vn -0.8862 -0.0155 0.4630
vn -0.8640 0.0049 0.5035
vn -0.8554 0.0010 0.5179
vn -0.8635 0.0018 0.5043
vn -0.8904 0.0211 0.4546
vn 0.8580 0.0044 -0.5137
vn 0.8476 -0.0017 -0.5307
vn 0.8473 -0.0025 -0.5311
vn 0.8423 -0.0397 -0.5375
vn 0.8966 0.0103 -0.4427
vn 0.8895 0.0117 -0.4567
vn 0.8626 0.0015 -0.5059
vn 0.8663 -0.0001 -0.4996
vn 0.8716 -0.0040 -0.4902
vn 0.8358 0.0213 -0.5486
vn -0.9246 -0.0570 -0.3767
vn -0.8652 -0.0085 -0.5014
vn -0.8716 -0.0047 -0.4902
vn -0.9231 0.0228 -0.3839
vn -0.8474 -0.0056 -0.5310
vn -0.8648 0.0015 -0.5022
vn -0.8626 0.0027 -0.5059
vn -0.8593 0.0022 -0.5115
vn -0.8715 -0.0058 -0.4904
vn -0.9475 -0.0136 -0.3196
vn -0.7857 0.0360 -0.6176
vn -0.9254 -0.0354 -0.3774
vn -0.6709 -0.0206 -0.7413
vn -0.1969 -0.0136 -0.9803
vn 0.1418 0.0360 -0.9892
vn -0.1355 -0.0354 -0.9902
vn 0.3071 -0.0206 -0.9515
vn 0.6834 -0.0205 -0.7298
vn 0.7895 0.0356 -0.6127
vn 0.9273 -0.0359 -0.3726
vn 0.9775 0.0205 -0.2098
vn -0.6832 0.0205 0.7299
vn -0.9278 0.0360 0.3713
vn -0.7894 -0.0354 0.6128
vn -0.9158 0.0460 0.3989
vn 0.9474 -0.0136 0.3197
vn 0.7859 0.0360 0.6174
vn 0.9252 -0.0355 0.3777
vn 0.6705 -0.0206 0.7416
vn -0.9705 0.0950 -0.2216
vn -0.7745 0.1680 -0.6099
vn -0.9133 -0.1642 -0.3728
vn -0.6645 -0.0960 -0.7411
vn -0.2931 0.0949 -0.9514
vn 0.1408 0.1679 -0.9757
vn -0.1337 -0.1640 -0.9773
vn 0.3093 -0.0960 -0.9461
vn 0.6640 -0.0964 -0.7415
vn 0.7745 0.1683 -0.6098
vn 0.9705 0.0950 -0.2218
vn 0.9132 -0.1643 -0.3730
vn -0.6773 -0.0949 0.7295
vn -0.7770 0.1550 0.6101
vn -0.9637 0.2329 0.1304
vn -0.9169 -0.1551 0.3679
vn 0.9703 0.0964 0.2217
vn 0.7756 0.1666 0.6088
vn 0.9134 -0.1661 0.3716
vn 0.6641 -0.0944 0.7417
vn -0.0002 -1.0000 -0.0001
vn 0.0001 1.0000 -0.0002
vn -0.0002 1.0000 -0.0003
vn 0.0002 1.0000 -0.0003
vn -0.0007 1.0000 0.0003
vn -0.0002 1.0000 0.0009
vn 0.0010 1.0000 -0.0016
vn 0.0022 1.0000 0.0001
vn -0.0001 1.0000 0.0005
vn 0.0001 1.0000 0.0009
vn 0.0003 1.0000 0.0007
vn -0.0008 1.0000 -0.0001
vn 0.0003 1.0000 0.0004
vn 0.0005 1.0000 0.0005
vn -0.0003 1.0000 -0.0005
vn 0.0003 1.0000 -0.0001
vn 0.0001 1.0000 -0.0010
vn -0.0022 1.0000 -0.0006
vn -0.0022 1.0000 0.0001
vn -0.0445 -0.9988 -0.0224
vn -0.0038 -1.0000 0.0045
vn -0.0104 -0.9999 -0.0010
vn 0.0004 -1.0000 -0.0003
vn -0.0101 -0.9999 -0.0015
vn -0.0110 -0.9999 -0.0035
vn 0.0110 -0.9999 -0.0000
vn -0.0028 -0.9999 -0.0102
vn 0.0021 -1.0000 -0.0031
vn 0.0113 -0.9999 -0.0021
vn -0.0029 1.0000 -0.0004
vn -0.0020 0.9999 -0.0153
vn 0.0039 1.0000 -0.0030
vn -0.0027 1.0000 -0.0004
vn 0.0047 0.9999 -0.0101
vn 0.0075 0.9999 -0.0145
vn 0.0086 0.9998 -0.0167
vn -0.0227 0.9995 -0.0200
vn -0.0918 0.9955 0.0218
vn -0.0005 1.0000 -0.0058
vn -0.0931 0.9955 0.0174
vn 0.0197 0.9998 -0.0002
vn -0.0029 1.0000 -0.0088
vn 0.0200 0.9998 0.0021
vn -0.0028 0.9999 -0.0128
vn 0.0056 1.0000 0.0033
vn -0.0089 0.9999 -0.0135
vn 0.0212 0.9988 0.0441
vn 0.0082 0.9999 0.0125
vn 0.0098 0.9999 0.0119
vn 0.0151 0.9997 0.0166
vn 0.0090 0.9999 -0.0055
vn 0.0020 1.0000 -0.0042
vn 0.0254 0.9996 0.0094
vn -0.0222 0.9994 -0.0248
vn -0.0001 0.9999 0.0118
vn 0.0024 0.9999 0.0119
vn -0.0026 1.0000 0.0033
vn 0.0022 0.9999 0.0128
vn 0.0104 0.9999 0.0077
vn 0.0042 1.0000 -0.0000
vn 0.0024 0.9999 -0.0137
vn -0.0028 1.0000 -0.0012
vn -0.0318 0.9991 0.0266
vn -0.0321 0.9993 0.0202
vn -0.0217 0.9996 0.0192
vn -0.0058 0.9998 0.0208
vn -0.0214 0.9995 0.0246
vn -0.0014 -1.0000 0.0022
vn -0.0024 -1.0000 0.0012
vn -0.0047 -1.0000 0.0039
vn -0.0020 -1.0000 0.0004
vn 0.0021 -0.9999 0.0104
vn -0.0028 -1.0000 -0.0008
vn -0.0011 -1.0000 -0.0015
vn 0.0061 -1.0000 -0.0004
vn -0.0011 -1.0000 -0.0020
vn 0.0008 -1.0000 0.0028
vn 0.0042 -1.0000 -0.0003
vn 0.0002 -1.0000 -0.0007
vn 0.0020 -1.0000 -0.0044
vn 0.0006 -1.0000 -0.0003
vn 0.0029 -1.0000 -0.0019
vn 0.0055 -1.0000 -0.0002
vn 0.0019 -1.0000 0.0001
vn -0.0008 -0.9999 -0.0111
vn -0.0021 -1.0000 -0.0020
vn 0.0017 -1.0000 0.0008
vn -0.0023 -1.0000 -0.0019
vn -0.0107 -0.9999 -0.0016
vn -0.0002 -1.0000 -0.0053
vn 0.0004 -1.0000 -0.0020
vn -0.0007 -1.0000 0.0003
vn -0.0077 -1.0000 0.0023
vn 0.0001 -1.0000 -0.0016
vn -0.0011 0.9999 -0.0105
vn 0.0016 1.0000 0.0007
vn 0.0031 0.9999 0.0170
vn -0.0250 0.9996 -0.0100
vn -0.0017 1.0000 -0.0019
vn -0.0019 0.9998 0.0189
vn -0.0045 0.9998 0.0175
vn -0.0145 0.9995 0.0291
vn -0.0430 0.9991 -0.0050
vn 0.0087 0.9998 0.0203
vn -0.0002 0.9998 0.0183
vn 0.0162 0.9997 0.0181
vn 0.0124 0.9998 0.0181
vn -0.0425 0.9991 -0.0085
vn -0.0246 0.9995 -0.0216
vn 0.0349 0.9994 0.0023
vn -0.0051 1.0000 0.0047
vn -0.0256 0.9996 -0.0142
vn -0.0228 0.9996 -0.0163
vn -0.0213 0.9996 -0.0201
vn 0.0136 0.9993 -0.0348
vn 0.0001 1.0000 -0.0005
vn -0.0042 1.0000 -0.0003
vn -0.0012 1.0000 -0.0019
vn -0.0019 1.0000 -0.0091
vn 0.0032 1.0000 -0.0041
vn -0.0029 1.0000 -0.0055
vn -0.0033 1.0000 -0.0077
vn 0.0038 1.0000 0.0053
vn -0.0037 1.0000 -0.0050
vn 0.0039 1.0000 0.0049
vn 0.0061 1.0000 0.0003
vn 0.0029 1.0000 -0.0034
vn 0.0014 1.0000 -0.0012
vn 0.0017 1.0000 -0.0010
vn -0.0105 0.9999 -0.0041
vn -0.0083 1.0000 0.0018
vn 0.0025 1.0000 0.0068
vn 0.0006 -1.0000 -0.0001
vn -0.0013 -1.0000 0.0010
vn 0.0005 -1.0000 0.0003
vn 0.0006 -1.0000 0.0015
vn 0.0006 -1.0000 0.0013
vn -0.0005 -1.0000 -0.0012
vn 0.0010 -1.0000 0.0013
vn -0.0007 -1.0000 -0.0012
vn 0.0009 -1.0000 0.0007
vn 0.0021 -1.0000 0.0004
vn 0.0026 -1.0000 -0.0006
vn -0.0003 -1.0000 0.0009
vn -0.0000 -1.0000 -0.0016
vn -0.0007 -1.0000 0.0006
vn -0.4252 0.9030 -0.0617
vn -0.2113 0.9325 -0.2928
vn 0.2978 0.9546 0.0031
vn -0.1112 0.9916 0.0665
vn 0.0460 -0.9989 0.0106
vn -0.0398 -0.9991 0.0145
vn -0.0004 -0.9985 0.0556
vn 0.0042 1.0000 0.0080
vn -0.0144 0.9999 -0.0036
vn -0.0003 1.0000 0.0018
vn 0.0017 1.0000 0.0035
vn 0.0112 0.9995 0.0290
vn -0.0009 1.0000 -0.0003
vn 0.0006 1.0000 -0.0028
vn 0.0003 1.0000 -0.0009
vn -0.0040 1.0000 0.0037
vn 0.0065 0.9999 -0.0138
vn 0.0017 0.9999 0.0113
vn 0.0162 0.9997 -0.0197
vn 0.0003 1.0000 -0.0060
vn 0.0144 0.9969 0.0771
vn 0.0293 0.9996 0.0031
vn 0.0134 0.9999 -0.0056
vn 0.0032 0.9998 -0.0212
vn 0.0046 0.9998 -0.0187
vn 0.0019 1.0000 -0.0073
vn 0.0264 0.9996 0.0063
vn 0.0002 0.9998 -0.0213
vn 0.0485 0.9986 -0.0188
vn 0.0540 0.9985 -0.0090
vn -0.0014 0.9998 -0.0177
vn -0.0029 0.9998 -0.0184
vn 0.0416 0.9990 0.0143
vn 0.0164 0.9997 -0.0195
vn -0.0023 0.9975 -0.0708
vn -0.0059 0.9999 -0.0142
vn 0.0174 0.9997 0.0143
vn 0.0041 0.9999 -0.0105
vn 0.0027 0.9999 -0.0105
vn 0.0060 0.9999 0.0117
vn 0.0238 0.9994 0.0233
vn 0.0058 0.9999 0.0158
vn -0.0172 0.9997 0.0192
vn -0.0150 0.9996 0.0258
vn -0.0170 0.9999 0.0021
vn 0.0022 0.9998 0.0212
vn -0.0338 0.9994 -0.0001
vn -0.0451 0.9990 -0.0066
vn -0.0097 0.9998 -0.0187
vn -0.0060 0.9998 0.0177
vn -0.0041 0.9999 0.0142
vn 0.0036 1.0000 0.0030
vn -0.0318 0.9995 -0.0018
vn 0.0057 0.9996 0.0271
vn -0.0001 0.9998 0.0211
vn -0.0163 0.9994 -0.0302
vn -0.0187 0.9998 -0.0104
vn 0.0022 1.0000 -0.0000
vn 0.0011 1.0000 0.0051
vn -0.0191 0.9997 0.0155
vn -0.0046 0.9995 0.0307
vn 0.0039 0.9999 0.0138
vn -0.1111 0.9938 0.0054
vn -0.0098 0.9999 0.0120
vn 0.0027 0.9999 0.0137
vn -0.0156 0.9999 0.0039
vn -0.0444 0.9989 -0.0152
vn -0.0161 0.9998 0.0101
vn -0.0224 0.9994 0.0261
vn -0.0612 0.9955 0.0723
vn -0.0055 0.9999 0.0134
vn 0.0074 0.9999 0.0090
vn 0.0019 1.0000 0.0005
vn 0.0018 1.0000 -0.0000
vn 0.0019 1.0000 -0.0005
vn 0.0018 1.0000 -0.0005
vn 0.0134 0.9996 -0.0256
vn 0.0077 1.0000 0.0044
vn 0.0042 1.0000 -0.0001
vn 0.0015 1.0000 -0.0018
vn -0.2951 0.9533 0.0639
vn 0.0039 -0.0139 0.9999
vn -0.0033 0.0001 1.0000
vn -0.0003 -0.6003 0.7998
vn 0.0031 -0.5981 0.8014
vn 0.0001 0.9999 0.0102
vn -0.0041 0.9999 0.0153
vn -0.4669 -0.0072 0.8843
vn -0.4707 0.0052 0.8823
vn -0.7421 0.0144 -0.6702
vn -0.7535 0.0066 -0.6575
vn -0.9107 -0.0202 -0.4125
vn -0.9669 0.0335 -0.2528
vn -0.9993 -0.0225 -0.0283
vn -0.9572 -0.0063 0.2893
vn -0.9746 0.0203 0.2231
vn -0.7532 -0.0074 0.6578
vn -0.7745 0.0077 0.6326
vn -0.4671 0.0068 -0.8842
vn -0.4709 -0.0055 -0.8822
vn 0.4712 0.0065 -0.8820
vn 0.4670 -0.0070 -0.8842
vn 0.7731 -0.0175 0.6340
vn 0.7272 0.0050 0.6864
vn 0.8984 0.0228 0.4387
vn 0.9746 -0.0335 0.2213
vn 0.9993 0.0325 0.0157
vn 0.9671 -0.0332 -0.2522
vn 0.9097 0.0216 -0.4147
vn 0.7535 -0.0057 -0.6575
vn 0.7437 -0.0123 -0.6684
vn 0.4711 -0.0056 0.8821
vn 0.4671 0.0072 0.8842
vn -0.2047 -0.0032 0.9788
vn -0.2203 0.0057 0.9754
vn 0.0034 -0.0016 1.0000
vn -0.0059 0.0025 1.0000
vn 0.2244 -0.0073 0.9745
vn 0.2039 0.0044 0.9790
vn 0.9995 0.0029 0.0305
vn 0.9999 -0.0037 0.0104
vn 0.9998 0.0145 0.0114
vn 1.0000 -0.0029 0.0003
vn 1.0000 -0.0028 0.0076
vn -0.9997 0.0012 0.0254
vn -0.9999 -0.0038 0.0100
vn -0.9999 0.0052 0.0088
vn -1.0000 -0.0029 0.0074
vn -1.0000 -0.0030 0.0036
vn -0.0039 0.0089 1.0000
vn -0.0048 0.0094 0.9999
vn -0.0239 -0.9996 0.0151
vn -0.0294 -0.9992 0.0275
vn -0.0272 -0.9995 0.0187
vn -0.0121 -0.9998 0.0188
vn -0.0157 -0.9994 0.0311
vn -0.0460 -0.9989 0.0074
vn -0.0115 -0.9994 0.0317
vn -0.0372 -0.9993 0.0005
vn -0.0025 -0.9996 0.0265
vn -0.0017 -0.9995 0.0303
vn -0.0298 -0.9995 0.0041
vn -0.0163 -0.9999 -0.0025
vn -0.0053 -1.0000 0.0031
vn 0.0108 -0.9992 0.0395
vn -0.0296 -0.9995 -0.0123
vn 0.0149 -0.9998 0.0154
vn -0.0171 -0.9998 -0.0138
vn 0.0139 -0.9998 0.0128
vn -0.0196 -0.9996 -0.0181
vn -0.0191 -0.9997 -0.0178
vn 0.0157 -0.9998 0.0119
vn 0.0185 -0.9997 0.0130
vn 0.0227 -0.9997 0.0038
vn -0.0146 -0.9992 -0.0364
vn -0.0068 -0.9996 -0.0271
vn 0.0295 -0.9995 0.0088
vn 0.0655 -0.9978 -0.0017
vn -0.0079 -0.9997 -0.0225
vn 0.0522 -0.9984 -0.0200
vn 0.0127 -0.9986 -0.0522
vn 0.0066 -1.0000 -0.0038
vn 0.0391 -0.9992 -0.0117
vn 0.0365 -0.9985 -0.0398
vn 0.0261 -0.9994 -0.0243
vn 0.0024 -1.0000 0.0030
vn -0.0072 -1.0000 -0.0000
vn -0.0013 -1.0000 -0.0022
vn -0.0159 -0.9999 -0.0065
vn -0.0008 -1.0000 0.0011
vn -0.0014 -1.0000 -0.0018
vn -0.0004 -1.0000 0.0012
vn 0.0324 -0.9976 0.0620
vn -0.0031 -1.0000 0.0042
vn -0.0015 -1.0000 -0.0066
vn -0.0016 -1.0000 -0.0066
vn 0.0096 -0.9999 -0.0079
vn 0.0050 -1.0000 -0.0070
vn 0.0096 -0.9997 0.0237
vn 0.0081 -1.0000 -0.0042
vn 0.0023 -1.0000 -0.0074
vn -0.0011 -0.9999 -0.0101
vn 0.0136 -0.9999 -0.0009
vn -0.0000 -1.0000 -0.0100
vn 0.0128 -0.9999 0.0004
vn 0.0003 -1.0000 -0.0095
vn -0.0008 -1.0000 -0.0096
vn 0.0080 -0.9999 -0.0108
vn -0.0031 -1.0000 -0.0075
vn 0.0080 -1.0000 0.0029
vn 0.0104 -0.9999 0.0080
vn -0.0081 -0.9999 -0.0074
vn 0.0102 -0.9999 0.0075
vn 0.0047 -1.0000 0.0064
vn -0.0025 -1.0000 -0.0049
vn 0.0093 -0.9999 0.0057
vn -0.0032 -0.9998 0.0172
vn -0.0166 -0.9998 -0.0055
vn -0.0088 -0.9999 -0.0076
vn -0.0029 -0.9998 0.0184
vn -0.0161 -0.9999 0.0009
vn 0.0006 -1.0000 0.0009
vn -0.0023 -1.0000 0.0068
vn -0.0138 -0.9999 -0.0024
vn -0.0123 -0.9999 -0.0063
vn -0.0144 -0.9996 0.0257
vn -0.0001 -0.9999 0.0154
vn 0.0043 -0.9998 0.0199
vn 0.0186 -0.9998 -0.0068
vn -0.0068 -0.9982 -0.0588
vn 0.0001 -1.0000 -0.0008
vn -0.0095 -0.9999 0.0066
vn 0.0010 -0.9999 0.0152
vn -0.0020 -1.0000 0.0058
vn -0.0043 -1.0000 0.0064
vn -0.0006 -1.0000 -0.0054
vn -0.0011 -0.9999 0.0138
vn 0.0053 -0.9999 -0.0110
vn -0.0008 -1.0000 -0.0004
vn -0.0008 -1.0000 0.0014
vn -0.0072 -0.9999 -0.0070
vn -0.0050 -0.9999 0.0088
vn -0.0193 -0.9996 -0.0198
vn 0.0075 -1.0000 0.0038
vn -0.0045 -1.0000 -0.0015
vn 1.0000 0.0048 0.0065
vn 1.0000 0.0039 0.0008
vn -0.9993 0.0040 0.0366
vn -1.0000 -0.0005 -0.0036
vn -0.9604 -0.0007 -0.2787
vn -0.9466 0.0031 -0.3224
vn -0.7419 0.0082 -0.6705
vn -0.8396 -0.0065 -0.5432
vn -0.3937 0.0056 -0.9192
vn -0.5354 -0.0096 -0.8445
vn -0.0873 -0.0059 -0.9962
vn -0.1547 0.0044 -0.9880
vn 0.2943 0.0036 -0.9557
vn 0.1123 -0.0051 -0.9937
vn 0.5782 -0.0009 -0.8159
vn 0.3406 -0.0005 -0.9402
vn 0.5502 0.0031 -0.8350
vn 0.8649 0.0055 -0.5019
vn 0.7293 -0.0052 -0.6842
vn 0.8682 0.0047 -0.4962
vn 0.9623 -0.0071 -0.2720
vn -0.6570 0.7538 0.0100
vn -0.3341 0.4222 0.8427
vn 0.2946 0.7285 0.6184
vn 0.5868 0.4905 0.6443
vn 0.5683 0.0158 0.8227
vn 0.4107 -0.0076 0.9117
vn 0.9891 -0.0093 0.1472
vn 0.9191 0.0059 -0.3939
vn 0.7946 0.0182 -0.6068
vn 0.7770 0.0157 -0.6293
vn -0.4875 0.0029 -0.8731
vn -0.5796 0.0151 -0.8148
vn -0.9626 -0.0062 -0.2710
vn -0.9085 0.0534 0.4144
vn -0.6269 0.0536 0.7773
vn -0.8217 -0.0000 0.5700
vn 0.2775 0.9120 0.3020
vn 0.6367 0.6634 0.3930
vn 0.5405 0.8403 -0.0409
vn 0.3636 0.8850 -0.2909
vn 0.6630 0.6794 -0.3145
vn 0.0977 -0.0247 -0.9949
vn -0.1877 0.9035 -0.3853
vn -0.8103 0.4571 -0.3667
vn -0.8612 -0.1862 -0.4729
vn -0.4717 0.8543 0.2181
vn -0.1873 0.8675 0.4608
vn -0.1441 0.5376 0.8308
vn -0.1066 -0.3209 -0.9411
vn -0.2941 0.4950 0.8176
vn -0.1546 0.2729 0.9495
vn 0.1006 0.6135 0.7832
vn 0.2759 0.3964 0.8756
vn -0.3225 0.1714 0.9309
vn -0.1239 0.3583 0.9254
vn -0.1455 0.3055 0.9410
vn 0.2620 0.3646 0.8935
vn 0.3281 0.2511 0.9107
vn -0.0226 0.8411 0.5404
vn -0.3323 0.5805 0.7433
vn -0.5418 0.8029 0.2488
vn -0.7094 0.6650 0.2337
vn -0.7217 0.6180 -0.3118
vn -0.4073 0.8417 -0.3545
vn -0.4185 0.6550 -0.6291
vn 0.0412 0.6413 -0.7662
vn 0.1600 0.8252 -0.5417
vn 0.4969 0.5853 -0.6407
vn 0.5957 0.7742 -0.2139
vn 0.7812 0.6093 -0.1362
vn 0.5670 0.7819 0.2590
vn 0.6687 0.6074 0.4288
vn 0.1586 0.6318 0.7587
vn -0.3912 -0.0147 -0.9202
vn -0.5521 0.0165 -0.8336
vn -0.9544 -0.0229 -0.2976
vn -0.9145 0.0030 -0.4046
vn -0.9454 0.0201 0.3253
vn -0.8548 -0.0233 0.5184
vn -0.4131 0.0205 0.9105
vn -0.1481 -0.0235 0.9887
vn 0.2156 0.0213 0.9763
vn 0.6194 -0.0230 0.7848
vn 0.8347 0.0247 0.5502
vn 0.9900 -0.0242 0.1393
vn 0.9834 0.0228 -0.1801
vn 0.7832 -0.0243 -0.6212
vn 0.6185 0.0135 -0.7857
vn 0.1914 -0.0103 -0.9815
vn 0.0487 0.0108 -0.9988
vn -0.1611 -0.0788 -0.9838
vn -0.2262 -0.0208 -0.9739
vn 0.1054 0.0709 -0.9919
vn 0.1621 0.0286 -0.9864
vn -0.0922 0.9053 0.4145
vn -0.2695 -0.3530 -0.8960
vn 0.1423 -0.4225 -0.8951
vn 0.2768 0.1078 0.9549
vn 0.4703 -0.2693 0.8404
vn 0.0532 0.0804 0.9953
vn -0.3057 0.1484 0.9405
vn -0.1332 -0.1901 0.9727
vn 0.2549 -0.0202 -0.9668
vn 0.2600 -0.0190 -0.9654
vn 0.3653 0.1404 -0.9202
vn 0.5102 -0.0002 -0.8601
vn 0.5236 -0.0267 -0.8515
vn 0.5531 -0.0210 -0.8329
vn 0.8281 0.0014 -0.5606
vn 0.8432 0.0087 -0.5375
vn 0.9757 -0.0003 -0.2192
vn 0.9933 -0.0266 -0.1121
vn 0.9872 0.0673 -0.1443
vn 0.9996 -0.0240 -0.0123
vn 0.9932 -0.0279 0.1131
vn 0.9970 -0.0391 0.0669
vn 0.8280 -0.0055 0.5607
vn 0.9002 0.0231 0.4348
vn 0.5239 -0.0267 0.8514
vn 0.6391 -0.0034 0.7691
vn 0.3989 -0.0278 0.9166
vn 0.5094 0.0148 0.8604
vn 0.5655 0.0640 0.8222
vn 0.3715 -0.0206 0.9282
vn -0.1401 -0.0272 0.9898
vn 0.0950 0.0229 0.9952
vn -0.4068 -0.0278 0.9131
vn -0.3826 -0.0242 0.9236
vn -0.5726 -0.0267 0.8194
vn -0.5078 0.0727 0.8584
vn -0.6506 -0.0146 0.7593
vn -0.5252 0.0981 0.8453
vn -0.7811 -0.0211 0.6240
vn -0.9004 0.0231 0.4344
vn -0.9970 -0.0393 0.0661
vn -0.9932 -0.0278 0.1135
vn -0.9933 -0.0265 -0.1125
vn -0.9996 -0.0244 -0.0123
vn -0.9805 0.0886 -0.1757
vn -0.9701 0.0056 -0.2428
vn -0.7804 -0.0103 -0.6252
vn -0.7495 -0.0014 -0.6620
vn -0.6618 -0.0139 -0.7495
vn -0.5729 -0.0279 -0.8191
vn -0.3862 -0.0265 -0.9220
vn -0.4901 -0.0125 -0.8716
vn -0.3230 0.0791 -0.9431
vn -0.2750 0.0060 -0.9614
vn 0.1970 -0.0137 0.9803
vn -0.1421 0.0360 0.9892
vn 0.1359 -0.0355 0.9901
vn -0.3070 -0.0206 0.9515
vn 0.2930 0.0963 0.9512
vn -0.1396 0.1663 0.9761
vn 0.1352 -0.1659 0.9768
vn -0.4477 -0.3409 0.8267
vn -0.1469 0.0293 0.9887
vn -0.3279 -0.0629 0.9426
vn -0.3812 -0.3372 0.8608
vn -0.5087 -0.0087 0.8609
vn -0.5002 -0.0233 0.8656
vn -0.7804 0.0500 0.6233
vn -0.8431 -0.0190 0.5375
vn -0.9770 -0.0022 0.2134
vn -0.9778 -0.0000 0.2094
vn -0.9654 -0.2197 0.1407
vn -0.9970 0.0760 0.0114
vn -0.9777 0.0022 -0.2099
vn -0.9943 0.1036 -0.0246
vn -0.8991 -0.0558 -0.4342
vn -0.7801 0.0542 -0.6233
vn -0.6249 -0.0239 -0.7804
vn -0.3072 0.0020 -0.9516
vn -0.4987 -0.3227 -0.8044
vn -0.4925 -0.2471 -0.8345
vn -0.3964 0.0535 -0.9165
vn 0.1369 -0.0235 -0.9903
vn 0.0950 0.0184 -0.9953
vn 0.4820 -0.0302 -0.8756
vn 0.5073 -0.0571 -0.8599
vn 0.6248 -0.0239 -0.7804
vn 0.5523 -0.2147 -0.8055
vn 0.7803 0.0543 -0.6230
vn 0.8990 -0.0556 -0.4343
vn 0.9944 0.1027 -0.0252
vn 0.9777 0.0019 -0.2098
vn 0.9778 -0.0000 0.2093
vn 0.9971 0.0754 0.0103
vn 0.9769 -0.0024 0.2137
vn 0.9648 -0.2224 0.1401
vn 0.8633 -0.0170 0.5043
vn 0.7804 0.0544 0.6229
vn 0.6244 -0.0239 0.7808
vn 0.3027 0.0019 0.9531
vn 0.5077 -0.0579 0.8596
vn 0.5522 -0.2137 0.8059
vn 0.3901 0.0612 0.9187
vn 0.1324 -0.0537 0.9897
vn -0.3252 0.0252 0.9453
vn -0.3109 0.0149 0.9503
vn -0.6053 0.0318 0.7954
vn -0.5954 0.0232 0.8031
vn -0.8864 0.0528 0.4600
vn -0.8611 0.0147 0.5082
vn -0.9975 0.0571 0.0414
vn -0.9852 -0.0154 0.1710
vn -0.9604 0.0081 -0.2784
vn -0.9635 0.0182 -0.2669
vn -0.7465 0.0606 -0.6626
vn -0.7862 0.0218 -0.6175
vn -0.5919 -0.0025 -0.8060
vn -0.3465 0.0463 -0.9369
vn -0.3503 0.0429 -0.9357
vn 0.1292 0.0345 -0.9910
vn 0.0886 -0.0005 -0.9961
vn 0.5749 0.0516 -0.8166
vn 0.5116 0.0017 -0.8592
vn 0.7641 -0.0202 -0.6448
vn 0.8877 0.0770 -0.4540
vn 0.9566 -0.0148 -0.2911
vn 0.9981 0.0601 0.0144
vn 0.9990 0.0438 -0.0098
vn 0.9723 -0.0040 0.2339
vn 0.8751 0.0579 0.4804
vn 0.8853 0.0442 0.4629
vn 0.7478 -0.0050 0.6639
vn 0.5494 0.0569 0.8336
vn 0.5646 0.0448 0.8242
vn 0.3448 -0.0066 0.9386
vn 0.0672 0.0545 0.9962
vn 0.1019 0.0230 0.9945
vn 0.0450 -0.4927 -0.8690
vn -0.8385 -0.3400 -0.4258
vn -0.8026 -0.5183 0.2953
vn -0.7295 -0.3887 0.5627
vn 0.6417 -0.5578 0.5264
vn 0.3597 -0.3795 0.8524
vn 0.9324 -0.3614 0.0014
vn 0.2058 -0.3939 -0.8958
vn -0.4142 0.0280 0.9098
vn -0.7825 -0.0117 0.6225
vn -0.9165 0.0019 -0.4000
vn -0.8950 0.0075 -0.4460
vn 0.1486 0.0027 -0.9889
vn 0.2378 -0.0075 -0.9713
vn 0.9813 0.0252 0.1910
vn 0.9996 0.0017 -0.0297
vn 0.3552 -0.0208 0.9345
vn 0.3002 0.0031 -0.9539
vn 0.3115 0.0053 -0.9502
vn 0.6548 0.0030 -0.7558
vn 0.5952 0.0132 -0.8035
vn 0.8373 0.0070 -0.5467
vn 0.9552 0.0031 -0.2959
vn 0.8609 0.0128 -0.5087
vn 0.9851 0.0175 -0.1710
vn 0.9946 -0.0010 0.1035
vn 0.9233 0.0020 0.3840
vn 0.9636 0.0148 0.2671
vn 0.8092 0.0071 0.5875
vn 0.6525 0.0050 0.7578
vn 0.7865 0.0114 0.6175
vn 0.5919 0.0108 0.8060
vn 0.3996 0.0031 0.9167
vn 0.3471 0.0109 0.9378
vn 0.0040 0.0048 1.0000
vn -0.0886 0.0181 0.9959
vn -0.3119 0.0008 0.9501
vn -0.5115 0.0197 0.8590
vn -0.6725 0.0028 0.7401
vn -0.7642 0.0136 0.6448
vn -0.8486 0.0020 0.5291
vn -0.9506 0.0088 0.3104
vn -0.9566 0.0116 0.2912
vn -0.9969 0.0052 0.0783
vn -0.9999 0.0105 0.0097
vn -0.9732 0.0033 -0.2301
vn -0.9723 0.0039 -0.2339
vn -0.8861 0.0130 -0.4633
vn -0.8083 0.0021 -0.5887
vn -0.7478 0.0104 -0.6639
vn -0.6035 0.0056 -0.7973
vn -0.3985 0.0055 -0.9171
vn -0.5650 0.0097 -0.8251
vn -0.1239 0.0053 -0.9923
vn -0.3448 0.0106 -0.9386
vn -0.0694 0.0128 -0.9975
vn 0.0897 -0.5767 -0.8120
vn 0.6429 -0.5707 -0.5108
vn 0.5023 -0.8139 -0.2919
vn 0.8875 -0.4371 0.1459
vn 0.4396 -0.8589 0.2629
vn 0.5901 -0.2250 0.7754
vn -0.1176 -0.8199 0.5602
vn -0.3152 -0.4675 0.8259
vn -0.6027 -0.7655 0.2253
vn -0.8662 -0.4619 0.1908
vn -0.5268 -0.7931 -0.3057
vn -0.6979 -0.3336 -0.6337
vn -0.0296 -0.8398 -0.5421
vn -0.1337 0.0180 0.9909
vn -0.3171 -0.0014 0.9484
vn -0.5689 0.0111 0.8223
vn -0.3633 -0.0144 0.9315
vn -0.7236 0.0006 0.6902
vn -0.8814 0.0123 0.4723
vn -0.7616 -0.0137 0.6479
vn -0.9649 -0.0019 0.2625
vn -0.9996 0.0114 -0.0277
vn -0.9580 0.0045 0.2867
vn -0.9779 0.0091 -0.2089
vn -0.9927 -0.0016 -0.1208
vn -0.8888 -0.0020 -0.4583
vn -0.7702 0.0079 -0.6378
vn -0.8614 -0.0149 -0.5076
vn -0.5744 -0.0005 -0.8186
vn -0.5808 0.0013 -0.8141
vn -0.3807 0.0144 -0.9246
vn -0.2908 0.0056 -0.9568
vn -0.1276 0.0170 -0.9917
vn -0.0344 0.0082 -0.9994
vn 0.0975 0.0170 -0.9951
vn 0.3686 0.0156 -0.9294
vn 0.2128 0.0054 -0.9771
vn 0.5576 0.0179 -0.8299
vn 0.4480 0.0084 -0.8940
vn 0.7308 0.0059 -0.6825
vn 0.7156 0.0020 -0.6985
vn 0.8954 0.0004 -0.4453
vn 0.9728 0.0101 -0.2315
vn 0.9275 -0.0151 -0.3734
vn 0.9976 -0.0105 0.0682
vn 0.9638 0.0081 0.2666
vn 0.9952 -0.0166 0.0969
vn 0.8782 0.0007 0.4783
vn 0.7430 0.0170 0.6690
vn 0.8906 0.0063 0.4547
vn 0.5478 0.0154 0.8364
vn 0.6985 0.0098 0.7156
vn 0.3578 0.0098 0.9337
vn 0.4793 0.0058 0.8776
vn 0.1294 0.0166 0.9915
vn 0.3886 0.0149 0.9213
vn 0.0305 0.0018 0.9995
vn 0.1867 -0.0269 0.9820
vn 0.6532 0.0200 0.7569
vn 0.9984 -0.0033 0.0571
vn 0.8529 -0.0378 0.5207
vn 0.9991 -0.0137 -0.0410
vn 0.8759 0.0245 -0.4818
vn 0.7893 -0.0098 -0.6139
vn 0.2674 -0.0094 -0.9635
vn 0.1149 0.0291 -0.9929
vn -0.5084 -0.0251 -0.8608
vn -0.6931 0.0210 -0.7205
vn -0.9637 -0.0209 -0.2663
vn -0.9975 0.0139 -0.0689
vn -0.9138 -0.0106 0.4061
vn -0.8794 0.0022 0.4760
vn -0.3297 -0.0590 0.9422
vn -0.5132 -0.0109 0.8582
vn 0.1769 -0.0249 0.9839
vn -0.1086 0.0991 0.9891
vn -0.3587 0.1742 0.9170
vn -0.2971 0.2606 0.9186
vn -0.5725 0.1066 0.8129
vn -0.7422 0.2250 0.6313
vn -0.7846 0.1607 0.5988
vn -0.8814 0.0998 0.4617
vn -0.9590 0.2483 0.1368
vn -0.9503 0.3047 0.0645
vn -0.9578 0.1027 -0.2685
vn -0.8394 0.2236 -0.4953
vn -0.8235 0.1614 -0.5439
vn -0.7278 0.1025 -0.6781
vn -0.4440 0.2427 -0.8625
vn 0.4977 0.3284 -0.8027
vn 0.8190 0.1005 -0.5649
vn 0.9028 0.2314 -0.3624
vn 0.9472 0.1384 -0.2893
vn 0.9715 0.2167 0.0958
vn 0.9969 0.0560 -0.0554
vn 0.8048 0.2005 0.5586
vn 0.9465 0.0581 0.3173
vn 0.2366 0.1669 0.9572
vn 0.6035 0.1688 0.7793
vn 0.2374 0.3423 0.9091
vn 0.1460 0.1418 -0.9791
vn 0.5351 -0.0945 -0.8395
vn 0.8921 -0.0753 -0.4455
vn 0.7844 0.1727 -0.5958
vn 0.9760 0.0054 0.2176
vn 0.9633 0.0703 0.2590
vn 0.7707 -0.2323 0.5934
vn 0.3586 0.1921 0.9135
vn 0.0925 -0.1910 0.9772
vn -0.3289 -0.0903 0.9400
vn -0.4567 0.0963 0.8844
vn -0.7500 -0.1898 0.6336
vn -0.9479 0.1315 0.2902
vn -0.9906 -0.1339 -0.0270
vn -0.9598 0.0977 -0.2630
vn -0.7170 -0.1256 -0.6857
vn -0.5704 0.1391 -0.8095
vn -0.0673 -0.1280 -0.9895
vn -0.1686 -0.4491 -0.8774
vn -0.3454 -0.2514 -0.9042
vn -0.6911 -0.3517 -0.6314
vn -0.6936 -0.3802 -0.6119
vn -0.8989 -0.3891 -0.2013
vn -0.9068 -0.3302 -0.2620
vn -0.9586 -0.2820 0.0398
vn -0.8743 -0.4242 0.2360
vn -0.8559 -0.2528 0.4511
vn -0.6646 -0.4242 0.6151
vn -0.5747 -0.2883 0.7659
vn -0.2946 -0.3776 0.8779
vn -0.2812 -0.3941 0.8750
vn 0.1224 -0.2632 0.9569
vn 0.2873 -0.4823 0.8276
vn 0.5417 -0.2277 0.8091
vn 0.8089 -0.4082 0.4232
vn 0.8121 -0.3789 0.4438
vn 0.9060 -0.4046 -0.1241
vn 0.9666 -0.2562 -0.0069
vn 0.7575 -0.3996 -0.5162
vn 0.8315 -0.2836 -0.4777
vn 0.3311 -0.3996 -0.8548
vn 0.4152 -0.2989 -0.8592
vn 0.0759 -0.2822 -0.9564
vn 0.1073 -0.0060 0.9942
vn 0.1199 0.0211 0.9926
vn 0.3398 0.0343 0.9399
vn 0.3278 0.0103 0.9447
vn 0.5496 0.0236 0.8351
vn 0.5459 0.0133 0.8377
vn 0.7270 0.0122 0.6865
vn 0.7217 -0.0039 0.6922
vn 0.8826 -0.0237 0.4696
vn 0.8708 -0.0682 0.4869
vn 0.9650 0.0238 0.2613
vn 0.9269 -0.1235 0.3544
vn 0.9991 0.0403 0.0138
vn 0.9906 -0.0973 0.0964
vn 0.9767 0.0305 -0.2126
vn 0.9900 -0.0823 -0.1145
vn 0.8980 0.0305 -0.4390
vn 0.9420 -0.1050 -0.3188
vn 0.7604 0.0554 -0.6470
vn 0.8487 -0.0999 -0.5194
vn 0.5877 0.0368 -0.8082
vn 0.7103 -0.0554 -0.7017
vn 0.5238 -0.0879 -0.8473
vn 0.3756 0.0180 -0.9266
vn 0.3257 -0.0747 -0.9425
vn 0.1501 0.0186 -0.9885
vn 0.0834 -0.1099 -0.9904
vn -0.1124 -0.0514 -0.9923
vn -0.0905 -0.1124 -0.9895
vn -0.3175 -0.0735 -0.9454
vn -0.3293 -0.0438 -0.9432
vn -0.5700 0.0180 -0.8214
vn -0.5446 -0.0582 -0.8367
vn -0.7299 -0.0384 -0.6825
vn -0.7393 -0.0065 -0.6733
vn -0.8700 -0.0761 -0.4872
vn -0.8908 0.0291 -0.4535
vn -0.9633 -0.0568 -0.2622
vn -0.9686 -0.0172 -0.2481
vn -0.9999 0.0129 0.0073
vn -0.9998 -0.0192 -0.0062
vn -0.9669 -0.0104 0.2549
vn -0.9689 -0.0323 0.2452
vn -0.8756 0.0024 0.4830
vn -0.7479 -0.0067 0.6637
vn -0.8884 -0.0660 0.4543
vn -0.7368 -0.0432 0.6747
vn -0.5530 0.0199 0.8330
vn -0.5724 -0.0410 0.8190
vn -0.3554 -0.0425 0.9338
vn -0.3268 0.0353 0.9444
vn -0.1220 0.0274 0.9922
vn -0.1641 -0.0718 0.9838
vn -0.3749 0.0064 0.9270
vn -0.3161 -0.0013 0.9487
vn -0.6012 -0.0070 0.7991
vn -0.7628 0.0105 0.6465
vn -0.8846 -0.0103 0.4662
vn -0.9759 0.0105 0.2181
vn -0.9991 -0.0064 0.0426
vn -0.9522 0.0098 -0.3054
vn -0.9603 0.0052 -0.2790
vn -0.7498 -0.0132 -0.6615
vn -0.5800 0.0141 -0.8145
vn -0.3568 -0.0103 -0.9341
vn -0.1043 0.0101 -0.9945
vn 0.3459 0.0059 -0.9383
vn 0.0778 -0.0060 -0.9970
vn 0.4469 -0.0084 -0.8946
vn 0.7597 0.0104 -0.6502
vn 0.8607 -0.0128 -0.5089
vn 0.9832 0.0132 -0.1819
vn 0.9999 -0.0107 -0.0074
vn 0.9111 0.0096 0.4121
vn 0.8753 -0.0035 0.4836
vn 0.5810 0.0034 0.8139
vn 0.5559 -0.0016 0.8313
vn 0.1044 0.0022 0.9945
vn 0.1269 -0.0017 0.9919
vn 0.1002 -0.0053 -0.9950
vn 0.1407 0.0023 -0.9901
vn 0.5504 -0.0056 -0.8349
vn 0.5883 0.0030 -0.8086
vn 0.8763 -0.0063 -0.4817
vn 0.9008 0.0036 -0.4342
vn 0.9998 -0.0068 -0.0174
vn 0.9991 0.0041 0.0426
vn 0.8927 -0.0074 0.4506
vn 0.8521 0.0075 0.5233
vn 0.5780 -0.0090 0.8160
vn 0.5445 -0.0023 0.8388
vn 0.2904 0.0031 0.9569
vn 0.1314 -0.0110 0.9913
vn 0.0469 -0.0008 0.9989
vn -0.1998 0.0028 0.9798
vn -0.3466 -0.0111 0.9380
vn -0.4339 -0.0001 0.9010
vn -0.6415 0.0025 0.7671
vn -0.7441 -0.0111 0.6679
vn -0.8109 0.0007 0.5852
vn -0.9291 0.0020 0.3698
vn -0.9699 -0.0114 0.2431
vn -0.9921 0.0012 0.1252
vn -0.9721 -0.0113 -0.2343
vn -0.9931 0.0004 -0.1172
vn -0.9293 0.0036 -0.3693
vn -0.7552 -0.0088 -0.6555
vn -0.7124 0.0017 -0.7017
vn -0.3692 -0.0055 -0.9293
vn -0.3293 0.0024 -0.9442
vn -0.8613 -0.4974 -0.1037
vn -0.8963 -0.4080 -0.1738
vn -0.7614 -0.5747 -0.2999
vn -0.7615 -0.4011 -0.5092
vn -0.5798 -0.5746 -0.5777
vn -0.5633 -0.4270 -0.7074
vn -0.2654 -0.6046 -0.7510
vn -0.2045 -0.3872 -0.8990
vn 0.1126 -0.6055 -0.7878
vn 0.2362 -0.3900 -0.8900
vn 0.4676 -0.6068 -0.6427
vn 0.6181 -0.3974 -0.6783
vn 0.7193 -0.6023 -0.3462
vn 0.8592 -0.4058 -0.3116
vn 0.8047 -0.5927 0.0332
vn 0.9205 -0.3654 0.1387
vn 0.6862 -0.5945 0.4192
vn 0.7091 -0.5218 0.4742
vn 0.5660 -0.4166 0.7114
vn 0.4433 -0.5709 0.6911
vn 0.2507 -0.5108 0.8224
vn 0.2327 -0.4637 0.8549
vn 0.0395 -0.5360 0.8433
vn -0.0571 -0.4281 0.9019
vn -0.1643 -0.5635 0.8096
vn -0.3781 -0.4901 0.7854
vn -0.4392 -0.4007 0.8041
vn -0.5239 -0.5793 0.6244
vn -0.7099 -0.4817 0.5138
vn -0.7651 -0.3998 0.5048
vn -0.7567 -0.5815 0.2989
vn -0.8731 -0.4744 0.1130
vn -0.8606 -0.4947 0.1212
vn 0.2043 -0.0030 -0.9789
vn 0.2198 0.0059 -0.9755
vn -0.0058 -0.0026 -1.0000
vn 0.0056 0.0025 -1.0000
vn -0.2207 -0.0068 -0.9753
vn -0.2035 0.0030 -0.9791
vn 0.1208 0.0154 0.9926
vn 0.3884 -0.0193 0.9213
vn 0.6303 0.0215 0.7761
vn 0.8159 -0.0220 0.5778
vn 0.9784 0.0185 0.2058
vn 0.9966 -0.0092 0.0823
vn 0.9362 0.0039 -0.3515
vn 0.9065 -0.0097 -0.4220
vn 0.7991 0.0089 -0.6011
vn 0.5692 -0.0167 -0.8220
vn 0.3876 0.0131 -0.9217
vn 0.1680 -0.0160 -0.9857
vn -0.2080 0.0238 -0.9778
vn -0.3734 -0.0145 -0.9275
vn -0.7133 0.0067 -0.7008
vn -0.7868 -0.0078 -0.6171
vn -0.8838 0.0126 -0.4678
vn -0.9891 -0.0144 -0.1466
vn -0.9994 0.0201 0.0286
vn -0.8933 -0.0140 0.4492
vn -0.8140 0.0147 0.5806
vn -0.4006 0.0133 0.9162
vn -0.5647 -0.0170 0.8251
vn -0.1078 -0.0149 0.9941
vn 0.3177 -0.0033 0.9482
vn 0.3495 -0.0102 0.9369
vn 0.7144 -0.0157 0.6996
vn 0.7600 0.0043 0.6499
vn 0.9404 0.0085 0.3401
vn 0.9996 0.0062 -0.0270
vn 0.9941 -0.0172 0.1073
vn 0.9241 -0.0218 -0.3814
vn 0.9051 -0.0110 -0.4250
vn 0.6935 0.0138 -0.7203
vn 0.5382 -0.0135 -0.8427
vn 0.2683 0.0185 -0.9632
vn 0.0962 -0.0046 -0.9954
vn -0.1893 0.0227 -0.9816
vn -0.3857 -0.0074 -0.9226
vn -0.6089 0.0184 -0.7931
vn -0.7618 -0.0100 -0.6478
vn -0.9279 0.0074 -0.3728
vn -0.9193 0.0023 -0.3935
vn -0.9974 0.0052 0.0715
vn -0.9975 0.0050 0.0705
vn -0.8744 -0.0098 0.4851
vn -0.8003 0.0113 0.5995
vn -0.5787 -0.0065 0.8155
vn -0.5729 -0.0050 0.8196
vn -0.1010 0.0003 0.9949
vn -0.1074 -0.0011 0.9942
vn 0.8853 0.0079 0.4649
vn 0.9431 -0.0065 0.3324
vn 0.6139 0.0044 0.7893
vn 0.7145 -0.0096 0.6996
vn 0.3742 0.0033 0.9274
vn 0.4024 -0.0011 0.9154
vn 0.1394 -0.0036 0.9902
vn 0.3688 -0.0101 0.9294
vn 0.0685 -0.0166 0.9975
vn -0.3743 0.0022 0.9273
vn -0.1362 0.0061 0.9907
vn -0.3355 -0.0174 0.9419
vn -0.3967 -0.0012 0.9179
vn -0.6139 0.0044 0.7894
vn -0.7145 -0.0095 0.6995
vn -0.8852 0.0079 0.4651
vn -0.9441 -0.0068 0.3296
vn -0.2703 0.8208 0.5032
vn -0.2740 0.9611 0.0338
vn -0.3157 0.9417 -0.1165
vn -0.2406 0.9331 -0.2673
vn -0.0901 0.9338 -0.3463
vn 0.0762 0.9474 -0.3109
vn 0.2444 0.9543 -0.1719
vn 0.4111 0.9092 -0.0660
vn 0.4667 0.8806 0.0817
vn 0.5813 0.8120 0.0526
vn 0.4665 0.8448 0.2620
vn 0.4629 0.7961 0.3898
vn -0.1492 0.7399 -0.6559
vn -0.0196 0.8192 -0.5732
vn 0.1328 0.8182 -0.5594
vn 0.3720 0.9282 0.0030
vn 0.5432 0.8141 0.2052
vn 0.3750 0.9224 0.0926
vn 0.5186 0.7705 0.3706
vn 0.4564 0.5042 0.7331
vn 0.2630 0.2897 0.9202
vn -0.0968 -0.8904 0.4447
vn -0.5453 -0.7615 0.3503
vn -0.9812 0.1552 0.1148
vn -0.5141 -0.7591 -0.3993
vn -0.4386 0.6157 -0.6547
vn -0.1587 0.7710 -0.6167
vn 0.0066 0.7812 -0.6243
vn 0.1475 0.8029 -0.5775
vn 0.4655 0.6134 -0.6380
vn 0.2637 0.8304 -0.4907
vn 0.9597 -0.0861 -0.2675
vn 0.1686 0.9779 0.1234
vn 0.2365 0.9713 0.0244
vn 0.1343 0.9573 -0.2561
vn -0.2194 0.9720 0.0840
vn -0.1718 0.9673 0.1867
vn -0.0723 -0.8859 0.4581
vn -0.0536 -0.9059 0.4201
vn 0.1072 -0.9248 -0.3649
vn 0.0778 -0.4488 -0.8902
vn -0.1859 -0.8357 0.5167
vn 0.1909 -0.1261 -0.9735
vn 0.0540 0.2118 -0.9758
vn 0.0246 -0.9751 -0.2203
vn 0.1340 0.6363 -0.7597
vn 0.2932 -0.6875 -0.6644
vn 0.1427 0.6154 -0.7752
vn -0.3185 -0.8188 0.4776
vn -0.2275 -0.8865 0.4029
vn 0.0094 0.9823 -0.1871
vn 0.3327 0.0540 -0.9415
vn 0.0099 0.9914 0.1301
vn 0.0263 -0.9969 -0.0747
vn 0.3797 0.2440 -0.8924
vn 0.1489 -0.9662 -0.2106
vn 0.1615 0.6758 -0.7191
vn -0.1361 0.4449 0.8852
vn 0.4663 -0.4651 -0.7525
vn -0.4582 -0.7505 0.4762
vn -0.0653 0.2095 0.9756
vn 0.5223 -0.2111 -0.8262
vn 0.4652 0.5282 -0.7103
vn -0.2327 0.7837 0.5759
vn 0.4015 0.6128 -0.6806
vn -0.2310 0.4848 0.8436
vn 0.4497 -0.7827 -0.4302
vn -0.4155 -0.8681 0.2715
vn -0.3579 0.1809 0.9161
vn -0.4158 -0.8679 0.2719
vn 0.1401 0.9602 -0.2416
vn 0.0917 0.9883 -0.1216
vn 0.7063 0.0119 -0.7078
vn 0.6713 -0.1079 -0.7333
vn 0.0880 -0.9948 -0.0515
vn 0.0598 -0.9980 -0.0210
vn -0.2410 0.9114 0.3336
vn 0.5931 0.5929 -0.5447
vn -0.2879 0.7991 0.5278
vn 0.5228 -0.7771 -0.3504
vn 0.6303 -0.6792 -0.3760
vn -0.5349 0.3122 0.7851
vn 0.5596 0.6285 -0.5402
vn -0.5058 0.3583 0.7847
vn -0.5161 -0.8384 0.1753
vn -0.4386 -0.8935 0.0965
vn 0.8509 -0.0983 -0.5161
vn 0.1104 0.9909 -0.0764
vn 0.8582 -0.1427 -0.4931
vn 0.0637 -0.9979 -0.0079
vn 0.2292 -0.9703 -0.0774
vn 0.7970 0.3114 -0.5175
vn -0.4201 0.8157 0.3976
vn 0.6213 -0.7701 -0.1443
vn 0.5614 0.7839 -0.2651
vn -0.6374 0.4054 0.6552
vn 0.7189 -0.6613 -0.2142
vn -0.5642 -0.8235 0.0597
vn -0.7070 0.2838 0.6477
vn 0.9476 -0.1632 -0.2747
vn 0.9425 -0.1794 -0.2821
vn 0.1386 0.9870 -0.0819
vn 0.8618 0.4424 -0.2483
vn -0.5951 -0.8010 -0.0661
vn -0.4249 0.8697 0.2513
vn -0.7738 0.3878 0.5009
vn -0.4491 0.8475 0.2829
vn 0.7540 0.6150 -0.2307
vn -0.9045 0.0549 0.4230
vn 0.2072 -0.9768 -0.0547
vn 0.9564 -0.2918 -0.0129
vn 0.8063 0.5272 -0.2683
vn 0.1246 0.9902 -0.0627
vn 0.7070 -0.7045 0.0612
vn -0.4979 0.8509 0.1677
vn -0.4601 -0.8804 -0.1151
vn 0.8041 0.5872 -0.0928
vn 0.9661 -0.2583 -0.0001
vn -0.7399 0.6468 0.1849
vn -0.2746 -0.9558 -0.1053
vn -0.8773 0.4053 0.2572
vn 0.9596 0.2480 0.1328
vn 0.3648 -0.9192 0.1483
vn 0.4453 0.8953 -0.0152
vn 0.5081 -0.8461 0.1613
vn -0.1654 0.9862 0.0070
vn 0.8372 -0.4813 0.2596
vn 0.5337 0.8449 -0.0371
vn 0.9200 -0.1498 0.3622
vn 0.9036 -0.3628 0.2276
vn -0.3385 -0.9046 -0.2591
vn -0.2060 0.9785 -0.0104
vn 0.9047 0.3314 0.2678
vn -0.9603 -0.2790 -0.0005
vn -0.7010 0.7117 -0.0449
vn 0.8697 0.4415 0.2206
vn -0.7842 0.6202 -0.0189
vn 0.5334 0.8194 0.2099
vn -0.9919 0.1162 -0.0516
vn 0.7581 -0.5746 0.3084
vn 0.3557 0.9317 0.0738
vn 0.8341 -0.1610 0.5276
vn -0.3339 -0.9055 -0.2620
vn -0.3563 -0.8679 -0.3461
vn -0.1900 0.9812 -0.0328
vn -0.3894 0.9091 -0.1477
vn 0.8075 0.4169 0.4172
vn -0.6856 0.6937 -0.2206
vn 0.8081 0.4073 0.4255
vn 0.2654 -0.9422 0.2046
vn -0.7103 0.6632 -0.2359
vn 0.2821 -0.9280 0.2434
vn -0.8990 0.3378 -0.2788
vn -0.3388 -0.7540 -0.5628
vn 0.2434 0.9586 0.1476
vn 0.7028 -0.3738 0.6053
vn 0.7717 -0.2520 0.5839
vn -0.9010 -0.1338 -0.4128
vn -0.3005 -0.8769 -0.3751
vn 0.6297 0.4129 0.6581
vn 0.0847 -0.9946 0.0601
vn 0.1526 -0.9386 0.3095
vn -0.7705 0.4113 -0.4871
vn 0.6114 0.5822 0.5359
vn 0.4538 -0.6786 0.5775
vn 0.2733 0.9211 0.2774
vn 0.1354 0.9856 0.1009
vn 0.4900 -0.2689 0.8292
vn -0.1797 -0.7621 -0.6220
vn -0.1975 -0.8589 -0.4726
vn 0.5846 -0.0805 0.8073
vn -0.3040 0.9214 -0.2420
vn -0.0012 -0.9969 0.0791
vn -0.4208 0.8198 -0.3884
vn 0.1578 -0.9449 0.2869
vn -0.6877 0.4905 -0.5352
vn 0.4152 0.7021 0.5785
vn 0.2250 -0.6702 0.7072
vn -0.7015 0.0670 -0.7095
vn 0.0823 0.9753 0.2050
vn -0.0739 -0.8206 -0.5667
vn 0.3691 -0.3865 0.8452
vn 0.3176 -0.0911 0.9439
vn 0.3806 0.2965 0.8759
vn 0.0058 -0.9654 0.2606
vn -0.3492 0.7729 -0.5297
vn -0.3558 0.7553 -0.5504
vn 0.2979 0.4900 0.8193
vn -0.5274 0.3796 -0.7601
vn -0.3992 -0.0498 -0.9155
vn 0.1750 0.9320 0.3173
vn 0.0882 -0.3878 0.9175
vn 0.1404 -0.5067 0.8506
vn 0.0224 -0.9053 -0.4243
vn -0.0535 0.9885 -0.1413
vn 0.0435 -0.9584 -0.2822
vn 0.0977 0.3249 0.9407
vn 0.1319 0.2562 0.9576
vn -0.0456 -0.9375 0.3450
vn -0.0386 -0.9060 0.4215
vn -0.2855 0.5826 -0.7610
vn -0.3445 0.1879 -0.9198
vn 0.0441 0.8455 0.5321
vn 0.0889 0.7361 0.6710
vn -0.1053 -0.4712 0.8757
vn -0.0993 -0.4805 0.8714
vn 0.1976 -0.8938 -0.4026
vn -0.0087 0.9928 -0.1197
vn -0.0187 0.9872 -0.1582
vn 0.1357 -0.9364 -0.3236
vn -0.1426 0.2523 0.9571
vn -0.0567 0.8248 -0.5626
vn -0.0666 0.3966 0.9156
vn -0.0861 -0.9426 0.3226
vn -0.1044 0.7353 -0.6696
vn -0.1154 0.1933 -0.9743
vn -0.0753 0.0350 -0.9966
vn -0.1043 0.9517 0.2886
vn -0.3786 -0.4432 0.8126
vn 0.3068 -0.8379 -0.4514
vn -0.3000 -0.1749 0.9378
vn -0.3734 0.3712 0.8502
vn -0.2985 0.4959 0.8154
vn -0.0857 -0.9765 0.1977
vn -0.3071 -0.8614 0.4046
vn 0.1054 0.6044 -0.7896
vn 0.1202 0.4094 -0.9044
vn -0.0995 0.9519 0.2898
vn 0.4466 -0.8147 -0.3699
vn -0.4892 -0.3098 0.8153
vn 0.3367 -0.8853 -0.3207
vn 0.0851 0.9778 -0.1913
vn -0.5689 -0.2001 0.7977
vn -0.5189 0.4939 0.6977
vn -0.2574 -0.9498 0.1781
vn 0.2115 0.7184 -0.6627
vn -0.3974 0.6417 0.6560
vn -0.5693 -0.6277 0.5310
vn 0.3578 0.4285 -0.8297
vn 0.3047 0.0961 -0.9476
vn -0.3480 0.7755 0.5267
vn -0.7716 -0.3334 0.5418
vn 0.5719 -0.7571 -0.3158
vn 0.0827 0.9885 -0.1263
vn 0.1751 0.9664 -0.1884
vn -0.6680 0.2084 0.7144
vn -0.0292 -0.9987 0.0426
vn -0.5240 0.7941 0.3080
vn 0.4897 0.4247 -0.7615
vn -0.5765 -0.7914 0.2033
vn 0.5929 0.2379 -0.7693
vn 0.5356 -0.8371 -0.1112
vn -0.8008 -0.3479 0.4876
vn 0.4334 -0.8915 -0.1322
vn 0.1722 0.9668 -0.1887
vn -0.0804 -0.9967 0.0078
vn 0.3736 0.8804 -0.2921
vn -0.8809 0.2060 0.4261
vn -0.8825 0.2370 0.4063
vn -0.2113 -0.9743 0.0779
vn -0.7197 -0.6750 0.1623
vn -0.5451 0.7760 0.3172
vn 0.6677 0.4442 -0.5973
vn -0.5367 0.7862 0.3065
vn -0.8484 -0.4847 0.2130
vn -0.9149 -0.3572 0.1882
vn 0.5479 -0.8365 -0.0135
vn 0.4662 -0.8843 0.0269
vn 0.0071 0.9999 0.0119
vn -0.9580 0.0801 0.2753
vn -0.9464 0.2393 0.2167
vn 0.5078 0.8175 -0.2718
vn -0.6093 0.7818 0.1324
vn -0.6742 0.7157 0.1824
vn 0.8716 0.1380 -0.4704
vn 0.8659 0.2340 -0.4422
vn -0.7244 -0.6892 -0.0132
vn 0.5351 -0.8355 0.1250
vn -0.0578 0.9983 0.0036
vn 0.1806 0.9833 -0.0208
vn 0.4155 0.8995 -0.1348
vn -1.0000 0.0004 0.0098
vn -0.9951 0.0953 -0.0257
vn -0.8412 0.5399 0.0300
vn -0.2857 -0.9582 -0.0107
vn -0.5825 0.8087 -0.0819
vn -0.3524 -0.9349 -0.0422
vn 0.8442 0.5029 -0.1857
vn -0.8513 -0.4736 -0.2256
vn 0.5907 -0.7318 0.3399
vn 0.4206 -0.8910 0.1711
vn 0.1700 0.9847 -0.0376
vn -0.9683 -0.1751 -0.1779
vn -0.9675 0.0082 -0.2529
vn 0.1329 -0.9881 0.0769
vn -0.8232 0.5257 -0.2143
vn -0.3670 -0.9015 -0.2292
vn -0.3426 -0.9166 -0.2062
vn -0.7446 0.6546 -0.1305
vn 0.8427 0.5354 0.0574
vn 0.9407 0.3366 -0.0431
vn 0.5212 -0.7313 0.4400
vn -0.6729 0.7284 -0.1289
vn -0.8148 -0.4509 -0.3643
vn 0.3365 -0.8719 0.3557
vn 0.0163 0.9995 0.0259
vn -0.8417 -0.1530 -0.5178
vn -0.8570 0.3490 -0.3792
vn -0.6761 0.6084 -0.4157
vn -0.2426 -0.9514 -0.1898
vn 0.8466 0.5031 0.1738
vn 0.8835 0.4090 0.2283
vn -0.6368 -0.4709 -0.6105
vn 0.3221 -0.8070 0.4950
vn -0.0307 0.9990 -0.0331
vn -0.3857 0.9052 -0.1784
vn -0.7681 -0.2607 -0.5848
vn 0.2966 -0.8794 0.3723
vn 0.2199 0.9681 0.1199
vn 0.3644 0.9161 0.1669
vn -0.6484 0.3393 -0.6815
vn -0.0893 -0.9916 -0.0935
vn -0.1625 -0.9367 -0.3102
vn 0.8058 0.4223 0.4152
vn -0.6122 0.6103 -0.5027
vn 0.8116 0.3873 0.4374
vn -0.4750 -0.6580 -0.5844
vn -0.0676 0.9895 -0.1274
vn 0.2431 -0.8024 0.5451
vn -0.4842 -0.2397 -0.8415
vn 0.0323 -0.9305 0.3648
vn 0.0481 -0.9499 0.3087
vn -0.6144 0.0721 -0.7857
vn 0.4170 0.7947 0.4411
vn -0.0977 -0.8664 -0.4897
vn -0.0479 -0.9200 -0.3889
vn -0.1113 -0.9900 -0.0863
vn -0.2833 0.7847 -0.5513
vn -0.2183 -0.6463 -0.7312
vn 0.7181 0.3793 0.5835
vn 0.7134 0.0398 0.6997
vn -0.0678 0.9893 -0.1288
vn -0.0671 -0.3858 -0.9201
vn -0.3723 -0.3586 -0.8560
vn -0.1775 -0.1437 -0.9736
vn 0.1710 0.9376 0.3028
vn -0.3065 0.0804 -0.9485
vn -0.0703 0.2939 -0.9532
vn -0.3725 0.2950 -0.8799
vn 0.3804 0.7978 0.4678
vn -0.1730 0.7670 -0.6178
vn 0.4930 0.4314 0.7556
vn -0.2385 0.6987 -0.6744
vn -0.0164 0.9975 -0.0690
vn -0.2398 0.6882 -0.6847
vn -0.0274 0.9986 0.0453
vn 0.0408 0.8420 0.5379
vn 0.0468 0.8988 0.4359
vn 0.1554 0.8607 0.4848
vn 0.3510 0.2250 0.9089
vn 0.3590 0.2012 0.9114
vn 0.1083 0.4841 0.8683
vn 0.4149 0.8843 -0.2143
vn -0.3100 0.9224 -0.2304
vn -0.2260 0.9498 0.2164
vn 0.2564 0.1529 -0.9544
vn -0.0734 -0.9375 -0.3401
vn -0.5533 -0.4842 -0.6778
vn 0.0705 0.9957 -0.0606
vn 0.0051 1.0000 -0.0070
vn 0.0882 0.9702 -0.2255
vn 0.2772 0.9587 -0.0635
vn 0.0085 1.0000 0.0003
vn -0.0124 0.9940 -0.1090
vn 0.0730 0.9971 0.0192
vn -0.0031 1.0000 -0.0086
vn -0.1105 0.9806 -0.1622
vn 0.2766 0.9266 0.2547
vn 0.0034 1.0000 0.0061
vn -0.1257 0.9904 -0.0574
vn -0.0092 0.9994 -0.0325
vn 0.0255 0.9996 0.0104
vn 0.0108 0.9952 -0.0977
vn 0.0368 0.9992 -0.0158
vn -0.0033 0.9999 0.0114
vn -0.0716 0.9970 0.0308
vn -0.1274 0.9753 0.1806
vn -0.1331 0.2816 0.9503
vn -0.0977 -0.2232 0.9699
vn -0.5220 0.4271 0.7383
vn -0.5278 -0.1472 0.8365
vn -0.4690 0.8631 0.1873
vn -0.7545 -0.4788 0.4488
vn -0.5112 -0.8581 -0.0484
vn -0.5201 0.8231 -0.2280
vn -0.6593 -0.5876 -0.4691
vn -0.4638 0.5674 -0.6804
vn -0.3530 -0.6005 -0.7175
vn -0.0920 0.5759 -0.8123
vn 0.0306 -0.6104 -0.7915
vn 0.2966 0.5822 -0.7570
vn 0.4005 -0.6167 -0.6777
vn 0.6155 0.5833 -0.5300
vn 0.6714 -0.6203 -0.4054
vn 0.7909 0.5844 -0.1813
vn 0.7818 -0.6223 -0.0384
vn 0.7808 0.5896 0.2068
vn 0.5219 -0.8006 0.2942
vn 0.4786 0.7593 0.4409
vn 0.3281 0.2576 0.9088
vn 0.3333 -0.5991 0.7280
vn 0.0988 0.0807 -0.9918
vn 0.1029 -0.9597 -0.2614
vn 0.4318 -0.5930 -0.6796
vn 0.8595 -0.0233 -0.5106
vn 0.3125 -0.9435 -0.1100
vn 0.9956 -0.0067 0.0937
vn 0.3511 -0.9287 0.1195
vn 0.7336 0.4351 0.5221
vn 0.2624 -0.8022 0.5364
vn 0.1019 -0.9541 0.2817
vn -0.0346 0.4569 0.8888
vn -0.2915 -0.8209 0.4911
vn -0.1838 -0.9502 0.2516
vn -0.7574 0.4664 0.4570
vn -0.3259 -0.9453 -0.0121
vn -0.5495 -0.8351 0.0251
vn -0.5965 0.7297 -0.3343
vn -0.1378 -0.9657 -0.2201
vn -0.3095 -0.6451 -0.6986
vn 0.1662 0.9312 -0.3246
vn 0.0487 0.9985 -0.0255
vn 0.0549 0.9981 -0.0271
vn 0.1346 0.8944 -0.4265
vn 0.1101 0.9571 -0.2680
vn 0.0539 0.9985 0.0112
vn -0.0794 0.9526 -0.2936
vn 0.0519 0.9986 0.0114
vn -0.0666 0.9791 -0.1924
vn 0.0725 0.9962 0.0479
vn -0.2533 0.8934 -0.3711
vn 0.0196 0.9996 0.0186
vn -0.0314 0.9993 -0.0180
vn 0.0144 0.9974 0.0700
vn 0.0057 0.9989 0.0467
vn -0.0259 0.9995 -0.0171
vn 0.0009 1.0000 -0.0004
vn -0.0218 0.9997 0.0127
vn -0.0123 0.9975 0.0696
vn -0.0074 0.9998 0.0202
vn -0.0261 0.9996 0.0132
vn -0.0475 0.9977 0.0482
vn 0.9915 -0.0274 0.1269
vn 0.9908 0.0071 0.1354
vn 0.8077 0.0673 0.5857
vn 0.8465 -0.2047 0.4915
vn 0.6689 -0.2879 0.6853
vn 0.4466 0.0123 0.8947
vn 0.3185 -0.3698 0.8728
vn -0.0713 0.1661 0.9835
vn -0.3037 -0.2567 0.9175
vn -0.6755 0.0485 0.7358
vn -0.6038 -0.2023 0.7711
vn -0.8369 -0.3482 0.4223
vn -0.9092 -0.1482 0.3892
vn -0.9921 -0.1055 0.0675
vn -0.9287 -0.3702 -0.0206
vn -0.9263 0.0461 -0.3740
vn -0.8068 -0.3796 -0.4528
vn -0.6906 0.0074 -0.7232
vn -0.2690 -0.1481 -0.9517
vn -0.4880 -0.4194 -0.7655
vn -0.1181 -0.5026 -0.8564
vn -0.0728 -0.3277 -0.9420
vn 0.2595 -0.0932 -0.9612
vn 0.3604 -0.3849 -0.8497
vn 0.6930 -0.0161 -0.7207
vn 0.6620 -0.1289 -0.7383
vn 0.9363 0.0549 -0.3468
vn 0.8947 -0.1814 -0.4082
vn 0.9465 -0.2995 -0.1202
vn 0.0832 0.0218 -0.9963
vn 0.4023 -0.2666 -0.8758
vn 0.3338 -0.0836 -0.9389
vn 0.6144 0.0747 -0.7854
vn 0.8750 -0.0880 -0.4761
vn 0.8757 -0.1937 -0.4423
vn 0.9965 -0.0805 0.0217
vn 0.9964 -0.0814 0.0220
vn 0.8337 -0.2055 0.5126
vn 0.8682 -0.0916 0.4876
vn 0.5344 0.1110 0.8379
vn 0.3005 -0.3868 0.8718
vn 0.0765 0.1235 0.9894
vn -0.3724 -0.2582 0.8915
vn -0.3710 -0.2506 0.8942
vn -0.6665 0.0795 0.7412
vn -0.8587 -0.3199 0.4005
vn -0.8673 -0.2472 0.4320
vn -0.9904 0.0468 0.1303
vn -0.9682 -0.1742 -0.1796
vn -0.9468 -0.2938 -0.1312
vn -0.7095 -0.2456 -0.6605
vn -0.8674 0.0049 -0.4977
vn -0.6925 -0.1203 -0.7113
vn -0.3390 0.1274 -0.9321
vn -0.1373 -0.3126 -0.9399
vn 0.7154 -0.6944 0.0777
vn 0.6331 -0.7692 0.0873
vn 0.6046 -0.6645 0.4391
vn 0.5309 -0.7451 0.4037
vn 0.2378 -0.8814 0.4081
vn 0.2424 -0.2201 0.9449
vn 0.0818 -0.6482 0.7571
vn -0.3066 -0.2674 0.9135
vn -0.1755 -0.7230 0.6682
vn -0.3724 -0.8208 0.4331
vn -0.4486 -0.7502 0.4858
vn -0.5510 -0.8077 0.2095
vn -0.4753 -0.8786 0.0472
vn -0.7731 -0.5924 0.2265
vn -0.7159 -0.6553 -0.2409
vn -0.6061 -0.7627 -0.2256
vn -0.4705 -0.6646 -0.5804
vn -0.2494 -0.0099 -0.9684
vn 0.3855 -0.7845 -0.4858
vn 0.8340 -0.4602 -0.3044
vn 0.6383 -0.7204 -0.2712
vn 0.0050 0.9999 -0.0158
vn -0.0040 0.9999 0.0126
vn -0.0188 0.9998 0.0046
vn -0.0006 1.0000 -0.0098
vn 0.0023 1.0000 -0.0095
vn 0.0402 0.9992 0.0027
vn -0.0163 0.9998 -0.0109
vn 0.0002 0.9998 0.0185
vn 0.0251 0.9996 -0.0161
vn -0.0107 0.9999 -0.0031
vn -0.0187 0.9998 0.0003
vn -0.0095 1.0000 -0.0007
vn -0.0011 0.9995 -0.0308
vn -0.0185 0.9996 0.0190
vn -0.0123 0.9998 0.0124
vn 0.0366 0.9993 -0.0020
vn 0.0029 0.9996 0.0279
vn 0.0407 0.9992 0.0046
vn -0.0017 0.9999 0.0168
vn -0.0052 0.9996 0.0286
vn 0.0153 0.9999 -0.0016
vn 0.0071 0.9999 0.0101
vn -0.0093 0.9996 -0.0252
vn -0.0044 1.0000 -0.0022
vn 0.0131 0.9999 0.0018
vn -0.0076 0.9997 0.0245
vn 0.0110 0.9999 -0.0008
vn 0.0126 0.9999 -0.0012
vn -0.0063 0.9998 0.0174
vn -0.0034 0.9990 -0.0437
vn 0.0219 0.9997 -0.0062
vn 0.0336 0.9988 0.0364
vn -0.0187 0.9995 -0.0264
vn -0.0061 0.9994 0.0351
vn 0.0031 0.9987 0.0506
vn 0.9095 -0.0000 -0.4157
vn 0.9160 0.0280 -0.4003
vn 0.7910 -0.0191 -0.6115
vn 0.7988 -0.0000 -0.6016
vn 0.5997 -0.0333 -0.7995
vn 0.6102 0.0224 -0.7919
vn 0.3090 -0.0340 -0.9505
vn 0.3377 0.0332 -0.9407
vn -0.0002 -0.0368 -0.9993
vn 0.0002 0.0368 -0.9993
vn -0.3380 -0.0335 -0.9406
vn -0.3092 0.0340 -0.9504
vn -0.5985 0.0331 -0.8005
vn -0.6144 -0.0538 -0.7871
vn -0.7676 0.0636 -0.6378
vn -0.8941 0.0179 -0.4475
vn -0.8682 -0.0819 -0.4894
vn -0.9894 0.0255 -0.1432
vn -0.9905 -0.0000 -0.1374
vn -0.9996 0.0188 -0.0194
vn -0.9997 -0.0000 -0.0234
vn -0.9923 0.0197 0.1225
vn -0.9913 -0.0188 0.1299
vn -0.9152 -0.0000 0.4031
vn -0.9177 -0.0115 0.3971
vn -0.7983 -0.0000 0.6023
vn -0.7967 -0.0046 0.6044
vn -0.6031 0.0224 0.7974
vn -0.6100 -0.0141 0.7922
vn -0.3133 -0.0406 0.9488
vn -0.3345 0.0188 0.9422
vn 0.0003 -0.0430 0.9991
vn -0.0003 0.0430 0.9991
vn 0.3394 -0.0399 0.9398
vn 0.3100 0.0397 0.9499
vn 0.6046 0.0410 0.7955
vn 0.6162 -0.0206 0.7873
vn 0.8247 -0.0691 0.5613
vn 0.8395 -0.0124 0.5432
vn 0.9317 0.0798 0.3544
vn 0.9728 -0.1448 0.1810
vn 0.9914 0.0850 0.0992
vn 0.9962 -0.0801 0.0336
vn 0.9965 0.0807 -0.0236
vn 0.9894 -0.0605 -0.1317
vn 0.9913 -0.0334 -0.1270
vn 0.0005 1.0000 0.0004
vn 0.0009 1.0000 0.0046
vn 0.0005 1.0000 0.0002
vn 0.0006 1.0000 0.0006
vn 0.0005 1.0000 0.0001
vn 0.0006 1.0000 0.0009
vn 0.0008 1.0000 0.0018
vn 0.0005 1.0000 -0.0000
vn 0.0004 1.0000 0.0043
vn -0.0035 0.9997 -0.0228
vn 0.0003 1.0000 -0.0004
vn 0.0003 1.0000 -0.0003
vn 0.0003 1.0000 -0.0002
vn -0.0139 0.9999 -0.0069
vn 0.0161 0.9999 -0.0012
vn 0.0113 0.9999 -0.0066
vn 0.0162 0.9999 0.0045
vn -0.0020 0.9999 -0.0137
vn -0.0014 0.9238 -0.3829
vn -0.1876 0.9821 -0.0158
vn 0.0071 0.9995 0.0317
vn -0.0686 0.9976 0.0014
vn 0.0309 0.9995 0.0026
vn 0.0205 0.9995 -0.0252
vn 0.0050 0.9993 0.0364
vn 0.0007 1.0000 0.0051
vn -0.0091 0.9999 0.0126
vn 0.0195 0.9998 -0.0016
vn 0.0157 0.9999 -0.0044
vn 0.0359 0.9991 0.0245
vn 0.0327 0.9989 0.0350
vn -0.0021 0.4728 0.8812
vn -0.0005 1.0000 0.0005
vn -0.0007 1.0000 0.0021
vn -0.0006 1.0000 0.0007
vn -0.0024 0.9999 0.0121
vn -0.0005 1.0000 0.0003
vn -0.0000 1.0000 -0.0008
vn 0.0266 0.9856 -0.1667
vn -0.0012 1.0000 0.0040
vn -0.0005 1.0000 0.0002
vn -0.0005 1.0000 0.0001
vn -0.0005 1.0000 -0.0000
vn -0.0006 1.0000 -0.0031
vn -0.0006 1.0000 -0.0001
vn -0.0006 1.0000 -0.0002
vn -0.0006 1.0000 -0.0003
vn -0.0002 1.0000 0.0027
vn 0.0033 0.9996 0.0272
vn -0.0006 1.0000 -0.0005
vn -0.0004 1.0000 -0.0005
vn -0.0005 1.0000 -0.0009
vn 0.0035 0.9997 0.0256
vn 0.0066 0.9989 0.0467
vn -0.0096 0.9982 -0.0600
vn 0.0046 0.9996 0.0294
vn -0.0109 0.9999 -0.0013
vn -0.0064 0.9998 -0.0185
vn -0.0040 0.9999 -0.0116
vn -0.0046 1.0000 0.0071
vn 0.9959 -0.0000 0.0907
vn 0.9643 -0.0000 0.2646
vn 0.9008 -0.0000 0.4343
vn 0.8085 -0.0000 0.5885
vn 0.6914 -0.0000 0.7225
vn 0.5510 -0.0000 0.8345
vn 0.3931 -0.0000 0.9195
vn 0.2225 -0.0000 0.9749
vn 0.0448 -0.0000 0.9990
vn -0.1345 -0.0000 0.9909
vn -0.3081 -0.0000 0.9513
vn -0.4739 -0.0000 0.8806
vn -0.6245 -0.0000 0.7811
vn -0.7519 -0.0000 0.6593
vn -0.8598 -0.0000 0.5106
vn -0.9362 -0.0000 0.3514
vn -0.9834 -0.0000 0.1814
vn -0.9834 -0.0000 -0.1814
vn -0.9362 -0.0000 -0.3514
vn -0.8598 -0.0000 -0.5107
vn -0.7521 -0.0000 -0.6591
vn -0.6242 -0.0000 -0.7813
vn -0.4740 -0.0000 -0.8805
vn -0.3081 -0.0000 -0.9513
vn -0.1345 -0.0000 -0.9909
vn 0.0448 -0.0000 -0.9990
vn 0.2225 -0.0000 -0.9749
vn 0.3931 -0.0000 -0.9195
vn 0.5510 -0.0000 -0.8345
vn 0.6915 -0.0000 -0.7224
vn 0.8085 -0.0000 -0.5885
vn 0.9008 -0.0000 -0.4343
vn 0.9643 -0.0000 -0.2647
vn 0.9959 -0.0000 -0.0907
vn 0.9957 -0.0000 0.0927
vn 0.9648 -0.0000 0.2628
vn 0.9000 -0.0000 0.4359
vn 0.8094 -0.0000 0.5872
vn 0.5501 -0.0000 0.8351
vn 0.0449 -0.0000 0.9990
vn -0.1343 -0.0000 0.9909
vn -0.3087 -0.0000 0.9512
vn -0.6235 -0.0000 0.7818
vn -0.7528 -0.0000 0.6582
vn -0.8590 -0.0000 0.5120
vn -0.9838 -0.0000 0.1795
vn -0.9838 -0.0000 -0.1795
vn -0.8589 -0.0000 -0.5121
vn -0.7530 -0.0000 -0.6580
vn -0.6232 -0.0000 -0.7820
vn -0.3087 -0.0000 -0.9512
vn -0.1343 -0.0000 -0.9909
vn 0.0449 -0.0000 -0.9990
vn 0.5501 -0.0000 -0.8351
vn 0.8094 -0.0000 -0.5873
vn 0.9000 -0.0000 -0.4359
vn 0.9648 -0.0000 -0.2629
vn 0.9957 -0.0000 -0.0927
s 0
usemtl Material.006
f 1//1 2//1 34//1
f 1//2 34//2 3//2
f 1//3 3//3 4//3
f 5//4 1//4 4//4
f 5//5 4//5 6//5
f 7//6 5//6 6//6
f 7//7 6//7 35//7
f 8//8 7//8 35//8
f 8//9 35//9 36//9
f 8//10 36//10 9//10
f 10//11 8//11 9//11
f 10//12 9//12 11//12
f 10//13 11//13 33//13
f 12//14 10//14 33//14
f 12//15 33//15 13//15
f 14//16 12//16 13//16
f 14//17 13//17 15//17
f 2//18 14//18 15//18
f 2//19 15//19 34//19
f 16//20 2//20 1//20
f 17//21 16//21 1//21
f 17//22 1//22 5//22
f 18//23 17//23 5//23
f 18//24 5//24 7//24
f 19//25 18//25 7//25
f 19//26 7//26 8//26
f 20//27 19//27 8//27
f 21//28 20//28 8//28
f 21//29 8//29 10//29
f 22//30 21//30 10//30
f 22//31 10//31 12//31
f 23//32 22//32 12//32
f 24//33 12//33 14//33
f 24//34 23//34 12//34
f 24//35 14//35 2//35
f 16//36 24//36 2//36
f 25//37 16//37 17//37
f 26//38 25//38 17//38
f 26//39 17//39 18//39
f 27//40 26//40 18//40
f 27//41 18//41 19//41
f 28//42 27//42 19//42
f 28//43 19//43 20//43
f 29//44 20//44 21//44
f 29//45 28//45 20//45
f 30//46 21//46 22//46
f 30//47 29//47 21//47
f 30//48 22//48 23//48
f 31//49 30//49 23//49
f 31//50 23//50 24//50
f 32//51 24//51 16//51
f 32//52 31//52 24//52
f 25//53 32//53 16//53
f 28//54 31//54 32//54
f 28//54 30//54 31//54
f 28//54 29//54 30//54
f 28//55 26//55 27//55
f 28//56 32//56 25//56
f 28//54 25//54 26//54
f 37//57 38//57 41//57
f 39//58 38//58 37//58
f 38//59 39//59 46//59
f 38//60 46//60 40//60
f 38//61 40//61 43//61
f 41//62 43//62 42//62
f 38//63 43//63 41//63
f 41//64 45//64 44//64
f 47//65 46//65 39//65
f 48//66 47//66 39//66
f 47//67 49//67 50//67
f 47//68 48//68 49//68
f 47//69 50//69 46//69
f 51//70 52//70 48//70
f 53//71 52//71 51//71
f 55//72 56//72 53//72
f 53//73 54//73 58//73
f 52//74 53//74 58//74
f 52//75 58//75 49//75
f 48//76 52//76 49//76
f 55//77 60//77 59//77
f 57//78 60//78 55//78
f 62//79 60//79 57//79
f 61//80 62//80 57//80
f 61//81 63//81 62//81
f 44//82 63//82 61//82
f 56//83 55//83 59//83
f 56//84 59//84 64//84
f 56//85 64//85 54//85
f 53//86 56//86 54//86
f 63//87 65//87 66//87
f 44//88 65//88 63//88
f 62//89 63//89 66//89
f 62//90 66//90 60//90
f 45//91 42//91 67//91
f 45//92 41//92 42//92
f 45//93 67//93 65//93
f 44//94 45//94 65//94
f 54//95 64//95 58//95
f 60//96 66//96 59//96
f 65//97 67//97 66//97
f 43//98 40//98 42//98
f 46//99 68//99 40//99
f 50//100 68//100 46//100
f 58//101 68//101 50//101
f 50//102 49//102 58//102
f 64//103 68//103 58//103
f 59//104 68//104 64//104
f 66//105 68//105 59//105
f 67//106 68//106 66//106
f 67//107 40//107 68//107
f 40//108 67//108 42//108
f 91//109 51//109 48//109
f 69//110 70//110 91//110
f 71//111 72//111 69//111
f 71//112 48//112 39//112
f 71//113 69//113 91//113
f 71//114 91//114 48//114
f 71//115 73//115 72//115
f 74//116 75//116 73//116
f 74//117 76//117 75//117
f 74//118 39//118 37//118
f 74//119 71//119 39//119
f 74//120 73//120 71//120
f 74//121 37//121 41//121
f 77//122 78//122 76//122
f 77//123 79//123 78//123
f 77//124 76//124 74//124
f 77//125 74//125 41//125
f 77//126 41//126 44//126
f 77//127 80//127 79//127
f 81//128 82//128 80//128
f 81//129 44//129 61//129
f 81//130 77//130 44//130
f 81//131 80//131 77//131
f 81//132 83//132 82//132
f 81//133 84//133 83//133
f 85//134 81//134 61//134
f 85//135 86//135 84//135
f 85//136 61//136 57//136
f 85//137 84//137 81//137
f 85//138 57//138 55//138
f 87//139 88//139 86//139
f 87//140 85//140 55//140
f 87//141 55//141 53//141
f 87//142 86//142 85//142
f 87//143 89//143 88//143
f 87//144 90//144 89//144
f 87//145 53//145 51//145
f 91//146 90//146 87//146
f 91//147 70//147 90//147
f 91//148 87//148 51//148
f 15//149 92//149 93//149
f 15//150 13//150 92//150
f 13//151 94//151 92//151
f 33//152 94//152 13//152
f 34//153 15//153 93//153
f 33//154 95//154 94//154
f 34//155 93//155 96//155
f 11//156 97//156 95//156
f 11//157 95//157 33//157
f 3//158 34//158 96//158
f 98//159 3//159 96//159
f 9//160 97//160 11//160
f 98//161 4//161 3//161
f 99//162 97//162 9//162
f 100//163 4//163 98//163
f 99//164 9//164 36//164
f 100//165 6//165 4//165
f 101//166 36//166 35//166
f 101//167 99//167 36//167
f 101//168 35//168 6//168
f 101//169 6//169 100//169
f 96//170 93//170 69//170
f 96//171 69//171 72//171
f 98//172 96//172 72//172
f 98//173 72//173 73//173
f 98//174 73//174 75//174
f 100//175 98//175 75//175
f 100//176 75//176 76//176
f 100//177 76//177 78//177
f 101//178 100//178 78//178
f 101//179 78//179 79//179
f 101//180 79//180 80//180
f 99//181 101//181 80//181
f 99//182 80//182 82//182
f 99//183 82//183 83//183
f 97//184 99//184 83//184
f 97//185 83//185 84//185
f 97//186 84//186 86//186
f 95//187 97//187 86//187
f 94//188 86//188 88//188
f 94//189 95//189 86//189
f 92//190 88//190 89//190
f 92//191 94//191 88//191
f 92//192 89//192 90//192
f 93//193 90//193 70//193
f 93//194 92//194 90//194
f 93//195 70//195 69//195
f 102//196 103//196 104//196
f 105//197 102//197 137//197
f 106//198 137//198 107//198
f 106//199 105//199 137//199
f 106//200 107//200 108//200
f 109//201 106//201 108//201
f 109//202 108//202 138//202
f 110//203 109//203 138//203
f 110//204 138//204 139//204
f 110//205 139//205 111//205
f 112//206 110//206 111//206
f 112//207 111//207 113//207
f 112//208 113//208 115//208
f 114//209 112//209 115//209
f 114//210 115//210 116//210
f 117//211 114//211 116//211
f 117//212 116//212 118//212
f 103//213 117//213 118//213
f 103//214 118//214 104//214
f 119//215 103//215 102//215
f 119//216 120//216 103//216
f 119//217 102//217 105//217
f 121//218 119//218 105//218
f 121//219 105//219 106//219
f 122//220 121//220 106//220
f 122//221 106//221 109//221
f 123//222 122//222 109//222
f 123//223 109//223 110//223
f 124//224 123//224 110//224
f 125//225 124//225 110//225
f 125//226 110//226 112//226
f 126//227 125//227 112//227
f 126//228 112//228 114//228
f 127//229 114//229 117//229
f 127//230 117//230 103//230
f 120//231 127//231 103//231
f 128//232 120//232 119//232
f 129//233 119//233 121//233
f 129//234 128//234 119//234
f 130//235 129//235 121//235
f 130//236 121//236 122//236
f 130//237 122//237 123//237
f 131//238 130//238 123//238
f 131//239 123//239 124//239
f 132//240 131//240 124//240
f 132//241 124//241 125//241
f 133//242 132//242 125//242
f 133//243 125//243 126//243
f 134//244 126//244 114//244
f 134//245 133//245 126//245
f 135//246 114//246 127//246
f 135//247 134//247 114//247
f 136//248 127//248 120//248
f 136//249 135//249 127//249
f 128//250 136//250 120//250
f 131//251 132//251 133//251
f 131//252 134//252 135//252
f 131//56 135//56 136//56
f 131//253 133//253 134//253
f 131//254 129//254 130//254
f 131//54 136//54 128//54
f 131//54 128//54 129//54
f 137//255 102//255 104//255
f 140//256 141//256 145//256
f 142//257 141//257 140//257
f 141//258 142//258 143//258
f 141//259 143//259 144//259
f 141//260 144//260 146//260
f 145//261 146//261 147//261
f 141//262 146//262 145//262
f 148//263 150//263 149//263
f 145//264 150//264 148//264
f 142//265 154//265 143//265
f 151//266 154//266 142//266
f 152//267 151//267 142//267
f 151//268 152//268 153//268
f 151//269 153//269 154//269
f 152//270 155//270 153//270
f 157//271 156//271 152//271
f 157//272 159//272 158//272
f 161//273 160//273 157//273
f 157//274 158//274 162//274
f 156//275 157//275 162//275
f 156//276 162//276 155//276
f 152//277 156//277 155//277
f 161//278 164//278 163//278
f 165//279 166//279 161//279
f 160//280 161//280 163//280
f 160//281 163//281 159//281
f 157//282 160//282 159//282
f 165//283 167//283 168//283
f 149//284 167//284 165//284
f 149//285 169//285 167//285
f 166//286 165//286 168//286
f 166//287 168//287 164//287
f 161//288 166//288 164//288
f 150//289 145//289 147//289
f 150//290 147//290 169//290
f 149//291 150//291 169//291
f 159//292 162//292 158//292
f 164//293 168//293 163//293
f 169//294 168//294 167//294
f 146//295 144//295 147//295
f 143//296 170//296 144//296
f 154//297 170//297 143//297
f 153//298 170//298 154//298
f 155//299 170//299 153//299
f 162//300 170//300 155//300
f 159//301 170//301 162//301
f 163//302 170//302 159//302
f 168//303 170//303 163//303
f 169//304 170//304 168//304
f 147//305 144//305 170//305
f 147//306 170//306 169//306
f 171//307 172//307 193//307
f 173//308 174//308 171//308
f 173//309 152//309 142//309
f 173//310 171//310 193//310
f 173//311 193//311 152//311
f 173//312 175//312 174//312
f 176//313 177//313 175//313
f 176//314 178//314 177//314
f 176//315 142//315 140//315
f 176//316 173//316 142//316
f 176//317 175//317 173//317
f 176//318 140//318 145//318
f 176//319 179//319 178//319
f 176//320 180//320 179//320
f 176//321 145//321 148//321
f 181//322 180//322 176//322
f 181//323 176//323 148//323
f 181//324 182//324 180//324
f 181//325 183//325 182//325
f 181//326 148//326 149//326
f 184//327 185//327 183//327
f 184//328 149//328 165//328
f 184//329 183//329 181//329
f 184//330 181//330 149//330
f 184//331 186//331 185//331
f 184//332 165//332 161//332
f 184//333 187//333 186//333
f 188//334 187//334 184//334
f 188//335 184//335 161//335
f 188//336 189//336 187//336
f 188//337 161//337 157//337
f 190//338 191//338 189//338
f 190//339 189//339 188//339
f 190//340 188//340 157//340
f 190//341 192//341 191//341
f 193//342 192//342 190//342
f 193//343 172//343 192//343
f 193//344 157//344 152//344
f 193//345 190//345 157//345
f 118//346 194//346 195//346
f 118//347 116//347 194//347
f 116//348 196//348 194//348
f 116//349 197//349 196//349
f 104//350 195//350 198//350
f 104//351 118//351 195//351
f 115//352 197//352 116//352
f 113//353 197//353 115//353
f 137//354 104//354 198//354
f 199//355 137//355 198//355
f 200//356 197//356 113//356
f 111//357 200//357 113//357
f 199//358 107//358 137//358
f 201//359 107//359 199//359
f 202//360 200//360 111//360
f 202//361 111//361 139//361
f 201//362 108//362 107//362
f 202//363 139//363 138//363
f 203//364 138//364 108//364
f 203//365 108//365 201//365
f 203//366 202//366 138//366
f 198//367 195//367 171//367
f 198//368 171//368 174//368
f 199//369 198//369 174//369
f 199//370 174//370 175//370
f 199//371 175//371 177//371
f 201//372 199//372 177//372
f 201//373 177//373 178//373
f 201//374 178//374 179//374
f 203//375 201//375 179//375
f 203//376 179//376 180//376
f 202//377 180//377 182//377
f 202//378 203//378 180//378
f 202//379 182//379 183//379
f 200//380 183//380 185//380
f 200//381 202//381 183//381
f 200//382 185//382 186//382
f 197//383 186//383 187//383
f 197//384 200//384 186//384
f 196//188 187//188 189//188
f 196//385 197//385 187//385
f 194//386 189//386 191//386
f 194//387 196//387 189//387
f 194//388 191//388 192//388
f 195//389 192//389 172//389
f 195//390 194//390 192//390
f 195//391 172//391 171//391
f 317//392 316//392 205//392
f 317//393 205//393 206//393
f 207//394 208//394 209//394
f 210//395 211//395 212//395
f 207//396 213//396 208//396
f 207//397 210//397 212//397
f 207//398 209//398 210//398
f 210//399 209//399 206//399
f 205//400 210//400 206//400
f 205//401 211//401 210//401
f 221//402 208//402 213//402
f 221//403 214//403 208//403
f 217//404 215//404 216//404
f 217//405 218//405 215//405
f 220//406 217//406 216//406
f 220//407 219//407 217//407
f 220//408 221//408 219//408
f 220//409 216//409 214//409
f 221//410 220//410 214//410
f 223//411 222//411 215//411
f 223//412 215//412 218//412
f 224//413 226//413 228//413
f 226//414 224//414 225//414
f 227//415 226//415 225//415
f 227//416 225//416 222//416
f 223//417 227//417 222//417
f 230//418 229//418 224//418
f 230//419 224//419 228//419
f 251//420 254//420 252//420
f 257//421 258//421 256//421
f 257//422 256//422 255//422
f 259//423 256//423 260//423
f 259//424 255//424 256//424
f 259//425 262//425 261//425
f 260//426 262//426 259//426
f 262//427 267//427 261//427
f 262//428 266//428 267//428
f 265//429 264//429 263//429
f 265//430 266//430 264//430
f 267//431 266//431 265//431
f 257//432 264//432 258//432
f 257//433 263//433 264//433
f 272//434 268//434 273//434
f 272//435 269//435 268//435
f 272//436 273//436 271//436
f 272//437 271//437 270//437
f 270//438 276//438 275//438
f 271//439 276//439 270//439
f 275//440 276//440 274//440
f 276//441 277//441 274//441
f 276//442 278//442 277//442
f 279//443 278//443 280//443
f 279//443 277//443 278//443
f 281//444 280//444 282//444
f 281//444 279//444 280//444
f 283//445 282//445 284//445
f 283//446 281//446 282//446
f 284//447 285//447 286//447
f 284//448 286//448 283//448
f 269//443 285//443 268//443
f 269//443 286//443 285//443
f 287//444 288//444 289//444
f 287//444 290//444 288//444
f 289//449 291//449 292//449
f 289//449 292//449 287//449
f 291//450 293//450 294//450
f 291//450 294//450 292//450
f 290//443 293//443 288//443
f 290//443 294//443 293//443
f 297//451 295//451 296//451
f 297//452 298//452 295//452
f 297//450 299//450 300//450
f 297//450 300//450 298//450
f 301//443 299//443 302//443
f 301//443 300//443 299//443
f 305//453 301//453 302//453
f 303//454 301//454 305//454
f 303//455 305//455 304//455
f 303//456 304//456 306//456
f 307//457 308//457 306//457
f 307//458 306//458 304//458
f 309//444 308//444 307//444
f 310//444 308//444 309//444
f 309//449 311//449 312//449
f 309//449 312//449 310//449
f 312//459 313//459 314//459
f 311//460 313//460 312//460
f 295//461 313//461 296//461
f 314//462 313//462 295//462
f 371//463 204//463 315//463
f 317//464 204//464 371//464
f 316//465 318//465 205//465
f 320//466 316//466 319//466
f 320//467 318//467 316//467
f 207//468 322//468 321//468
f 207//469 321//469 213//469
f 212//470 322//470 207//470
f 211//471 323//471 322//471
f 211//472 322//472 212//472
f 211//473 318//473 323//473
f 205//474 318//474 211//474
f 324//475 213//475 321//475
f 324//476 221//476 213//476
f 218//477 325//477 326//477
f 218//478 327//478 325//478
f 217//479 328//479 327//479
f 217//480 327//480 218//480
f 219//481 329//481 328//481
f 219//482 328//482 217//482
f 221//483 324//483 329//483
f 221//484 329//484 219//484
f 330//485 218//485 326//485
f 330//486 223//486 218//486
f 228//487 332//487 331//487
f 226//488 333//488 332//488
f 226//489 332//489 228//489
f 227//490 333//490 226//490
f 223//491 330//491 333//491
f 223//492 333//492 227//492
f 230//493 228//493 331//493
f 335//494 334//494 230//494
f 335//495 230//495 331//495
f 231//496 229//496 336//496
f 231//497 336//497 337//497
f 338//498 339//498 232//498
f 340//499 232//499 231//499
f 340//500 338//500 232//500
f 337//501 340//501 231//501
f 233//502 232//502 339//502
f 233//503 339//503 395//503
f 342//504 235//504 234//504
f 342//505 341//505 235//505
f 343//506 234//506 233//506
f 343//507 342//507 234//507
f 344//508 343//508 233//508
f 395//509 344//509 233//509
f 238//510 345//510 236//510
f 346//511 345//511 238//511
f 347//512 346//512 238//512
f 348//513 238//513 237//513
f 348//514 347//514 238//514
f 341//515 237//515 235//515
f 341//516 348//516 237//516
f 349//517 350//517 240//517
f 351//518 240//518 239//518
f 351//519 349//519 240//519
f 352//520 239//520 236//520
f 352//521 351//521 239//521
f 345//522 352//522 236//522
f 241//523 240//523 350//523
f 241//524 350//524 396//524
f 353//525 354//525 242//525
f 355//526 242//526 241//526
f 355//527 353//527 242//527
f 396//528 355//528 241//528
f 243//529 242//529 354//529
f 243//530 354//530 397//530
f 357//531 244//531 243//531
f 357//532 356//532 244//532
f 397//533 357//533 243//533
f 245//534 244//534 356//534
f 245//535 356//535 398//535
f 358//536 247//536 246//536
f 358//537 399//537 247//537
f 359//538 358//538 246//538
f 360//539 246//539 245//539
f 360//540 359//540 246//540
f 398//541 360//541 245//541
f 402//542 403//542 250//542
f 402//543 250//543 249//543
f 401//544 249//544 248//544
f 401//545 402//545 249//545
f 400//546 401//546 248//546
f 247//547 400//547 248//547
f 399//548 400//548 247//548
f 404//549 251//549 252//549
f 361//550 252//550 253//550
f 361//551 404//551 252//551
f 362//552 253//552 250//552
f 362//553 361//553 253//553
f 363//554 362//554 250//554
f 403//555 363//555 250//555
f 405//556 251//556 404//556
f 364//557 204//557 254//557
f 364//558 315//558 204//558
f 405//559 254//559 251//559
f 405//560 364//560 254//560
f 266//561 262//561 365//561
f 366//562 266//562 365//562
f 260//563 365//563 262//563
f 367//564 365//564 260//564
f 368//565 266//565 366//565
f 264//566 266//566 368//566
f 256//567 367//567 260//567
f 256//568 369//568 367//568
f 258//569 368//569 370//569
f 258//570 264//570 368//570
f 256//571 370//571 369//571
f 256//572 258//572 370//572
f 271//573 282//573 276//573
f 278//574 276//574 282//574
f 284//575 282//575 271//575
f 280//576 278//576 282//576
f 273//577 284//577 271//577
f 268//578 285//578 284//578
f 268//579 284//579 273//579
f 288//576 291//576 289//576
f 288//576 293//576 291//576
f 307//576 311//576 309//576
f 313//580 311//580 307//580
f 296//561 313//561 307//561
f 297//581 304//581 305//581
f 302//576 299//576 297//576
f 302//576 297//576 305//576
f 304//582 297//582 307//582
f 296//583 307//583 297//583
f 371//584 316//584 317//584
f 371//585 319//585 316//585
f 415//586 319//586 371//586
f 415//587 320//587 319//587
f 372//588 373//588 318//588
f 372//589 318//589 320//589
f 377//590 321//590 322//590
f 374//591 375//591 377//591
f 374//592 377//592 322//592
f 323//593 374//593 322//593
f 323//594 375//594 374//594
f 318//595 373//595 375//595
f 318//596 375//596 323//596
f 377//597 375//597 376//597
f 377//598 376//598 321//598
f 376//599 324//599 321//599
f 376//600 378//600 324//600
f 381//601 379//601 380//601
f 381//602 380//602 325//602
f 381//603 325//603 327//603
f 381//604 327//604 328//604
f 382//605 328//605 329//605
f 382//606 379//606 381//606
f 382//607 381//607 328//607
f 382//608 378//608 379//608
f 383//609 382//609 329//609
f 383//610 378//610 382//610
f 380//611 326//611 325//611
f 324//612 383//612 329//612
f 324//613 378//613 383//613
f 380//614 392//614 330//614
f 380//615 330//615 326//615
f 380//616 390//616 392//616
f 385//617 386//617 384//617
f 385//618 384//618 331//618
f 332//619 385//619 331//619
f 332//620 386//620 385//620
f 387//621 332//621 333//621
f 388//622 387//622 333//622
f 388//623 389//623 386//623
f 389//624 388//624 333//624
f 391//625 389//625 333//625
f 391//626 390//626 389//626
f 392//627 333//627 330//627
f 392//628 390//628 391//628
f 392//629 391//629 333//629
f 332//630 387//630 386//630
f 387//631 388//631 386//631
f 384//632 393//632 335//632
f 384//633 335//633 331//633
f 334//634 335//634 394//634
f 336//635 334//635 394//635
f 336//636 229//636 230//636
f 334//637 336//637 230//637
f 407//638 369//638 370//638
f 407//639 406//639 369//639
f 367//640 369//640 406//640
f 367//641 406//641 408//641
f 367//443 408//443 409//443
f 367//443 409//443 365//443
f 409//642 366//642 365//642
f 409//643 411//643 366//643
f 411//644 368//644 366//644
f 411//645 410//645 368//645
f 407//646 370//646 368//646
f 407//647 368//647 410//647
f 415//648 315//648 412//648
f 415//649 371//649 315//649
f 414//650 415//650 412//650
f 337//651 336//651 394//651
f 413//652 394//652 447//652
f 413//653 337//653 394//653
f 413//654 414//654 412//654
f 413//655 447//655 414//655
f 415//656 372//656 320//656
f 415//657 414//657 372//657
f 416//658 389//658 390//658
f 417//659 386//659 389//659
f 417//660 389//660 416//660
f 417//661 384//661 386//661
f 418//662 416//662 390//662
f 419//663 384//663 417//663
f 418//664 390//664 380//664
f 420//665 418//665 380//665
f 421//576 418//576 420//576
f 421//666 422//666 418//666
f 423//667 420//667 380//667
f 424//576 422//576 421//576
f 425//668 380//668 379//668
f 425//669 423//669 380//669
f 424//666 427//666 422//666
f 425//670 379//670 378//670
f 426//576 427//576 424//576
f 428//671 425//671 378//671
f 426//580 429//580 427//580
f 430//672 428//672 378//672
f 393//673 384//673 419//673
f 393//674 419//674 429//674
f 431//675 393//675 429//675
f 431//576 429//576 426//576
f 432//674 393//674 431//674
f 433//676 393//676 432//676
f 434//576 435//576 436//576
f 437//576 435//576 434//576
f 434//677 430//677 378//677
f 434//678 378//678 376//678
f 434//580 436//580 430//580
f 438//679 434//679 376//679
f 439//576 440//576 435//576
f 439//666 435//666 437//666
f 441//680 438//680 376//680
f 441//681 376//681 375//681
f 442//576 443//576 440//576
f 442//666 440//666 439//666
f 444//576 443//576 442//576
f 373//682 445//682 441//682
f 373//683 441//683 375//683
f 372//684 393//684 433//684
f 372//685 446//685 443//685
f 372//686 433//686 446//686
f 372//687 444//687 445//687
f 372//688 443//688 444//688
f 372//689 445//689 373//689
f 447//690 335//690 393//690
f 447//691 394//691 335//691
f 448//692 339//692 338//692
f 449//693 338//693 340//693
f 449//694 448//694 338//694
f 413//695 340//695 337//695
f 413//696 449//696 340//696
f 395//697 339//697 448//697
f 450//698 395//698 448//698
f 451//699 341//699 342//699
f 451//700 342//700 343//700
f 452//701 343//701 344//701
f 452//702 451//702 343//702
f 450//703 344//703 395//703
f 450//704 452//704 344//704
f 453//705 345//705 346//705
f 453//706 454//706 345//706
f 453//707 346//707 347//707
f 455//708 347//708 348//708
f 455//709 453//709 347//709
f 451//710 348//710 341//710
f 451//711 455//711 348//711
f 456//712 350//712 349//712
f 457//713 349//713 351//713
f 457//714 456//714 349//714
f 454//715 351//715 352//715
f 454//716 457//716 351//716
f 454//717 352//717 345//717
f 458//718 350//718 456//718
f 458//719 396//719 350//719
f 459//720 354//720 353//720
f 459//721 353//721 355//721
f 460//722 355//722 396//722
f 460//723 459//723 355//723
f 458//724 460//724 396//724
f 461//725 354//725 459//725
f 461//726 397//726 354//726
f 463//727 356//727 357//727
f 463//728 462//728 356//728
f 461//729 357//729 397//729
f 461//730 463//730 357//730
f 398//731 356//731 462//731
f 464//732 398//732 462//732
f 465//733 399//733 358//733
f 465//734 358//734 359//734
f 466//735 359//735 360//735
f 466//736 465//736 359//736
f 464//737 360//737 398//737
f 464//738 466//738 360//738
f 467//739 403//739 402//739
f 468//740 402//740 401//740
f 468//741 467//741 402//741
f 468//742 401//742 400//742
f 469//743 400//743 399//743
f 469//744 468//744 400//744
f 465//745 469//745 399//745
f 470//746 404//746 361//746
f 471//747 361//747 362//747
f 471//748 470//748 361//748
f 467//749 362//749 363//749
f 467//750 471//750 362//750
f 467//751 363//751 403//751
f 472//752 404//752 470//752
f 472//753 405//753 404//753
f 412//754 315//754 364//754
f 473//755 364//755 405//755
f 473//756 412//756 364//756
f 472//757 473//757 405//757
f 407//758 410//758 411//758
f 406//759 407//759 411//759
f 408//760 411//760 409//760
f 408//576 406//576 411//576
f 393//761 372//761 414//761
f 447//762 393//762 414//762
f 474//54 456//54 457//54
f 474//54 458//54 456//54
f 475//54 458//54 474//54
f 476//54 474//54 457//54
f 476//54 457//54 454//54
f 475//54 460//54 458//54
f 476//54 454//54 453//54
f 477//54 459//54 460//54
f 477//54 460//54 475//54
f 478//54 476//54 453//54
f 455//54 478//54 453//54
f 479//54 478//54 455//54
f 451//54 479//54 455//54
f 480//54 479//54 451//54
f 480//54 451//54 452//54
f 481//54 480//54 452//54
f 450//54 481//54 452//54
f 448//54 482//54 481//54
f 448//54 481//54 450//54
f 449//54 483//54 482//54
f 449//54 482//54 448//54
f 413//54 483//54 449//54
f 461//54 459//54 477//54
f 484//54 461//54 477//54
f 484//54 463//54 461//54
f 485//54 462//54 463//54
f 485//54 463//54 484//54
f 486//54 464//54 462//54
f 486//54 462//54 485//54
f 466//54 486//54 487//54
f 466//54 464//54 486//54
f 465//54 466//54 487//54
f 469//54 465//54 487//54
f 469//54 487//54 488//54
f 468//54 469//54 488//54
f 468//54 488//54 489//54
f 412//54 490//54 483//54
f 412//54 483//54 413//54
f 467//54 468//54 489//54
f 467//54 489//54 491//54
f 473//252 490//252 412//252
f 473//54 492//54 490//54
f 472//54 492//54 473//54
f 471//54 467//54 491//54
f 471//54 491//54 493//54
f 470//54 492//54 472//54
f 470//54 493//54 492//54
f 470//54 471//54 493//54
f 424//763 495//763 494//763
f 421//764 495//764 424//764
f 420//765 496//765 495//765
f 420//766 495//766 421//766
f 423//767 497//767 496//767
f 423//768 496//768 420//768
f 425//769 498//769 497//769
f 425//770 497//770 423//770
f 428//771 499//771 498//771
f 428//772 498//772 425//772
f 430//773 499//773 428//773
f 436//774 499//774 430//774
f 436//775 500//775 499//775
f 435//776 500//776 436//776
f 435//777 501//777 500//777
f 440//778 501//778 435//778
f 440//779 502//779 501//779
f 443//780 502//780 440//780
f 443//781 503//781 502//781
f 446//782 503//782 443//782
f 446//783 504//783 503//783
f 433//784 504//784 446//784
f 433//785 505//785 504//785
f 432//786 505//786 433//786
f 432//787 506//787 505//787
f 431//788 506//788 432//788
f 431//789 507//789 506//789
f 426//790 507//790 431//790
f 426//791 494//791 507//791
f 424//792 494//792 426//792
f 508//54 509//54 510//54
f 511//54 510//54 512//54
f 511//54 508//54 510//54
f 513//54 509//54 508//54
f 514//54 511//54 512//54
f 515//54 516//54 509//54
f 515//54 509//54 513//54
f 517//54 516//54 515//54
f 518//54 514//54 512//54
f 519//54 514//54 518//54
f 520//54 519//54 518//54
f 496//54 517//54 521//54
f 496//54 516//54 517//54
f 495//54 496//54 521//54
f 522//54 520//54 518//54
f 497//54 516//54 496//54
f 495//54 521//54 523//54
f 497//54 524//54 516//54
f 497//54 525//54 524//54
f 494//54 523//54 526//54
f 494//54 495//54 523//54
f 498//54 527//54 525//54
f 498//54 525//54 497//54
f 507//54 494//54 526//54
f 499//54 527//54 498//54
f 506//54 526//54 522//54
f 506//54 507//54 526//54
f 505//54 522//54 518//54
f 505//54 506//54 522//54
f 528//54 499//54 500//54
f 529//54 528//54 500//54
f 530//54 527//54 499//54
f 530//54 499//54 528//54
f 529//54 500//54 501//54
f 530//54 531//54 527//54
f 532//54 529//54 501//54
f 533//54 531//54 530//54
f 532//54 501//54 502//54
f 534//54 531//54 533//54
f 535//54 532//54 502//54
f 535//54 502//54 503//54
f 536//54 537//54 531//54
f 536//54 531//54 534//54
f 538//54 535//54 503//54
f 539//793 537//793 536//793
f 540//54 539//54 536//54
f 541//56 537//56 539//56
f 542//54 503//54 504//54
f 542//54 538//54 503//54
f 543//54 540//54 544//54
f 543//54 539//54 540//54
f 543//54 542//54 504//54
f 543//54 545//54 542//54
f 543//54 544//54 545//54
f 546//54 547//54 548//54
f 546//54 548//54 549//54
f 551//54 547//54 550//54
f 552//54 550//54 547//54
f 552//54 547//54 546//54
f 553//54 552//54 546//54
f 554//54 546//54 543//54
f 555//54 553//54 546//54
f 555//54 546//54 554//54
f 547//254 551//254 556//254
f 554//54 505//54 518//54
f 554//54 504//54 505//54
f 554//54 543//54 504//54
f 541//794 557//794 537//794
f 557//795 531//795 537//795
f 557//796 558//796 531//796
f 531//797 559//797 527//797
f 531//798 558//798 559//798
f 560//799 525//799 527//799
f 560//800 527//800 559//800
f 561//801 524//801 525//801
f 561//802 525//802 560//802
f 562//803 516//803 524//803
f 562//801 524//801 561//801
f 563//804 516//804 562//804
f 516//805 563//805 564//805
f 516//806 564//806 509//806
f 564//807 510//807 509//807
f 565//808 510//808 564//808
f 565//809 512//809 510//809
f 566//810 512//810 565//810
f 567//811 518//811 512//811
f 567//812 512//812 566//812
f 518//813 568//813 554//813
f 569//814 518//814 567//814
f 569//815 570//815 518//815
f 570//816 568//816 518//816
f 555//817 572//817 571//817
f 555//818 571//818 553//818
f 554//819 568//819 572//819
f 554//820 572//820 555//820
f 573//821 553//821 571//821
f 552//822 553//822 573//822
f 552//823 573//823 574//823
f 550//824 552//824 574//824
f 550//825 574//825 575//825
f 551//826 550//826 575//826
f 551//827 575//827 576//827
f 556//828 551//828 576//828
f 577//829 556//829 576//829
f 578//830 556//830 577//830
f 579//831 577//831 580//831
f 579//832 578//832 577//832
f 581//833 580//833 582//833
f 581//834 579//834 580//834
f 583//835 581//835 582//835
f 547//836 556//836 578//836
f 547//837 578//837 584//837
f 549//838 586//838 585//838
f 548//839 586//839 549//839
f 548//840 584//840 586//840
f 547//841 584//841 548//841
f 549//842 587//842 546//842
f 588//843 587//843 549//843
f 589//844 549//844 585//844
f 589//845 588//845 549//845
f 543//450 546//450 587//450
f 590//450 543//450 587//450
f 526//846 591//846 592//846
f 526//847 523//847 591//847
f 522//848 592//848 593//848
f 522//849 526//849 592//849
f 522//850 593//850 594//850
f 520//851 522//851 594//851
f 520//852 594//852 595//852
f 519//853 520//853 595//853
f 519//854 595//854 596//854
f 514//855 519//855 596//855
f 514//856 596//856 597//856
f 511//857 597//857 598//857
f 511//858 514//858 597//858
f 508//859 598//859 599//859
f 508//860 511//860 598//860
f 513//861 599//861 600//861
f 513//862 508//862 599//862
f 515//863 600//863 601//863
f 515//864 513//864 600//864
f 517//865 515//865 601//865
f 517//866 601//866 602//866
f 521//867 517//867 602//867
f 521//868 602//868 591//868
f 523//869 521//869 591//869
f 544//870 603//870 604//870
f 544//871 540//871 603//871
f 545//872 604//872 605//872
f 545//873 544//873 604//873
f 542//874 605//874 606//874
f 542//875 545//875 605//875
f 538//876 606//876 607//876
f 538//877 542//877 606//877
f 535//878 607//878 608//878
f 535//879 538//879 607//879
f 532//880 535//880 608//880
f 532//881 608//881 609//881
f 529//882 609//882 610//882
f 529//883 532//883 609//883
f 529//884 610//884 611//884
f 528//885 529//885 611//885
f 530//886 611//886 612//886
f 530//887 528//887 611//887
f 533//888 612//888 613//888
f 533//889 530//889 612//889
f 534//890 533//890 613//890
f 534//891 613//891 614//891
f 536//892 534//892 614//892
f 536//893 614//893 603//893
f 540//894 536//894 603//894
f 615//54 616//54 617//54
f 618//54 616//54 615//54
f 619//252 616//252 618//252
f 620//895 619//895 621//895
f 622//54 619//54 620//54
f 623//896 622//896 624//896
f 623//54 619//54 622//54
f 569//252 623//252 625//252
f 569//54 625//54 626//54
f 569//54 626//54 627//54
f 629//54 616//54 628//54
f 630//54 628//54 616//54
f 631//54 616//54 629//54
f 632//54 630//54 616//54
f 632//54 616//54 619//54
f 642//54 616//54 631//54
f 633//54 634//54 635//54
f 636//54 634//54 633//54
f 636//54 637//54 634//54
f 638//54 619//54 623//54
f 638//54 623//54 569//54
f 638//54 632//54 619//54
f 638//54 635//54 632//54
f 638//54 633//54 635//54
f 639//54 642//54 631//54
f 640//54 637//54 636//54
f 643//54 641//54 642//54
f 644//54 642//54 639//54
f 645//54 638//54 569//54
f 646//54 637//54 640//54
f 643//54 642//54 644//54
f 647//54 645//54 569//54
f 648//54 643//54 644//54
f 648//54 644//54 649//54
f 650//54 648//54 649//54
f 651//54 637//54 646//54
f 651//54 646//54 652//54
f 653//54 647//54 569//54
f 650//54 649//54 654//54
f 655//54 650//54 654//54
f 656//54 651//54 652//54
f 657//54 653//54 569//54
f 660//54 659//54 658//54
f 661//54 651//54 656//54
f 662//54 655//54 654//54
f 662//54 654//54 663//54
f 664//54 660//54 658//54
f 565//54 660//54 664//54
f 564//54 660//54 565//54
f 565//54 664//54 665//54
f 566//54 565//54 665//54
f 566//54 665//54 666//54
f 566//54 662//54 663//54
f 566//54 663//54 651//54
f 566//54 666//54 662//54
f 563//54 660//54 564//54
f 562//54 660//54 563//54
f 561//54 660//54 562//54
f 567//54 667//54 668//54
f 567//54 669//54 667//54
f 567//54 661//54 669//54
f 567//54 566//54 651//54
f 567//54 651//54 661//54
f 589//56 558//56 557//56
f 584//54 589//54 585//54
f 584//897 585//897 586//897
f 670//54 559//54 558//54
f 670//54 558//54 589//54
f 671//54 559//54 670//54
f 672//54 670//54 589//54
f 671//54 561//54 560//54
f 671//54 560//54 559//54
f 578//54 589//54 584//54
f 673//54 561//54 671//54
f 674//54 672//54 589//54
f 675//54 676//54 589//54
f 675//54 589//54 578//54
f 676//54 674//54 589//54
f 675//54 578//54 579//54
f 677//54 674//54 676//54
f 678//54 675//54 579//54
f 677//54 679//54 674//54
f 678//54 579//54 581//54
f 680//54 679//54 677//54
f 681//54 581//54 583//54
f 681//54 678//54 581//54
f 681//54 583//54 682//54
f 683//54 681//54 682//54
f 684//54 682//54 685//54
f 684//54 683//54 682//54
f 686//54 680//54 677//54
f 686//54 687//54 680//54
f 686//54 688//54 687//54
f 689//54 688//54 686//54
f 689//54 690//54 688//54
f 691//54 692//54 690//54
f 691//54 690//54 689//54
f 693//54 683//54 684//54
f 694//54 695//54 696//54
f 694//54 697//54 695//54
f 694//54 698//54 697//54
f 694//54 673//54 698//54
f 694//54 696//54 692//54
f 700//54 699//54 694//54
f 701//54 700//54 694//54
f 702//895 701//895 694//895
f 702//54 694//54 692//54
f 704//54 703//54 702//54
f 705//54 706//54 704//54
f 705//54 704//54 702//54
f 707//54 706//54 705//54
f 705//54 691//54 708//54
f 705//54 702//54 692//54
f 705//54 692//54 691//54
f 709//54 693//54 684//54
f 709//54 710//54 693//54
f 709//54 711//54 710//54
f 709//54 712//54 711//54
f 709//54 708//54 712//54
f 709//54 713//54 714//54
f 709//898 714//898 705//898
f 709//54 705//54 708//54
f 694//54 660//54 673//54
f 673//54 660//54 561//54
f 569//54 567//54 668//54
f 569//54 668//54 657//54
f 569//899 715//899 570//899
f 627//900 715//900 569//900
f 627//901 716//901 715//901
f 626//902 716//902 627//902
f 583//903 582//903 719//903
f 583//904 719//904 682//904
f 591//54 602//54 601//54
f 599//54 601//54 600//54
f 596//54 598//54 597//54
f 596//54 595//54 594//54
f 596//54 593//54 592//54
f 596//54 591//54 601//54
f 596//54 601//54 599//54
f 596//54 592//54 591//54
f 596//54 599//54 598//54
f 596//54 594//54 593//54
f 611//54 614//54 613//54
f 611//54 613//54 612//54
f 610//54 603//54 614//54
f 610//54 604//54 603//54
f 610//54 614//54 611//54
f 608//54 610//54 609//54
f 608//54 605//54 604//54
f 608//54 606//54 605//54
f 608//54 604//54 610//54
f 608//54 607//54 606//54
f 684//905 718//905 717//905
f 685//906 718//906 684//906
f 685//907 719//907 718//907
f 682//908 719//908 685//908
f 684//909 717//909 722//909
f 684//910 722//910 709//910
f 713//911 721//911 720//911
f 709//912 722//912 721//912
f 709//913 721//913 713//913
f 714//914 720//914 723//914
f 714//915 713//915 720//915
f 714//916 723//916 724//916
f 705//917 714//917 724//917
f 707//918 726//918 725//918
f 707//919 725//919 706//919
f 705//920 724//920 726//920
f 705//921 726//921 707//921
f 725//922 704//922 706//922
f 725//923 727//923 704//923
f 703//924 728//924 729//924
f 703//925 729//925 702//925
f 703//926 727//926 728//926
f 704//927 727//927 703//927
f 623//928 731//928 732//928
f 625//929 623//929 732//929
f 625//930 732//930 716//930
f 626//931 625//931 716//931
f 733//932 639//932 631//932
f 733//933 734//933 639//933
f 654//934 735//934 736//934
f 663//935 736//935 737//935
f 663//936 654//936 736//936
f 651//937 737//937 738//937
f 651//938 663//938 737//938
f 651//939 738//939 739//939
f 740//940 738//940 741//940
f 740//941 739//941 738//941
f 742//942 741//942 743//942
f 742//943 740//943 741//943
f 744//944 742//944 743//944
f 744//945 743//945 745//945
f 746//946 745//946 747//946
f 746//947 744//947 745//947
f 746//948 747//948 748//948
f 749//949 746//949 748//949
f 749//950 748//950 750//950
f 734//951 749//951 750//951
f 734//952 750//952 751//952
f 639//953 734//953 751//953
f 644//954 751//954 752//954
f 644//955 639//955 751//955
f 649//956 752//956 735//956
f 649//957 644//957 752//957
f 654//958 649//958 735//958
f 739//959 637//959 651//959
f 739//960 753//960 637//960
f 634//961 753//961 754//961
f 634//962 637//962 753//962
f 635//963 754//963 755//963
f 635//964 634//964 754//964
f 632//965 755//965 756//965
f 632//966 635//966 755//966
f 630//967 632//967 756//967
f 630//968 756//968 757//968
f 628//969 757//969 758//969
f 628//970 630//970 757//970
f 629//971 758//971 759//971
f 629//972 628//972 758//972
f 629//973 759//973 733//973
f 631//974 629//974 733//974
f 677//975 760//975 686//975
f 761//976 760//976 677//976
f 686//977 760//977 762//977
f 689//978 762//978 763//978
f 689//979 686//979 762//979
f 691//980 763//980 764//980
f 691//981 689//981 763//981
f 708//982 764//982 765//982
f 708//983 691//983 764//983
f 712//984 765//984 766//984
f 712//985 708//985 765//985
f 712//986 766//986 767//986
f 711//987 712//987 767//987
f 711//988 767//988 768//988
f 710//989 768//989 769//989
f 710//990 711//990 768//990
f 693//991 710//991 769//991
f 693//992 770//992 683//992
f 769//993 770//993 693//993
f 771//994 772//994 773//994
f 774//995 773//995 775//995
f 774//996 771//996 773//996
f 776//997 775//997 777//997
f 776//998 774//998 775//998
f 770//999 777//999 778//999
f 770//1000 776//1000 777//1000
f 683//1001 770//1001 778//1001
f 681//1002 778//1002 779//1002
f 681//1003 683//1003 778//1003
f 678//1004 681//1004 779//1004
f 678//1005 779//1005 780//1005
f 678//1006 780//1006 781//1006
f 675//1007 678//1007 781//1007
f 676//1008 781//1008 782//1008
f 676//1009 675//1009 781//1009
f 677//1010 676//1010 782//1010
f 761//1011 782//1011 783//1011
f 761//1012 677//1012 782//1012
f 784//1013 783//1013 785//1013
f 784//1014 761//1014 783//1014
f 786//1015 785//1015 787//1015
f 786//1016 784//1016 785//1016
f 788//1017 787//1017 772//1017
f 788//1018 786//1018 787//1018
f 771//1019 788//1019 772//1019
f 661//1020 789//1020 790//1020
f 661//1021 790//1021 791//1021
f 669//1022 661//1022 791//1022
f 669//1023 791//1023 792//1023
f 667//1024 792//1024 793//1024
f 667//1025 669//1025 792//1025
f 668//1026 667//1026 793//1026
f 668//1027 793//1027 794//1027
f 657//1028 668//1028 794//1028
f 653//1029 794//1029 795//1029
f 653//1030 657//1030 794//1030
f 647//1031 795//1031 796//1031
f 647//1032 653//1032 795//1032
f 645//1033 796//1033 797//1033
f 645//1034 647//1034 796//1034
f 638//1035 645//1035 797//1035
f 638//1036 797//1036 798//1036
f 633//1037 638//1037 798//1037
f 636//1038 798//1038 799//1038
f 636//1039 633//1039 798//1039
f 636//1040 799//1040 800//1040
f 640//1041 636//1041 800//1041
f 646//1042 800//1042 801//1042
f 646//1043 640//1043 800//1043
f 646//1044 801//1044 802//1044
f 652//1045 646//1045 802//1045
f 656//1046 802//1046 789//1046
f 656//1047 652//1047 802//1047
f 661//1048 656//1048 789//1048
f 692//1049 803//1049 804//1049
f 692//1050 696//1050 803//1050
f 690//1051 804//1051 805//1051
f 690//1052 692//1052 804//1052
f 688//1053 690//1053 805//1053
f 688//1054 805//1054 806//1054
f 687//1055 688//1055 806//1055
f 687//1056 806//1056 807//1056
f 680//1057 687//1057 807//1057
f 680//1058 807//1058 808//1058
f 679//1059 808//1059 809//1059
f 679//1060 680//1060 808//1060
f 674//1061 809//1061 810//1061
f 674//1062 679//1062 809//1062
f 672//1063 674//1063 810//1063
f 672//1064 810//1064 811//1064
f 670//1065 811//1065 812//1065
f 670//1066 812//1066 813//1066
f 670//1067 672//1067 811//1067
f 671//1068 670//1068 813//1068
f 671//1069 813//1069 814//1069
f 673//1070 671//1070 814//1070
f 673//1071 814//1071 815//1071
f 698//1072 673//1072 815//1072
f 698//1073 815//1073 816//1073
f 697//1074 698//1074 816//1074
f 695//1075 816//1075 817//1075
f 695//1076 697//1076 816//1076
f 696//1077 817//1077 803//1077
f 696//1078 695//1078 817//1078
f 818//1079 820//1079 819//1079
f 821//1080 819//1080 822//1080
f 821//1081 818//1081 819//1081
f 823//1082 822//1082 824//1082
f 823//1083 821//1083 822//1083
f 825//1084 823//1084 824//1084
f 825//1085 824//1085 826//1085
f 827//1086 826//1086 828//1086
f 827//1087 825//1087 826//1087
f 829//1088 827//1088 828//1088
f 829//1089 828//1089 830//1089
f 831//1090 829//1090 830//1090
f 831//1091 830//1091 832//1091
f 833//1092 831//1092 832//1092
f 833//1093 832//1093 834//1093
f 835//1094 833//1094 834//1094
f 835//1095 834//1095 836//1095
f 837//1096 836//1096 838//1096
f 837//1097 835//1097 836//1097
f 839//1098 837//1098 838//1098
f 839//1099 838//1099 840//1099
f 841//1100 840//1100 842//1100
f 841//1101 839//1101 840//1101
f 843//1102 842//1102 844//1102
f 843//1103 841//1103 842//1103
f 845//1104 844//1104 846//1104
f 845//1105 843//1105 844//1105
f 820//1106 846//1106 847//1106
f 820//1107 845//1107 846//1107
f 820//1108 847//1108 819//1108
f 848//1109 850//1109 849//1109
f 848//1110 849//1110 851//1110
f 852//1111 848//1111 851//1111
f 853//1112 851//1112 854//1112
f 853//1113 852//1113 851//1113
f 855//1114 854//1114 856//1114
f 855//1115 853//1115 854//1115
f 857//1116 856//1116 858//1116
f 857//1117 855//1117 856//1117
f 859//1118 858//1118 860//1118
f 859//1119 857//1119 858//1119
f 861//1120 859//1120 860//1120
f 861//1121 860//1121 862//1121
f 863//1122 861//1122 862//1122
f 863//1123 862//1123 864//1123
f 865//1124 863//1124 864//1124
f 865//1125 864//1125 866//1125
f 867//1126 866//1126 868//1126
f 867//1127 865//1127 866//1127
f 869//1128 868//1128 870//1128
f 869//1129 867//1129 868//1129
f 871//1130 869//1130 870//1130
f 871//1131 870//1131 872//1131
f 873//1132 872//1132 874//1132
f 873//1133 871//1133 872//1133
f 873//1134 874//1134 875//1134
f 850//1135 873//1135 875//1135
f 850//1136 875//1136 849//1136
f 733//54 749//54 734//54
f 733//54 746//54 749//54
f 733//54 744//54 746//54
f 758//54 733//54 759//54
f 757//54 733//54 758//54
f 756//54 733//54 757//54
f 753//54 742//54 744//54
f 753//54 740//54 742//54
f 753//54 744//54 733//54
f 755//54 733//54 756//54
f 754//54 733//54 755//54
f 754//54 753//54 733//54
f 753//54 739//54 740//54
f 876//54 752//54 751//54
f 877//54 751//54 750//54
f 877//54 876//54 751//54
f 878//54 735//54 752//54
f 878//54 752//54 876//54
f 878//54 736//54 735//54
f 877//54 750//54 748//54
f 879//54 736//54 878//54
f 880//54 877//54 748//54
f 737//54 736//54 879//54
f 747//54 880//54 748//54
f 738//54 737//54 879//54
f 738//54 879//54 881//54
f 745//54 880//54 747//54
f 745//56 882//56 880//56
f 741//54 738//54 881//54
f 743//54 883//54 882//54
f 743//54 882//54 745//54
f 741//54 881//54 883//54
f 743//54 741//54 883//54
f 760//54 763//54 762//54
f 760//54 764//54 763//54
f 766//54 765//54 764//54
f 768//54 767//54 766//54
f 769//54 764//54 760//54
f 769//54 766//54 764//54
f 769//54 768//54 766//54
f 788//54 760//54 786//54
f 784//54 786//54 760//54
f 771//54 769//54 760//54
f 771//54 760//54 788//54
f 761//54 784//54 760//54
f 774//54 769//54 771//54
f 776//54 769//54 774//54
f 770//54 769//54 776//54
f 885//54 787//54 785//54
f 885//54 884//54 787//54
f 884//54 772//54 787//54
f 886//54 785//54 783//54
f 886//54 885//54 785//54
f 887//54 772//54 884//54
f 886//54 783//54 782//54
f 887//54 773//54 772//54
f 888//54 773//54 887//54
f 889//54 886//54 782//54
f 888//54 775//54 773//54
f 781//54 889//54 782//54
f 890//54 775//54 888//54
f 777//54 775//54 890//54
f 781//54 891//54 889//54
f 780//54 891//54 781//54
f 778//54 890//54 892//54
f 778//54 777//54 890//54
f 780//254 893//254 891//254
f 779//54 893//54 780//54
f 779//54 778//54 892//54
f 779//56 892//56 893//56
f 799//54 801//54 800//54
f 798//54 802//54 801//54
f 798//54 789//54 802//54
f 798//54 801//54 799//54
f 797//54 789//54 798//54
f 796//54 790//54 789//54
f 796//54 789//54 797//54
f 795//54 793//54 792//54
f 795//54 792//54 791//54
f 795//54 794//54 793//54
f 795//54 791//54 790//54
f 795//54 790//54 796//54
f 813//54 815//54 814//54
f 813//54 816//54 815//54
f 812//54 816//54 813//54
f 811//54 817//54 816//54
f 811//54 816//54 812//54
f 810//54 803//54 817//54
f 810//54 804//54 803//54
f 810//54 817//54 811//54
f 809//54 804//54 810//54
f 807//54 806//54 805//54
f 807//54 804//54 809//54
f 807//54 805//54 804//54
f 808//54 807//54 809//54
f 894//54 846//54 844//54
f 894//54 844//54 842//54
f 895//54 847//54 846//54
f 895//54 846//54 894//54
f 896//54 842//54 840//54
f 896//54 894//54 842//54
f 895//54 819//54 847//54
f 897//54 819//54 895//54
f 898//54 896//54 840//54
f 897//54 822//54 819//54
f 898//54 840//54 838//54
f 836//54 898//54 838//54
f 824//54 822//54 897//54
f 824//54 897//54 899//54
f 834//54 898//54 836//54
f 834//54 900//54 898//54
f 826//54 824//54 899//54
f 826//54 899//54 901//54
f 832//54 900//54 834//54
f 828//54 826//54 901//54
f 830//54 900//54 832//54
f 830//54 901//54 900//54
f 830//54 828//54 901//54
f 902//54 874//54 872//54
f 903//54 902//54 872//54
f 902//54 875//54 874//54
f 903//54 872//54 870//54
f 903//54 870//54 868//54
f 902//54 849//54 875//54
f 904//54 903//54 868//54
f 905//54 849//54 902//54
f 905//54 851//54 849//54
f 906//54 851//54 905//54
f 866//54 904//54 868//54
f 854//54 851//54 906//54
f 864//54 904//54 866//54
f 864//54 907//54 904//54
f 856//54 854//54 906//54
f 856//54 906//54 908//54
f 862//54 907//54 864//54
f 858//54 856//54 908//54
f 860//54 907//54 862//54
f 858//54 907//54 860//54
f 858//54 908//54 907//54
f 911//252 910//252 909//252
f 914//54 910//54 911//54
f 914//54 915//54 910//54
f 916//54 912//54 915//54
f 916//54 915//54 914//54
f 916//252 913//252 912//252
f 913//1137 905//1137 902//1137
f 916//1138 906//1138 905//1138
f 916//1139 905//1139 913//1139
f 914//1140 906//1140 916//1140
f 914//1141 908//1141 906//1141
f 911//1142 908//1142 914//1142
f 911//1143 907//1143 908//1143
f 909//1144 907//1144 911//1144
f 909//1145 904//1145 907//1145
f 910//1146 904//1146 909//1146
f 915//1147 904//1147 910//1147
f 915//1148 903//1148 904//1148
f 912//1149 903//1149 915//1149
f 912//1150 902//1150 903//1150
f 913//1151 902//1151 912//1151
f 921//54 918//54 917//54
f 921//54 917//54 919//54
f 922//54 921//54 919//54
f 922//54 919//54 920//54
f 924//54 920//54 923//54
f 924//54 922//54 920//54
f 922//1152 897//1152 895//1152
f 924//1153 897//1153 922//1153
f 924//1154 899//1154 897//1154
f 923//1155 899//1155 924//1155
f 923//1156 901//1156 899//1156
f 920//1157 901//1157 923//1157
f 920//1158 900//1158 901//1158
f 919//1159 900//1159 920//1159
f 919//1160 898//1160 900//1160
f 917//1161 898//1161 919//1161
f 917//1162 896//1162 898//1162
f 918//1163 896//1163 917//1163
f 918//1164 894//1164 896//1164
f 921//1165 894//1165 918//1165
f 921//1166 895//1166 894//1166
f 922//1167 895//1167 921//1167
f 925//252 927//252 926//252
f 932//54 933//54 927//54
f 932//54 930//54 928//54
f 932//54 927//54 925//54
f 932//252 928//252 933//252
f 932//254 925//254 929//254
f 932//1168 931//1168 930//1168
f 931//1169 878//1169 930//1169
f 931//1170 879//1170 878//1170
f 932//1171 879//1171 931//1171
f 929//1172 881//1172 879//1172
f 929//1173 879//1173 932//1173
f 925//1174 881//1174 929//1174
f 925//1175 883//1175 881//1175
f 926//1176 883//1176 925//1176
f 926//1177 882//1177 883//1177
f 927//1178 882//1178 926//1178
f 927//1179 880//1179 882//1179
f 933//1180 880//1180 927//1180
f 933//1181 877//1181 880//1181
f 928//1182 877//1182 933//1182
f 928//1183 876//1183 877//1183
f 930//1184 878//1184 876//1184
f 930//1185 876//1185 928//1185
f 936//252 934//252 935//252
f 936//895 937//895 934//895
f 938//54 937//54 936//54
f 940//54 941//54 937//54
f 940//54 937//54 938//54
f 940//54 939//54 941//54
f 942//1186 939//1186 940//1186
f 942//1187 887//1187 939//1187
f 942//1188 888//1188 887//1188
f 940//1189 888//1189 942//1189
f 940//1190 890//1190 888//1190
f 938//1191 892//1191 890//1191
f 938//1192 890//1192 940//1192
f 936//1193 892//1193 938//1193
f 936//1194 893//1194 892//1194
f 935//1195 893//1195 936//1195
f 935//1196 891//1196 893//1196
f 934//1197 891//1197 935//1197
f 934//1198 889//1198 891//1198
f 937//1199 889//1199 934//1199
f 937//1200 886//1200 889//1200
f 941//1201 885//1201 886//1201
f 941//1202 886//1202 937//1202
f 941//1203 884//1203 885//1203
f 939//1204 884//1204 941//1204
f 939//1205 887//1205 884//1205
f 946//56 945//56 943//56
f 946//54 943//54 944//54
f 949//54 944//54 950//54
f 949//54 946//54 944//54
f 949//54 950//54 947//54
f 949//54 947//54 948//54
f 949//1206 952//1206 951//1206
f 948//1207 952//1207 949//1207
f 947//1208 953//1208 952//1208
f 947//1209 952//1209 948//1209
f 947//1210 954//1210 953//1210
f 950//1211 954//1211 947//1211
f 950//1212 955//1212 954//1212
f 944//1213 955//1213 950//1213
f 944//1214 956//1214 955//1214
f 943//1215 956//1215 944//1215
f 945//1216 957//1216 956//1216
f 945//1217 956//1217 943//1217
f 946//1218 957//1218 945//1218
f 946//1219 958//1219 957//1219
f 949//1220 951//1220 958//1220
f 949//1221 958//1221 946//1221
f 959//252 961//252 960//252
f 962//54 959//54 963//54
f 962//54 961//54 959//54
f 965//54 966//54 961//54
f 965//252 964//252 966//252
f 965//54 961//54 962//54
f 965//1222 967//1222 964//1222
f 965//1223 968//1223 967//1223
f 962//1224 968//1224 965//1224
f 962//1225 969//1225 968//1225
f 963//1226 969//1226 962//1226
f 963//1227 970//1227 969//1227
f 959//1228 970//1228 963//1228
f 959//1229 971//1229 970//1229
f 960//1230 971//1230 959//1230
f 960//1231 972//1231 971//1231
f 961//1232 972//1232 960//1232
f 966//1233 973//1233 972//1233
f 966//1234 972//1234 961//1234
f 964//1235 973//1235 966//1235
f 964//1236 974//1236 973//1236
f 964//1237 967//1237 974//1237
f 978//54 976//54 975//54
f 978//895 975//895 977//895
f 980//54 981//54 976//54
f 980//54 979//54 981//54
f 980//54 976//54 978//54
f 980//252 982//252 979//252
f 982//1238 984//1238 983//1238
f 980//1239 984//1239 982//1239
f 980//1240 985//1240 984//1240
f 978//1241 985//1241 980//1241
f 978//1242 986//1242 985//1242
f 977//1243 986//1243 978//1243
f 977//1212 987//1212 986//1212
f 975//1213 987//1213 977//1213
f 975//1244 988//1244 987//1244
f 976//1245 988//1245 975//1245
f 976//1246 989//1246 988//1246
f 981//1247 989//1247 976//1247
f 981//1248 990//1248 989//1248
f 979//1249 990//1249 981//1249
f 979//1250 983//1250 990//1250
f 982//1251 983//1251 979//1251
f 995//252 991//252 993//252
f 995//54 992//54 991//54
f 996//54 992//54 995//54
f 996//54 994//54 992//54
f 996//252 997//252 994//252
f 997//1252 999//1252 998//1252
f 996//1253 999//1253 997//1253
f 996//1254 1000//1254 999//1254
f 995//1255 1000//1255 996//1255
f 995//1256 1001//1256 1000//1256
f 993//1257 1001//1257 995//1257
f 993//1258 1002//1258 1001//1258
f 991//1259 1002//1259 993//1259
f 991//1260 1003//1260 1002//1260
f 992//1261 1003//1261 991//1261
f 992//1262 1004//1262 1003//1262
f 994//1263 1004//1263 992//1263
f 994//1264 998//1264 1004//1264
f 997//1265 998//1265 994//1265
f 1008//896 1006//896 1009//896
f 1008//54 1005//54 1006//54
f 1008//54 1007//54 1005//54
f 1011//54 1010//54 1007//54
f 1011//54 1007//54 1008//54
f 1008//1266 1013//1266 1012//1266
f 1008//1267 1012//1267 1011//1267
f 1008//1268 1014//1268 1013//1268
f 1009//1269 1014//1269 1008//1269
f 1009//1270 1015//1270 1014//1270
f 1006//1271 1015//1271 1009//1271
f 1006//1272 1016//1272 1015//1272
f 1005//1273 1016//1273 1006//1273
f 1005//1274 1017//1274 1016//1274
f 1007//1275 1017//1275 1005//1275
f 1007//1276 1018//1276 1017//1276
f 1010//1277 1018//1277 1007//1277
f 1010//1278 1019//1278 1018//1278
f 1011//1279 1012//1279 1019//1279
f 1011//1280 1019//1280 1010//1280
f 1022//54 1020//54 1021//54
f 1025//54 1022//54 1021//54
f 1026//54 1021//54 1023//54
f 1026//54 1025//54 1021//54
f 1026//54 1023//54 1024//54
f 1026//1281 1027//1281 1025//1281
f 1026//1282 1028//1282 1027//1282
f 1026//1283 1029//1283 1028//1283
f 1024//1284 1029//1284 1026//1284
f 1024//1285 1030//1285 1029//1285
f 1023//1286 1030//1286 1024//1286
f 1021//1287 1030//1287 1023//1287
f 1021//1288 1031//1288 1030//1288
f 1021//1289 1032//1289 1031//1289
f 1020//1290 1032//1290 1021//1290
f 1022//1291 1033//1291 1032//1291
f 1022//1292 1032//1292 1020//1292
f 1022//1293 1027//1293 1033//1293
f 1025//1294 1027//1294 1022//1294
f 1036//1295 1035//1295 1034//1295
f 1038//760 1035//760 1036//760
f 1040//576 1035//576 1038//576
f 1041//580 1039//580 1037//580
f 1041//580 1037//580 1035//580
f 1041//760 1035//760 1040//760
f 1041//1296 439//1296 437//1296
f 1041//1297 442//1297 439//1297
f 1040//1298 442//1298 1041//1298
f 1040//1299 444//1299 442//1299
f 1038//1300 444//1300 1040//1300
f 1038//1301 445//1301 444//1301
f 1036//1302 445//1302 1038//1302
f 1034//1303 445//1303 1036//1303
f 1034//1304 441//1304 445//1304
f 1035//1305 441//1305 1034//1305
f 1035//1306 438//1306 441//1306
f 1037//1307 434//1307 438//1307
f 1037//1308 438//1308 1035//1308
f 1039//1309 434//1309 1037//1309
f 1039//1310 437//1310 434//1310
f 1041//1311 437//1311 1039//1311
f 1044//583 1043//583 1042//583
f 1046//760 1043//760 1044//760
f 1048//760 1043//760 1046//760
f 1049//1312 1045//1312 1043//1312
f 1049//578 1047//578 1045//578
f 1049//580 1043//580 1048//580
f 1049//1313 419//1313 417//1313
f 1048//1314 419//1314 1049//1314
f 1048//1315 429//1315 419//1315
f 1046//1316 429//1316 1048//1316
f 1046//1317 427//1317 429//1317
f 1044//1318 427//1318 1046//1318
f 1042//1319 427//1319 1044//1319
f 1042//1320 422//1320 427//1320
f 1043//1321 422//1321 1042//1321
f 1043//1322 418//1322 422//1322
f 1045//1323 416//1323 418//1323
f 1045//1324 418//1324 1043//1324
f 1047//1325 417//1325 416//1325
f 1047//1326 416//1326 1045//1326
f 1049//1327 417//1327 1047//1327
f 1053//576 1051//576 1050//576
f 1053//576 1050//576 1052//576
f 1053//576 1054//576 1051//576
f 1056//576 1057//576 1054//576
f 1056//576 1058//576 1057//576
f 1056//576 1054//576 1053//576
f 1059//576 1058//576 1056//576
f 1059//576 1055//576 1058//576
f 1060//576 1062//576 1061//576
f 1066//576 1062//576 1060//576
f 1066//576 1060//576 1065//576
f 1067//576 1062//576 1066//576
f 1067//576 1064//576 1062//576
f 1067//576 1063//576 1064//576
f 1069//576 1070//576 1068//576
f 1069//576 1063//576 1067//576
f 1069//576 1068//576 1063//576
f 1079//576 1076//576 1077//576
f 1079//576 1080//576 1072//576
f 1079//576 1081//576 1080//576
f 1079//576 1074//576 1081//576
f 1079//576 1073//576 1074//576
f 1079//576 1072//576 1071//576
f 1079//576 1075//576 1073//576
f 1079//576 1078//576 1075//576
f 1079//576 1071//576 1076//576
f 1086//576 1085//576 1082//576
f 1086//576 1082//576 1083//576
f 1088//576 1083//576 1084//576
f 1088//576 1087//576 1086//576
f 1088//576 1086//576 1083//576
f 1090//576 1084//576 1092//576
f 1090//576 1088//576 1084//576
f 1090//576 1091//576 1089//576
f 1090//576 1092//576 1091//576
f 1061//1328 1093//1328 1060//1328
f 1061//1329 1094//1329 1093//1329
f 1062//1330 1094//1330 1061//1330
f 1062//1331 1095//1331 1094//1331
f 1064//1332 1095//1332 1062//1332
f 1064//1333 1096//1333 1095//1333
f 1063//1334 1096//1334 1064//1334
f 1063//1335 1097//1335 1096//1335
f 1068//1336 1097//1336 1063//1336
f 1068//1337 1098//1337 1097//1337
f 1070//1338 1098//1338 1068//1338
f 1070//1339 1099//1339 1098//1339
f 1070//1340 1100//1340 1099//1340
f 1069//1341 1100//1341 1070//1341
f 1069//1342 1101//1342 1100//1342
f 1067//1343 1101//1343 1069//1343
f 1066//1344 1101//1344 1067//1344
f 1066//1345 1102//1345 1101//1345
f 1065//1346 1102//1346 1066//1346
f 1065//1347 1103//1347 1102//1347
f 1065//1348 1093//1348 1103//1348
f 1060//1349 1093//1349 1065//1349
f 1104//1350 1103//1350 1093//1350
f 1105//1351 1103//1351 1104//1351
f 1105//1352 1102//1352 1103//1352
f 1106//1353 1102//1353 1105//1353
f 1106//1354 1101//1354 1102//1354
f 1107//1355 1101//1355 1106//1355
f 1107//1356 1100//1356 1101//1356
f 1108//1357 1100//1357 1107//1357
f 1108//1358 1099//1358 1100//1358
f 1109//1359 1099//1359 1108//1359
f 1109//1360 1098//1360 1099//1360
f 1110//1361 1098//1361 1109//1361
f 1110//1362 1097//1362 1098//1362
f 1111//1363 1096//1363 1097//1363
f 1111//1364 1097//1364 1110//1364
f 1112//1365 1096//1365 1111//1365
f 1112//1366 1095//1366 1096//1366
f 1113//1367 1095//1367 1112//1367
f 1113//1368 1094//1368 1095//1368
f 1114//1369 1093//1369 1094//1369
f 1114//1370 1094//1370 1113//1370
f 1104//1371 1093//1371 1114//1371
f 1051//1372 1116//1372 1115//1372
f 1051//1373 1115//1373 1050//1373
f 1051//1374 1117//1374 1116//1374
f 1054//1375 1117//1375 1051//1375
f 1057//1376 1118//1376 1117//1376
f 1057//1377 1117//1377 1054//1377
f 1057//1378 1119//1378 1118//1378
f 1058//1379 1119//1379 1057//1379
f 1058//1380 1120//1380 1119//1380
f 1055//1381 1120//1381 1058//1381
f 1055//1382 1121//1382 1120//1382
f 1059//1383 1121//1383 1055//1383
f 1059//1384 1122//1384 1121//1384
f 1056//1385 1122//1385 1059//1385
f 1056//1386 1123//1386 1122//1386
f 1053//1387 1123//1387 1056//1387
f 1053//1388 1124//1388 1123//1388
f 1052//1389 1124//1389 1053//1389
f 1052//1390 1125//1390 1124//1390
f 1050//1391 1115//1391 1125//1391
f 1050//1392 1125//1392 1052//1392
f 1126//1393 1125//1393 1115//1393
f 1126//1394 1115//1394 1127//1394
f 1128//1395 1124//1395 1125//1395
f 1128//1396 1125//1396 1126//1396
f 1128//1397 1123//1397 1124//1397
f 1129//1398 1123//1398 1128//1398
f 1130//1399 1122//1399 1123//1399
f 1130//1400 1123//1400 1129//1400
f 1131//1401 1122//1401 1130//1401
f 1131//1402 1121//1402 1122//1402
f 1132//1403 1121//1403 1131//1403
f 1133//1404 1121//1404 1132//1404
f 1133//1405 1120//1405 1121//1405
f 1134//1406 1119//1406 1120//1406
f 1134//1407 1120//1407 1133//1407
f 1134//1408 1118//1408 1119//1408
f 1135//1409 1117//1409 1118//1409
f 1135//1410 1118//1410 1134//1410
f 1136//1411 1117//1411 1135//1411
f 1136//1412 1116//1412 1117//1412
f 1137//1413 1116//1413 1136//1413
f 1137//1414 1115//1414 1116//1414
f 1127//1415 1115//1415 1137//1415
f 1078//1416 1139//1416 1138//1416
f 1079//1417 1140//1417 1139//1417
f 1079//1418 1139//1418 1078//1418
f 1077//1419 1141//1419 1140//1419
f 1077//1420 1140//1420 1079//1420
f 1076//1421 1142//1421 1141//1421
f 1076//1422 1141//1422 1077//1422
f 1071//1423 1143//1423 1142//1423
f 1071//1424 1142//1424 1076//1424
f 1072//1425 1143//1425 1071//1425
f 1072//1426 1144//1426 1143//1426
f 1080//1427 1144//1427 1072//1427
f 1080//1428 1145//1428 1144//1428
f 1080//1429 1146//1429 1145//1429
f 1081//1430 1146//1430 1080//1430
f 1081//1431 1147//1431 1146//1431
f 1074//1432 1147//1432 1081//1432
f 1073//1433 1147//1433 1074//1433
f 1073//1434 1148//1434 1147//1434
f 1075//1435 1149//1435 1148//1435
f 1075//1436 1148//1436 1073//1436
f 1078//1437 1138//1437 1149//1437
f 1078//1438 1149//1438 1075//1438
f 1150//1439 1143//1439 1144//1439
f 1151//1440 1143//1440 1150//1440
f 1151//1441 1142//1441 1143//1441
f 1152//1442 1142//1442 1151//1442
f 1152//1443 1141//1443 1142//1443
f 1153//1444 1141//1444 1152//1444
f 1153//1445 1140//1445 1141//1445
f 1154//1446 1140//1446 1153//1446
f 1154//1447 1139//1447 1140//1447
f 1155//1448 1139//1448 1154//1448
f 1155//1449 1138//1449 1139//1449
f 1156//1450 1138//1450 1155//1450
f 1156//1451 1149//1451 1138//1451
f 1157//1452 1149//1452 1156//1452
f 1157//1453 1148//1453 1149//1453
f 1158//1454 1147//1454 1148//1454
f 1158//1455 1148//1455 1157//1455
f 1159//1456 1146//1456 1147//1456
f 1159//1457 1147//1457 1158//1457
f 1159//1458 1145//1458 1146//1458
f 1160//1459 1145//1459 1159//1459
f 1160//1460 1144//1460 1145//1460
f 1150//1461 1144//1461 1160//1461
f 1084//1462 1162//1462 1161//1462
f 1083//1463 1163//1463 1162//1463
f 1083//1464 1162//1464 1084//1464
f 1082//1465 1163//1465 1083//1465
f 1082//1466 1164//1466 1163//1466
f 1085//1467 1164//1467 1082//1467
f 1085//1468 1165//1468 1164//1468
f 1086//1469 1165//1469 1085//1469
f 1087//1470 1165//1470 1086//1470
f 1087//1471 1166//1471 1165//1471
f 1088//1472 1166//1472 1087//1472
f 1088//1473 1167//1473 1166//1473
f 1088//1474 1168//1474 1167//1474
f 1090//1475 1168//1475 1088//1475
f 1090//1476 1169//1476 1168//1476
f 1089//1477 1169//1477 1090//1477
f 1091//1478 1169//1478 1089//1478
f 1091//1479 1170//1479 1169//1479
f 1092//1480 1170//1480 1091//1480
f 1092//1481 1171//1481 1170//1481
f 1092//1482 1161//1482 1171//1482
f 1084//1483 1161//1483 1092//1483
f 236//1484 239//1484 240//1484
f 238//1485 240//1485 241//1485
f 238//1486 241//1486 242//1486
f 238//1487 236//1487 240//1487
f 233//1488 234//1488 235//1488
f 233//1489 235//1489 237//1489
f 232//1490 233//1490 237//1490
f 231//1491 232//1491 237//1491
f 231//1492 237//1492 238//1492
f 231//1493 238//1493 242//1493
f 1173//1494 1172//1494 242//1494
f 1174//1495 242//1495 1172//1495
f 1175//1496 231//1496 242//1496
f 1175//1497 242//1497 1174//1497
f 1156//1498 1176//1498 1157//1498
f 1156//576 1175//576 1176//576
f 1158//576 1157//576 1176//576
f 1158//1499 1176//1499 1177//1499
f 1156//1500 231//1500 1175//1500
f 1155//1501 231//1501 1156//1501
f 1159//1502 1158//1502 1177//1502
f 1159//1496 1177//1496 1178//1496
f 1159//1312 1178//1312 1179//1312
f 1154//1503 231//1503 1155//1503
f 1160//1504 1159//1504 1179//1504
f 1160//1505 1179//1505 1180//1505
f 1153//1506 231//1506 1154//1506
f 265//666 1181//666 1182//666
f 263//1507 1181//1507 265//1507
f 267//1508 265//1508 1182//1508
f 267//1509 1182//1509 1173//1509
f 267//1495 1173//1495 242//1495
f 261//1510 267//1510 242//1510
f 277//1511 261//1511 242//1511
f 279//1498 261//1498 277//1498
f 222//1512 1181//1512 263//1512
f 222//1513 1180//1513 1181//1513
f 222//1514 263//1514 257//1514
f 225//1515 1180//1515 222//1515
f 294//1502 261//1502 279//1502
f 222//1516 257//1516 255//1516
f 259//760 294//760 290//760
f 259//1312 261//1312 294//1312
f 224//1517 1180//1517 225//1517
f 224//1518 1160//1518 1180//1518
f 286//1519 259//1519 290//1519
f 281//576 294//576 279//576
f 269//578 259//578 286//578
f 224//1520 1150//1520 1160//1520
f 292//576 294//576 281//576
f 314//1521 275//1521 274//1521
f 295//1522 275//1522 314//1522
f 215//1523 222//1523 255//1523
f 283//1524 286//1524 290//1524
f 283//1525 290//1525 287//1525
f 215//1526 255//1526 259//1526
f 215//1527 259//1527 269//1527
f 216//1528 215//1528 269//1528
f 216//1529 269//1529 272//1529
f 300//1530 270//1530 295//1530
f 301//1494 270//1494 300//1494
f 301//1531 272//1531 270//1531
f 216//1521 272//1521 301//1521
f 214//1532 216//1532 301//1532
f 303//1533 214//1533 301//1533
f 229//1534 1151//1534 1150//1534
f 229//1535 1152//1535 1151//1535
f 229//1536 1153//1536 1152//1536
f 229//1537 1150//1537 224//1537
f 229//1538 231//1538 1153//1538
f 208//1539 303//1539 306//1539
f 208//1540 214//1540 303//1540
f 208//1541 306//1541 310//1541
f 208//1541 310//1541 312//1541
f 209//1542 208//1542 312//1542
f 1111//574 1110//574 312//574
f 1110//576 209//576 312//576
f 1112//1543 1111//1543 312//1543
f 1109//1544 209//1544 1110//1544
f 1109//1545 206//1545 209//1545
f 1134//1546 1108//1546 1107//1546
f 1133//1547 1108//1547 1134//1547
f 1133//1505 1109//1505 1108//1505
f 1133//760 206//760 1109//760
f 1135//1548 1134//1548 1107//1548
f 1132//1521 206//1521 1133//1521
f 1136//1312 1107//1312 1106//1312
f 1136//1549 1135//1549 1107//1549
f 1132//1550 317//1550 206//1550
f 1131//1551 317//1551 1132//1551
f 1136//580 1106//580 1105//580
f 1137//1552 1105//1552 1104//1552
f 1137//1553 1136//1553 1105//1553
f 1130//1554 317//1554 1131//1554
f 1127//1555 1137//1555 1104//1555
f 1129//1556 317//1556 1130//1556
f 243//1557 314//1557 274//1557
f 243//1558 312//1558 314//1558
f 243//1559 1127//1559 1104//1559
f 243//674 1113//674 1112//674
f 243//1560 1114//1560 1113//1560
f 243//1561 1104//1561 1114//1561
f 243//1557 277//1557 242//1557
f 243//1562 274//1562 277//1562
f 243//1563 1112//1563 312//1563
f 247//1564 245//1564 246//1564
f 248//1565 244//1565 245//1565
f 248//1566 243//1566 244//1566
f 248//1567 245//1567 247//1567
f 204//1568 317//1568 1129//1568
f 204//1569 248//1569 249//1569
f 204//1570 243//1570 248//1570
f 204//1571 1127//1571 243//1571
f 204//1572 1126//1572 1127//1572
f 204//1573 1128//1573 1126//1573
f 204//1574 1129//1574 1128//1574
f 254//1575 204//1575 249//1575
f 252//1576 249//1576 250//1576
f 252//1577 250//1577 253//1577
f 252//1578 254//1578 249//1578
f 306//576 308//576 310//576
f 295//666 298//666 300//666
f 281//1579 283//1579 287//1579
f 281//576 287//576 292//576
f 270//1580 275//1580 295//1580
f 1179//1581 1171//1581 1161//1581
f 1179//1582 1161//1582 1180//1582
f 1178//1583 1170//1583 1171//1583
f 1178//1584 1171//1584 1179//1584
f 1177//1585 1169//1585 1170//1585
f 1177//1586 1170//1586 1178//1586
f 1176//1587 1168//1587 1169//1587
f 1176//1588 1169//1588 1177//1588
f 1175//1589 1168//1589 1176//1589
f 1175//1590 1167//1590 1168//1590
f 1174//1591 1167//1591 1175//1591
f 1174//1592 1166//1592 1167//1592
f 1172//1593 1166//1593 1174//1593
f 1172//1594 1165//1594 1166//1594
f 1173//1595 1165//1595 1172//1595
f 1173//1596 1164//1596 1165//1596
f 1182//1597 1163//1597 1164//1597
f 1182//1598 1164//1598 1173//1598
f 1181//1599 1163//1599 1182//1599
f 1181//1600 1162//1600 1163//1600
f 1180//1601 1162//1601 1181//1601
f 1180//1602 1161//1602 1162//1602
f 624//1603 1183//1603 731//1603
f 624//1604 731//1604 623//1604
f 624//1605 1184//1605 1183//1605
f 622//1606 1184//1606 624//1606
f 1184//1607 620//1607 1185//1607
f 622//1608 620//1608 1184//1608
f 621//1609 1186//1609 1185//1609
f 621//1610 1185//1610 620//1610
f 619//1611 730//1611 1186//1611
f 619//1612 1186//1612 621//1612
f 618//1613 1187//1613 1188//1613
f 619//1614 1188//1614 730//1614
f 619//1615 618//1615 1188//1615
f 618//1616 615//1616 1187//1616
f 615//1617 1189//1617 1187//1617
f 617//1618 1190//1618 1189//1618
f 617//1619 1189//1619 615//1619
f 616//1620 1190//1620 617//1620
f 1191//1621 1190//1621 616//1621
f 1191//1622 616//1622 642//1622
f 642//1623 1192//1623 1191//1623
f 641//1624 1192//1624 642//1624
f 641//1625 1193//1625 1192//1625
f 643//1626 1193//1626 641//1626
f 648//1627 1200//1627 1193//1627
f 643//1628 648//1628 1193//1628
f 664//1629 1194//1629 1195//1629
f 665//1630 664//1630 1195//1630
f 665//1631 1195//1631 1196//1631
f 666//1632 1196//1632 1197//1632
f 666//1633 665//1633 1196//1633
f 662//1634 666//1634 1197//1634
f 662//1635 1197//1635 1198//1635
f 655//1636 1198//1636 1199//1636
f 655//1637 662//1637 1198//1637
f 650//1638 1199//1638 1200//1638
f 650//1639 655//1639 1199//1639
f 648//1640 650//1640 1200//1640
f 664//1641 1201//1641 1194//1641
f 664//1642 658//1642 1201//1642
f 658//1643 1202//1643 1201//1643
f 659//1644 1203//1644 1202//1644
f 659//1645 1202//1645 658//1645
f 660//1646 1203//1646 659//1646
f 1204//1647 1203//1647 660//1647
f 1204//1648 660//1648 694//1648
f 694//1649 1205//1649 1204//1649
f 699//1650 1205//1650 694//1650
f 699//1651 1206//1651 1205//1651
f 700//1652 1206//1652 699//1652
f 700//1653 1207//1653 1206//1653
f 700//1654 701//1654 1207//1654
f 702//1655 729//1655 1207//1655
f 701//1656 702//1656 1207//1656
f 488//1657 1247//1657 1246//1657
f 488//1658 487//1658 1247//1658
f 488//1659 1248//1659 1249//1659
f 488//1660 1246//1660 1248//1660
f 489//1661 1249//1661 1243//1661
f 489//1662 488//1662 1249//1662
f 491//1663 489//1663 1243//1663
f 486//1664 1251//1664 1250//1664
f 487//1665 1250//1665 1252//1665
f 487//1666 486//1666 1250//1666
f 487//1667 1252//1667 1247//1667
f 1208//1668 1251//1668 486//1668
f 1208//1669 486//1669 485//1669
f 485//1670 1254//1670 1255//1670
f 485//1671 484//1671 1254//1671
f 485//1672 1255//1672 1208//1672
f 1209//1673 1254//1673 484//1673
f 477//1674 1209//1674 484//1674
f 475//1675 1256//1675 1257//1675
f 477//1676 1257//1676 1258//1676
f 477//1677 475//1677 1257//1677
f 477//1678 1258//1678 1209//1678
f 1210//1679 1256//1679 475//1679
f 1210//1680 475//1680 474//1680
f 476//1681 1261//1681 1260//1681
f 474//1682 1260//1682 1262//1682
f 474//1683 476//1683 1260//1683
f 474//1684 1262//1684 1210//1684
f 955//1685 956//1685 1211//1685
f 956//1686 1212//1686 1211//1686
f 955//1687 1211//1687 1259//1687
f 957//1688 1212//1688 956//1688
f 954//1689 955//1689 1259//1689
f 954//1690 1259//1690 1213//1690
f 1187//1691 1212//1691 957//1691
f 1187//1692 1189//1692 1212//1692
f 1190//1693 1212//1693 1189//1693
f 867//1694 1214//1694 865//1694
f 1187//54 957//54 958//54
f 867//1695 1213//1695 1214//1695
f 869//1696 954//1696 1213//1696
f 869//1697 1213//1697 867//1697
f 1187//54 958//54 951//54
f 863//1698 865//1698 1214//1698
f 871//54 954//54 869//54
f 1188//54 1187//54 951//54
f 861//1699 863//1699 1214//1699
f 730//54 952//54 1186//54
f 730//54 951//54 952//54
f 730//54 1188//54 951//54
f 1186//54 952//54 953//54
f 1185//252 953//252 954//252
f 1185//54 1186//54 953//54
f 1215//1700 861//1700 1214//1700
f 1185//54 954//54 871//54
f 859//1701 861//1701 1215//1701
f 873//54 1185//54 871//54
f 857//1702 859//1702 1215//1702
f 850//54 1185//54 873//54
f 1216//1703 857//1703 1215//1703
f 1216//1704 855//1704 857//1704
f 1184//54 1185//54 850//54
f 1184//54 852//54 853//54
f 1184//54 848//54 852//54
f 1184//54 850//54 848//54
f 972//1705 855//1705 1216//1705
f 972//54 1184//54 853//54
f 972//1706 853//1706 855//1706
f 971//1707 1216//1707 1217//1707
f 971//1708 972//1708 1216//1708
f 972//54 1183//54 1184//54
f 973//54 1183//54 972//54
f 1218//1709 970//1709 971//1709
f 1218//1710 971//1710 1217//1710
f 731//54 973//54 974//54
f 731//54 1183//54 973//54
f 1218//1711 969//1711 970//1711
f 732//54 731//54 974//54
f 732//56 974//56 967//56
f 716//54 732//54 967//54
f 1219//1712 969//1712 1218//1712
f 716//54 967//54 968//54
f 1219//1713 716//1713 968//1713
f 1219//1714 968//1714 969//1714
f 715//1715 716//1715 1219//1715
f 570//1716 715//1716 1219//1716
f 1191//1717 1212//1717 1190//1717
f 1017//54 1192//54 1193//54
f 1017//54 1193//54 1016//54
f 1016//54 1193//54 1200//54
f 1015//254 1016//254 1200//254
f 1018//54 1192//54 1017//54
f 1014//54 1200//54 1199//54
f 1014//54 1015//54 1200//54
f 1202//54 1192//54 1018//54
f 1201//54 1202//54 1018//54
f 1203//54 1191//54 1192//54
f 1203//54 1192//54 1202//54
f 1198//54 1014//54 1199//54
f 1198//54 1013//54 1014//54
f 1201//54 1018//54 1019//54
f 1197//54 1013//54 1198//54
f 1194//54 1201//54 1019//54
f 1194//54 1019//54 1012//54
f 1196//54 1013//54 1197//54
f 1195//54 1013//54 1196//54
f 1195//54 1012//54 1013//54
f 1195//54 1194//54 1012//54
f 1032//54 575//54 574//54
f 1031//54 1032//54 574//54
f 1031//54 574//54 573//54
f 1032//1718 576//1718 575//1718
f 1033//254 576//254 1032//254
f 1030//54 1031//54 573//54
f 1030//54 573//54 571//54
f 1033//1168 577//1168 576//1168
f 1033//54 580//54 577//54
f 1027//54 580//54 1033//54
f 1029//54 571//54 572//54
f 1029//54 1030//54 571//54
f 582//54 580//54 1027//54
f 719//54 582//54 1027//54
f 719//54 1027//54 1028//54
f 719//56 1028//56 1029//56
f 718//54 719//54 1029//54
f 718//54 1029//54 572//54
f 717//254 718//254 572//254
f 717//254 572//254 568//254
f 1220//1719 1204//1719 1205//1719
f 1206//1720 1220//1720 1205//1720
f 988//1721 1220//1721 1206//1721
f 987//54 988//54 1206//54
f 989//1722 1220//1722 988//1722
f 987//56 1206//56 1207//56
f 987//54 1207//54 729//54
f 989//1723 1221//1723 1220//1723
f 986//54 987//54 729//54
f 990//1724 1221//1724 989//1724
f 983//1725 1221//1725 990//1725
f 728//54 986//54 729//54
f 728//54 985//54 986//54
f 727//1168 984//1168 985//1168
f 727//54 985//54 728//54
f 1222//1726 983//1726 984//1726
f 1222//1727 1221//1727 983//1727
f 1223//1728 1222//1728 984//1728
f 839//54 727//54 837//54
f 835//54 837//54 727//54
f 839//54 984//54 727//54
f 833//54 835//54 727//54
f 841//1729 1223//1729 984//1729
f 841//895 984//895 839//895
f 725//54 831//54 833//54
f 725//54 829//54 831//54
f 725//54 833//54 727//54
f 1224//1730 843//1730 845//1730
f 1224//1731 841//1731 843//1731
f 1224//1732 1223//1732 841//1732
f 827//54 829//54 725//54
f 1225//1733 1224//1733 845//1733
f 1225//1734 845//1734 820//1734
f 1225//1735 818//1735 821//1735
f 1225//1736 820//1736 818//1736
f 1003//54 726//54 724//54
f 1002//54 1003//54 724//54
f 1002//54 724//54 723//54
f 1004//54 725//54 726//54
f 1004//54 726//54 1003//54
f 1001//54 723//54 720//54
f 1001//254 1002//254 723//254
f 1004//54 827//54 725//54
f 1004//1186 825//1186 827//1186
f 1225//1737 823//1737 825//1737
f 1225//1738 821//1738 823//1738
f 1226//1739 1000//1739 1001//1739
f 1226//1740 1001//1740 720//1740
f 1226//1741 721//1741 722//1741
f 1226//1742 720//1742 721//1742
f 1226//1743 722//1743 717//1743
f 1227//1744 1225//1744 825//1744
f 1228//1745 1000//1745 1226//1745
f 1228//1746 999//1746 1000//1746
f 1227//1747 825//1747 1004//1747
f 1227//1748 1004//1748 998//1748
f 1242//1749 998//1749 999//1749
f 1242//1750 999//1750 1228//1750
f 1242//1751 1227//1751 998//1751
f 1219//1752 1226//1752 570//1752
f 570//1753 1226//1753 568//1753
f 568//1754 1226//1754 717//1754
f 1220//1755 1212//1755 1204//1755
f 1204//1756 1212//1756 1203//1756
f 1203//1757 1212//1757 1191//1757
f 479//1758 1235//1758 1263//1758
f 479//1759 480//1759 1235//1759
f 478//1760 1263//1760 1264//1760
f 478//1761 479//1761 1263//1761
f 478//1762 1264//1762 1265//1762
f 476//1763 1265//1763 1261//1763
f 476//1764 478//1764 1265//1764
f 481//1765 1232//1765 1233//1765
f 481//1766 1233//1766 1234//1766
f 480//1767 1234//1767 1235//1767
f 480//1768 481//1768 1234//1768
f 1232//1769 481//1769 482//1769
f 1229//1770 1232//1770 482//1770
f 483//1771 1236//1771 1237//1771
f 483//1772 1237//1772 1238//1772
f 482//1773 1238//1773 1229//1773
f 482//1774 483//1774 1238//1774
f 1236//1775 483//1775 490//1775
f 1236//1776 490//1776 1230//1776
f 492//1777 1239//1777 1240//1777
f 492//1778 1240//1778 1241//1778
f 490//1779 1241//1779 1230//1779
f 490//1780 492//1780 1241//1780
f 1239//1781 492//1781 493//1781
f 1231//1782 1239//1782 493//1782
f 491//1783 1243//1783 1244//1783
f 491//1784 1244//1784 1245//1784
f 493//1785 1245//1785 1231//1785
f 493//1786 491//1786 1245//1786
f 1233//1787 1232//1787 1217//1787
f 1234//1788 1216//1788 1235//1788
f 1234//1789 1217//1789 1216//1789
f 1234//1790 1233//1790 1217//1790
f 1232//1791 1229//1791 1218//1791
f 1217//1792 1232//1792 1218//1792
f 1237//1793 1236//1793 1219//1793
f 1238//1794 1218//1794 1229//1794
f 1238//1795 1219//1795 1218//1795
f 1238//1796 1237//1796 1219//1796
f 1236//1797 1230//1797 1226//1797
f 1219//1798 1236//1798 1226//1798
f 1240//1799 1239//1799 1228//1799
f 1241//1800 1226//1800 1230//1800
f 1241//1801 1228//1801 1226//1801
f 1241//1802 1240//1802 1228//1802
f 1239//1803 1231//1803 1242//1803
f 1228//1804 1239//1804 1242//1804
f 1244//1805 1243//1805 1227//1805
f 1245//1806 1242//1806 1231//1806
f 1245//1807 1244//1807 1227//1807
f 1245//1808 1227//1808 1242//1808
f 1246//1809 1223//1809 1224//1809
f 1246//1810 1247//1810 1223//1810
f 1248//1811 1246//1811 1224//1811
f 1225//1812 1227//1812 1243//1812
f 1249//1813 1225//1813 1243//1813
f 1249//1814 1248//1814 1224//1814
f 1249//1815 1224//1815 1225//1815
f 1250//1816 1251//1816 1222//1816
f 1252//1817 1222//1817 1223//1817
f 1252//1818 1250//1818 1222//1818
f 1252//1819 1223//1819 1247//1819
f 1251//1820 1208//1820 1221//1820
f 1222//1821 1251//1821 1221//1821
f 1221//1822 1253//1822 1220//1822
f 1255//1823 1221//1823 1208//1823
f 1255//1824 1253//1824 1221//1824
f 1255//1825 1254//1825 1253//1825
f 1253//1826 1254//1826 1209//1826
f 1253//1827 1209//1827 1212//1827
f 1220//1828 1253//1828 1212//1828
f 1257//1829 1256//1829 1211//1829
f 1258//1830 1212//1830 1209//1830
f 1258//1831 1257//1831 1211//1831
f 1258//1832 1211//1832 1212//1832
f 1256//1833 1210//1833 1259//1833
f 1211//1834 1256//1834 1259//1834
f 1260//1835 1261//1835 1213//1835
f 1262//1836 1259//1836 1210//1836
f 1262//1837 1260//1837 1213//1837
f 1262//1838 1213//1838 1259//1838
f 1215//1839 1235//1839 1216//1839
f 1263//1840 1235//1840 1215//1840
f 1264//1841 1263//1841 1215//1841
f 1264//1842 1215//1842 1214//1842
f 1214//1843 1213//1843 1261//1843
f 1265//1844 1214//1844 1261//1844
f 1265//1845 1264//1845 1214//1845
f 541//1846 588//1846 589//1846
f 541//1847 589//1847 557//1847
f 1266//1848 541//1848 539//1848
f 1266//1849 588//1849 541//1849
f 539//449 543//449 590//449
f 1266//449 539//449 590//449
f 1266//54 587//54 588//54
f 1266//54 590//54 587//54
f 1267//576 1268//576 1269//576
f 1270//576 1271//576 1272//576
f 1270//576 1272//576 1273//576
f 1270//576 1273//576 1268//576
f 1270//576 1268//576 1267//576
f 1274//576 1275//576 1271//576
f 1274//576 1271//576 1270//576
f 1276//576 1277//576 1278//576
f 1276//576 1278//576 1275//576
f 1279//576 1274//576 1280//576
f 1281//576 1282//576 1283//576
f 1281//576 1283//576 1276//576
f 1284//576 1275//576 1274//576
f 1284//576 1274//576 1279//576
f 1285//576 1284//576 1286//576
f 1285//576 1287//576 1281//576
f 1285//576 1276//576 1275//576
f 1285//576 1275//576 1284//576
f 1285//576 1281//576 1276//576
f 1288//576 1285//576 1286//576
f 1289//576 1290//576 1285//576
f 1289//576 1285//576 1288//576
f 1291//1850 1292//1850 1293//1850
f 1291//1851 1293//1851 1294//1851
f 1295//1852 1296//1852 1292//1852
f 1295//1850 1292//1850 1291//1850
f 1297//1853 1294//1853 1298//1853
f 1297//1854 1291//1854 1294//1854
f 1295//1855 1299//1855 1296//1855
f 1297//1856 1298//1856 1300//1856
f 1301//1857 1302//1857 1299//1857
f 1301//1858 1299//1858 1295//1858
f 1303//1859 1302//1859 1301//1859
f 1304//1860 1297//1860 1300//1860
f 1305//1861 1304//1861 1300//1861
f 1306//1862 1303//1862 1301//1862
f 1307//1863 1304//1863 1305//1863
f 1308//1864 1306//1864 1301//1864
f 1309//1865 1304//1865 1307//1865
f 1310//1866 1306//1866 1308//1866
f 1311//54 1309//54 1307//54
f 1312//1867 1309//1867 1311//1867
f 1313//1868 1310//1868 1308//1868
f 1314//1869 1313//1869 1308//1869
f 1315//1870 1312//1870 1311//1870
f 1316//1871 1313//1871 1314//1871
f 1317//1872 1312//1872 1315//1872
f 1318//1873 1312//1873 1317//1873
f 1319//1874 1316//1874 1314//1874
f 1319//1875 1314//1875 1320//1875
f 1321//1876 1318//1876 1317//1876
f 1322//1877 1319//1877 1320//1877
f 1323//1878 1318//1878 1321//1878
f 1323//1879 1324//1879 1318//1879
f 1325//1880 1320//1880 1326//1880
f 1325//1881 1322//1881 1320//1881
f 1327//54 1324//54 1323//54
f 1327//1882 1328//1882 1324//1882
f 1329//1883 1325//1883 1326//1883
f 1329//1884 1326//1884 1330//1884
f 1331//1885 1328//1885 1327//1885
f 1332//1886 1329//1886 1330//1886
f 1333//1887 1328//1887 1331//1887
f 1333//1888 1334//1888 1328//1888
f 1335//1889 1330//1889 1336//1889
f 1335//1890 1332//1890 1330//1890
f 1337//1891 1336//1891 1334//1891
f 1337//54 1334//54 1333//54
f 1338//1892 1335//1892 1336//1892
f 1338//1893 1336//1893 1337//1893
f 1331//1894 1339//1894 1340//1894
f 1331//1894 1327//1894 1339//1894
f 1333//1895 1340//1895 1341//1895
f 1333//1895 1331//1895 1340//1895
f 1337//1896 1341//1896 1342//1896
f 1337//1897 1342//1897 1343//1897
f 1337//1896 1333//1896 1341//1896
f 1338//1897 1337//1897 1343//1897
f 1335//1898 1343//1898 1344//1898
f 1335//1898 1338//1898 1343//1898
f 1332//1899 1344//1899 1345//1899
f 1332//1899 1335//1899 1344//1899
f 1329//1900 1345//1900 1346//1900
f 1329//1901 1346//1901 1347//1901
f 1329//1900 1332//1900 1345//1900
f 1325//1901 1329//1901 1347//1901
f 1322//1902 1347//1902 1348//1902
f 1322//1902 1325//1902 1347//1902
f 1319//1903 1322//1903 1348//1903
f 1319//1903 1348//1903 1349//1903
f 1319//1904 1349//1904 1350//1904
f 1316//1904 1319//1904 1350//1904
f 1313//1905 1350//1905 1351//1905
f 1313//1906 1351//1906 1352//1906
f 1313//1905 1316//1905 1350//1905
f 1310//1906 1313//1906 1352//1906
f 1306//1907 1352//1907 1353//1907
f 1306//1907 1310//1907 1352//1907
f 1303//1908 1353//1908 1354//1908
f 1303//443 1354//443 1355//443
f 1303//1908 1306//1908 1353//1908
f 1302//443 1303//443 1355//443
f 1299//1909 1355//1909 1356//1909
f 1299//1909 1302//1909 1355//1909
f 1296//1910 1356//1910 1357//1910
f 1296//1910 1299//1910 1356//1910
f 1292//1911 1357//1911 1358//1911
f 1292//1911 1296//1911 1357//1911
f 1293//1912 1358//1912 1359//1912
f 1293//1912 1292//1912 1358//1912
f 1294//1913 1359//1913 1360//1913
f 1294//1914 1360//1914 1361//1914
f 1294//1913 1293//1913 1359//1913
f 1298//1914 1294//1914 1361//1914
f 1300//1915 1361//1915 1362//1915
f 1300//1915 1298//1915 1361//1915
f 1305//1916 1362//1916 1363//1916
f 1305//1916 1300//1916 1362//1916
f 1307//1917 1363//1917 1364//1917
f 1307//1918 1364//1918 1365//1918
f 1307//1917 1305//1917 1363//1917
f 1311//1918 1307//1918 1365//1918
f 1315//1919 1365//1919 1366//1919
f 1315//1919 1311//1919 1365//1919
f 1317//1920 1366//1920 1367//1920
f 1317//1920 1315//1920 1366//1920
f 1321//1921 1367//1921 1368//1921
f 1321//1921 1317//1921 1367//1921
f 1323//1922 1368//1922 1369//1922
f 1323//1922 1321//1922 1368//1922
f 1327//1923 1369//1923 1339//1923
f 1327//1923 1323//1923 1369//1923
f 1370//1924 1371//1924 1372//1924
f 1373//1925 1372//1925 1374//1925
f 1373//1924 1370//1924 1372//1924
f 1375//1926 1374//1926 1376//1926
f 1375//1925 1373//1925 1374//1925
f 1377//1927 1376//1927 1378//1927
f 1377//1926 1375//1926 1376//1926
f 1379//1928 1378//1928 1380//1928
f 1379//1927 1377//1927 1378//1927
f 1381//1929 1380//1929 1382//1929
f 1381//1928 1379//1928 1380//1928
f 1383//450 1382//450 1384//450
f 1383//1929 1381//1929 1382//1929
f 1385//1930 1384//1930 1386//1930
f 1385//450 1383//450 1384//450
f 1387//1931 1386//1931 1388//1931
f 1387//1930 1385//1930 1386//1930
f 1389//1932 1388//1932 1390//1932
f 1389//1931 1387//1931 1388//1931
f 1391//1932 1389//1932 1390//1932
f 1392//1933 1391//1933 1390//1933
f 1392//1933 1390//1933 1393//1933
f 1392//1934 1393//1934 1394//1934
f 1395//1934 1392//1934 1394//1934
f 1395//1935 1394//1935 1396//1935
f 1397//1935 1395//1935 1396//1935
f 1398//1936 1396//1936 1399//1936
f 1398//1936 1397//1936 1396//1936
f 1398//1937 1399//1937 1400//1937
f 1401//1938 1400//1938 1402//1938
f 1401//1937 1398//1937 1400//1937
f 1403//1938 1401//1938 1402//1938
f 1404//1939 1402//1939 1405//1939
f 1404//1939 1403//1939 1402//1939
f 1406//1940 1405//1940 1407//1940
f 1406//1941 1407//1941 1408//1941
f 1406//1940 1404//1940 1405//1940
f 1409//1941 1406//1941 1408//1941
f 1410//444 1408//444 1411//444
f 1410//444 1409//444 1408//444
f 1412//1942 1411//1942 1413//1942
f 1412//1943 1413//1943 1414//1943
f 1412//1942 1410//1942 1411//1942
f 1415//1943 1412//1943 1414//1943
f 1416//1944 1414//1944 1417//1944
f 1416//1944 1415//1944 1414//1944
f 1418//1945 1417//1945 1419//1945
f 1418//1945 1416//1945 1417//1945
f 1420//1946 1419//1946 1421//1946
f 1420//1946 1418//1946 1419//1946
f 1370//1947 1421//1947 1371//1947
f 1370//1947 1420//1947 1421//1947
f 1422//1948 1423//1948 1424//1948
f 1425//1949 1424//1949 1426//1949
f 1425//1950 1422//1950 1424//1950
f 1427//1951 1426//1951 1428//1951
f 1427//1951 1425//1951 1426//1951
f 1429//1952 1428//1952 1430//1952
f 1429//1952 1427//1952 1428//1952
f 1431//1953 1430//1953 1432//1953
f 1431//1953 1429//1953 1430//1953
f 1433//1954 1432//1954 1434//1954
f 1433//1954 1431//1954 1432//1954
f 1435//450 1434//450 1436//450
f 1435//450 1433//450 1434//450
f 1437//1955 1436//1955 1438//1955
f 1437//1955 1435//1955 1436//1955
f 1439//1956 1438//1956 1440//1956
f 1439//1956 1437//1956 1438//1956
f 1441//1957 1440//1957 1442//1957
f 1441//1957 1439//1957 1440//1957
f 1443//1958 1441//1958 1442//1958
f 1443//1958 1442//1958 1444//1958
f 1445//1959 1443//1959 1444//1959
f 1445//1959 1444//1959 1446//1959
f 1447//1960 1445//1960 1446//1960
f 1447//1960 1446//1960 1448//1960
f 1449//1961 1448//1961 1450//1961
f 1449//1961 1447//1961 1448//1961
f 1451//1962 1449//1962 1450//1962
f 1451//1962 1450//1962 1452//1962
f 1453//1963 1452//1963 1454//1963
f 1453//1963 1451//1963 1452//1963
f 1455//1964 1454//1964 1456//1964
f 1455//1965 1453//1965 1454//1965
f 1457//1966 1456//1966 1458//1966
f 1457//1967 1455//1967 1456//1967
f 1459//1968 1457//1968 1458//1968
f 1459//1969 1458//1969 1460//1969
f 1461//1970 1460//1970 1462//1970
f 1461//1971 1459//1971 1460//1971
f 1463//1972 1462//1972 1464//1972
f 1463//1973 1461//1973 1462//1973
f 1465//1974 1463//1974 1464//1974
f 1465//1975 1464//1975 1466//1975
f 1467//1976 1466//1976 1423//1976
f 1467//1977 1465//1977 1466//1977
f 1422//1978 1467//1978 1423//1978
f 1441//576 1468//576 1469//576
f 1439//576 1469//576 1470//576
f 1439//576 1441//576 1469//576
f 1443//576 1471//576 1468//576
f 1443//576 1468//576 1441//576
f 1437//576 1470//576 1472//576
f 1437//576 1439//576 1470//576
f 1445//576 1473//576 1471//576
f 1445//576 1471//576 1443//576
f 1435//576 1472//576 1474//576
f 1435//576 1437//576 1472//576
f 1447//576 1475//576 1473//576
f 1447//576 1473//576 1445//576
f 1476//576 1475//576 1447//576
f 1433//576 1474//576 1477//576
f 1433//576 1435//576 1474//576
f 1449//576 1476//576 1447//576
f 1431//576 1433//576 1477//576
f 1478//576 1431//576 1477//576
f 1479//576 1476//576 1449//576
f 1451//576 1479//576 1449//576
f 1429//576 1431//576 1478//576
f 1480//576 1429//576 1478//576
f 1481//576 1479//576 1451//576
f 1453//576 1481//576 1451//576
f 1427//576 1429//576 1480//576
f 1482//576 1427//576 1480//576
f 1483//576 1481//576 1453//576
f 1455//576 1483//576 1453//576
f 1425//576 1427//576 1482//576
f 1484//576 1425//576 1482//576
f 1485//576 1483//576 1455//576
f 1457//576 1485//576 1455//576
f 1422//576 1425//576 1484//576
f 1486//576 1457//576 1459//576
f 1486//576 1485//576 1457//576
f 1487//576 1422//576 1484//576
f 1488//576 1422//576 1487//576
f 1489//576 1486//576 1459//576
f 1490//576 1422//576 1488//576
f 1490//576 1467//576 1422//576
f 1491//576 1489//576 1459//576
f 1491//576 1459//576 1461//576
f 1492//576 1461//576 1463//576
f 1492//576 1491//576 1461//576
f 1493//576 1465//576 1467//576
f 1493//576 1467//576 1490//576
f 1494//576 1465//576 1493//576
f 1495//576 1492//576 1463//576
f 1495//576 1465//576 1494//576
f 1495//576 1463//576 1465//576
f 1454//54 1401//54 1403//54
f 1456//54 1403//54 1404//54
f 1456//54 1454//54 1403//54
f 1452//54 1401//54 1454//54
f 1456//54 1404//54 1406//54
f 1398//54 1401//54 1452//54
f 1450//54 1398//54 1452//54
f 1458//54 1406//54 1409//54
f 1458//54 1456//54 1406//54
f 1397//54 1398//54 1450//54
f 1448//54 1397//54 1450//54
f 1460//54 1409//54 1410//54
f 1460//54 1458//54 1409//54
f 1395//54 1397//54 1448//54
f 1446//54 1395//54 1448//54
f 1462//54 1410//54 1412//54
f 1462//54 1460//54 1410//54
f 1392//54 1395//54 1446//54
f 1444//54 1392//54 1446//54
f 1462//54 1412//54 1415//54
f 1391//54 1392//54 1444//54
f 1442//54 1391//54 1444//54
f 1464//54 1462//54 1415//54
f 1416//54 1464//54 1415//54
f 1389//54 1391//54 1442//54
f 1389//54 1442//54 1440//54
f 1466//54 1464//54 1416//54
f 1418//54 1466//54 1416//54
f 1387//54 1389//54 1440//54
f 1387//54 1440//54 1438//54
f 1420//54 1466//54 1418//54
f 1385//54 1387//54 1438//54
f 1385//54 1438//54 1436//54
f 1423//54 1466//54 1420//54
f 1370//54 1423//54 1420//54
f 1383//54 1385//54 1436//54
f 1383//54 1436//54 1434//54
f 1424//54 1423//54 1370//54
f 1373//54 1424//54 1370//54
f 1426//54 1424//54 1373//54
f 1381//54 1383//54 1434//54
f 1381//54 1434//54 1432//54
f 1375//54 1426//54 1373//54
f 1379//54 1432//54 1430//54
f 1379//54 1381//54 1432//54
f 1377//54 1428//54 1426//54
f 1377//54 1426//54 1375//54
f 1377//54 1430//54 1428//54
f 1377//54 1379//54 1430//54
f 1496//1979 1489//1979 1491//1979
f 1496//1979 1497//1979 1489//1979
f 1498//1980 1491//1980 1492//1980
f 1498//1980 1496//1980 1491//1980
f 1499//1981 1492//1981 1495//1981
f 1499//1981 1498//1981 1492//1981
f 1500//1982 1495//1982 1494//1982
f 1500//1982 1499//1982 1495//1982
f 1501//1983 1493//1983 1490//1983
f 1501//1984 1494//1984 1493//1984
f 1501//1984 1500//1984 1494//1984
f 1502//1983 1501//1983 1490//1983
f 1503//1985 1490//1985 1488//1985
f 1503//1985 1502//1985 1490//1985
f 1504//1986 1487//1986 1484//1986
f 1504//1987 1488//1987 1487//1987
f 1504//1987 1503//1987 1488//1987
f 1505//1986 1504//1986 1484//1986
f 1506//1988 1505//1988 1484//1988
f 1506//1988 1484//1988 1482//1988
f 1507//1989 1506//1989 1482//1989
f 1507//1989 1482//1989 1480//1989
f 1508//1990 1507//1990 1480//1990
f 1508//1990 1480//1990 1478//1990
f 1509//1991 1508//1991 1478//1991
f 1509//1991 1478//1991 1477//1991
f 1510//1992 1474//1992 1472//1992
f 1510//1993 1477//1993 1474//1993
f 1510//1993 1509//1993 1477//1993
f 1511//1992 1510//1992 1472//1992
f 1512//1994 1470//1994 1469//1994
f 1512//1995 1472//1995 1470//1995
f 1512//1995 1511//1995 1472//1995
f 1513//1994 1512//1994 1469//1994
f 1514//1996 1469//1996 1468//1996
f 1514//1996 1513//1996 1469//1996
f 1515//1997 1468//1997 1471//1997
f 1515//1997 1514//1997 1468//1997
f 1516//1998 1473//1998 1475//1998
f 1516//1999 1471//1999 1473//1999
f 1516//1999 1515//1999 1471//1999
f 1517//2000 1475//2000 1476//2000
f 1517//1998 1516//1998 1475//1998
f 1518//2000 1517//2000 1476//2000
f 1519//2001 1479//2001 1481//2001
f 1519//2002 1476//2002 1479//2002
f 1519//2002 1518//2002 1476//2002
f 1520//2001 1519//2001 1481//2001
f 1521//2003 1481//2003 1483//2003
f 1521//2003 1520//2003 1481//2003
f 1522//2004 1485//2004 1486//2004
f 1522//2005 1483//2005 1485//2005
f 1522//2005 1521//2005 1483//2005
f 1523//2004 1522//2004 1486//2004
f 1497//2006 1486//2006 1489//2006
f 1497//2006 1523//2006 1486//2006
f 1524//576 1351//576 1350//576
f 1525//576 1352//576 1351//576
f 1525//576 1351//576 1524//576
f 1526//576 1350//576 1349//576
f 1526//576 1524//576 1350//576
f 1527//576 1353//576 1352//576
f 1527//576 1352//576 1525//576
f 1528//576 1349//576 1348//576
f 1528//576 1526//576 1349//576
f 1529//576 1354//576 1353//576
f 1529//576 1353//576 1527//576
f 1530//576 1348//576 1347//576
f 1530//576 1528//576 1348//576
f 1531//576 1355//576 1354//576
f 1531//576 1354//576 1529//576
f 1532//576 1347//576 1346//576
f 1532//576 1530//576 1347//576
f 1533//576 1356//576 1355//576
f 1533//576 1355//576 1531//576
f 1534//576 1346//576 1345//576
f 1534//576 1532//576 1346//576
f 1535//576 1356//576 1533//576
f 1535//576 1357//576 1356//576
f 1536//576 1534//576 1345//576
f 1536//576 1345//576 1344//576
f 1537//576 1357//576 1535//576
f 1537//576 1358//576 1357//576
f 1538//576 1344//576 1343//576
f 1538//576 1536//576 1344//576
f 1359//576 1537//576 1539//576
f 1359//576 1358//576 1537//576
f 1342//576 1538//576 1343//576
f 1342//576 1540//576 1538//576
f 1360//576 1359//576 1539//576
f 1360//576 1539//576 1541//576
f 1341//576 1540//576 1342//576
f 1341//576 1542//576 1540//576
f 1361//576 1360//576 1541//576
f 1361//576 1541//576 1543//576
f 1340//576 1544//576 1542//576
f 1340//576 1542//576 1341//576
f 1362//576 1361//576 1543//576
f 1362//576 1543//576 1545//576
f 1339//576 1546//576 1544//576
f 1339//576 1544//576 1340//576
f 1363//576 1545//576 1547//576
f 1363//576 1362//576 1545//576
f 1369//583 1548//583 1546//583
f 1369//576 1546//576 1339//576
f 1364//576 1547//576 1549//576
f 1364//576 1363//576 1547//576
f 1368//1497 1548//1497 1369//1497
f 1365//666 1549//666 1550//666
f 1365//576 1364//576 1549//576
f 1367//1531 1550//1531 1548//1531
f 1367//2007 1548//2007 1368//2007
f 1366//562 1550//562 1367//562
f 1366//562 1365//562 1550//562
f 1514//576 1551//576 1552//576
f 1513//576 1552//576 1553//576
f 1513//576 1514//576 1552//576
f 1515//576 1554//576 1551//576
f 1515//576 1551//576 1514//576
f 1512//576 1553//576 1555//576
f 1512//576 1513//576 1553//576
f 1516//576 1556//576 1554//576
f 1516//576 1554//576 1515//576
f 1511//576 1555//576 1557//576
f 1511//576 1512//576 1555//576
f 1517//576 1558//576 1556//576
f 1517//576 1556//576 1516//576
f 1510//576 1557//576 1559//576
f 1510//576 1511//576 1557//576
f 1518//576 1560//576 1558//576
f 1518//576 1558//576 1517//576
f 1509//576 1559//576 1561//576
f 1509//576 1510//576 1559//576
f 1519//576 1560//576 1518//576
f 1508//576 1509//576 1561//576
f 1562//576 1560//576 1519//576
f 1563//576 1508//576 1561//576
f 1520//576 1562//576 1519//576
f 1507//576 1508//576 1563//576
f 1564//576 1562//576 1520//576
f 1565//576 1507//576 1563//576
f 1521//576 1564//576 1520//576
f 1506//576 1507//576 1565//576
f 1566//576 1564//576 1521//576
f 1522//576 1566//576 1521//576
f 1505//576 1506//576 1565//576
f 1567//576 1566//576 1522//576
f 1568//1295 1505//1295 1565//1295
f 1523//576 1567//576 1522//576
f 1504//1295 1505//1295 1568//1295
f 1569//576 1567//576 1523//576
f 1497//576 1569//576 1523//576
f 1503//1496 1504//1496 1568//1496
f 1570//2008 1569//2008 1497//2008
f 1571//2009 1503//2009 1568//2009
f 1570//2010 1497//2010 1496//2010
f 1571//2011 1502//2011 1503//2011
f 1572//2012 1501//2012 1502//2012
f 1572//2013 1502//2013 1571//2013
f 1573//576 1496//576 1498//576
f 1573//2014 1570//2014 1496//2014
f 1572//2015 1500//2015 1501//2015
f 1574//576 1498//576 1499//576
f 1574//576 1573//576 1498//576
f 1574//576 1499//576 1500//576
f 1574//1580 1500//1580 1572//1580
f 1570//2016 1547//2016 1545//2016
f 1573//2017 1549//2017 1547//2017
f 1573//2018 1547//2018 1570//2018
f 1574//2019 1550//2019 1549//2019
f 1574//2020 1549//2020 1573//2020
f 1572//2021 1548//2021 1550//2021
f 1572//2022 1550//2022 1574//2022
f 1571//2023 1546//2023 1548//2023
f 1571//2024 1548//2024 1572//2024
f 1571//2025 1544//2025 1546//2025
f 1568//2026 1542//2026 1544//2026
f 1568//2027 1544//2027 1571//2027
f 1568//2028 1540//2028 1542//2028
f 1565//2029 1540//2029 1568//2029
f 1565//2030 1538//2030 1540//2030
f 1565//2031 1536//2031 1538//2031
f 1563//2032 1536//2032 1565//2032
f 1563//2033 1534//2033 1536//2033
f 1561//2034 1534//2034 1563//2034
f 1561//2035 1532//2035 1534//2035
f 1559//2036 1532//2036 1561//2036
f 1559//2037 1530//2037 1532//2037
f 1557//2038 1528//2038 1530//2038
f 1557//2039 1530//2039 1559//2039
f 1555//2040 1526//2040 1528//2040
f 1555//2041 1528//2041 1557//2041
f 1553//2042 1524//2042 1526//2042
f 1553//2043 1526//2043 1555//2043
f 1552//2044 1525//2044 1524//2044
f 1552//2045 1524//2045 1553//2045
f 1551//2046 1527//2046 1525//2046
f 1551//2047 1525//2047 1552//2047
f 1554//2048 1529//2048 1527//2048
f 1554//2049 1527//2049 1551//2049
f 1556//2050 1531//2050 1529//2050
f 1556//2051 1529//2051 1554//2051
f 1558//2052 1533//2052 1531//2052
f 1558//2053 1531//2053 1556//2053
f 1560//2054 1535//2054 1533//2054
f 1560//2055 1533//2055 1558//2055
f 1562//2056 1537//2056 1535//2056
f 1562//2057 1535//2057 1560//2057
f 1564//2058 1539//2058 1537//2058
f 1564//2059 1537//2059 1562//2059
f 1566//2060 1541//2060 1539//2060
f 1566//2061 1539//2061 1564//2061
f 1567//2062 1543//2062 1541//2062
f 1567//2063 1541//2063 1566//2063
f 1569//2064 1545//2064 1543//2064
f 1569//2065 1543//2065 1567//2065
f 1570//2066 1545//2066 1569//2066
f 1575//2067 1275//2067 1278//2067
f 1576//2068 1278//2068 1277//2068
f 1576//2069 1575//2069 1278//2069
f 1577//2070 1277//2070 1276//2070
f 1577//2070 1576//2070 1277//2070
f 1578//2071 1276//2071 1283//2071
f 1578//2071 1577//2071 1276//2071
f 1579//2072 1283//2072 1282//2072
f 1579//2072 1578//2072 1283//2072
f 1580//2073 1282//2073 1281//2073
f 1580//2073 1579//2073 1282//2073
f 1581//449 1281//449 1287//449
f 1581//449 1580//449 1281//449
f 1582//2074 1287//2074 1285//2074
f 1582//2074 1581//2074 1287//2074
f 1583//2075 1285//2075 1290//2075
f 1583//2075 1582//2075 1285//2075
f 1584//2076 1290//2076 1289//2076
f 1584//2076 1583//2076 1290//2076
f 1585//2077 1584//2077 1289//2077
f 1585//2077 1289//2077 1288//2077
f 1586//2078 1585//2078 1288//2078
f 1586//2078 1288//2078 1286//2078
f 1587//2079 1586//2079 1286//2079
f 1587//2079 1286//2079 1284//2079
f 1588//2080 1284//2080 1279//2080
f 1588//2080 1587//2080 1284//2080
f 1589//2081 1279//2081 1280//2081
f 1589//2081 1588//2081 1279//2081
f 1590//2082 1280//2082 1274//2082
f 1590//2083 1589//2083 1280//2083
f 1591//2084 1274//2084 1270//2084
f 1591//2085 1590//2085 1274//2085
f 1592//2086 1591//2086 1270//2086
f 1593//443 1267//443 1269//443
f 1593//2087 1270//2087 1267//2087
f 1593//2087 1592//2087 1270//2087
f 1594//2088 1593//2088 1269//2088
f 1594//2089 1269//2089 1268//2089
f 1595//2090 1268//2090 1273//2090
f 1595//2091 1594//2091 1268//2091
f 1596//2092 1273//2092 1272//2092
f 1596//2092 1595//2092 1273//2092
f 1597//2093 1272//2093 1271//2093
f 1597//2094 1596//2094 1272//2094
f 1598//2095 1271//2095 1275//2095
f 1598//2096 1597//2096 1271//2096
f 1575//2097 1598//2097 1275//2097
f 1590//576 1390//576 1388//576
f 1591//576 1393//576 1390//576
f 1591//576 1390//576 1590//576
f 1589//576 1388//576 1386//576
f 1589//576 1590//576 1388//576
f 1592//576 1393//576 1591//576
f 1394//576 1393//576 1592//576
f 1588//576 1589//576 1386//576
f 1384//576 1588//576 1386//576
f 1593//576 1394//576 1592//576
f 1396//576 1394//576 1593//576
f 1587//576 1588//576 1384//576
f 1382//576 1587//576 1384//576
f 1594//576 1396//576 1593//576
f 1399//576 1396//576 1594//576
f 1586//576 1587//576 1382//576
f 1380//576 1586//576 1382//576
f 1400//576 1399//576 1594//576
f 1585//576 1586//576 1380//576
f 1378//576 1585//576 1380//576
f 1595//576 1400//576 1594//576
f 1402//576 1400//576 1595//576
f 1584//576 1585//576 1378//576
f 1596//576 1402//576 1595//576
f 1376//576 1584//576 1378//576
f 1583//576 1584//576 1376//576
f 1405//576 1402//576 1596//576
f 1597//576 1405//576 1596//576
f 1374//576 1583//576 1376//576
f 1582//576 1583//576 1374//576
f 1407//576 1405//576 1597//576
f 1598//576 1407//576 1597//576
f 1372//576 1582//576 1374//576
f 1581//576 1582//576 1372//576
f 1408//576 1407//576 1598//576
f 1575//576 1408//576 1598//576
f 1371//576 1581//576 1372//576
f 1580//576 1581//576 1371//576
f 1411//576 1408//576 1575//576
f 1421//576 1580//576 1371//576
f 1579//576 1580//576 1421//576
f 1413//576 1575//576 1576//576
f 1413//576 1411//576 1575//576
f 1419//576 1578//576 1579//576
f 1419//576 1579//576 1421//576
f 1414//576 1576//576 1577//576
f 1414//576 1413//576 1576//576
f 1417//576 1577//576 1578//576
f 1417//576 1578//576 1419//576
f 1417//576 1414//576 1577//576
f 1606//2098 1324//2098 1328//2098
f 1607//2099 1328//2099 1334//2099
f 1609//2100 1680//2100 1610//2100
f 1609//2101 1610//2101 1611//2101
f 1609//2102 1611//2102 1612//2102
f 1611//2103 1610//2103 1613//2103
f 1614//2104 1613//2104 1615//2104
f 1614//2105 1616//2105 1611//2105
f 1614//2106 1611//2106 1613//2106
f 1611//2107 1617//2107 1612//2107
f 1618//2108 1615//2108 1619//2108
f 1618//2109 1616//2109 1614//2109
f 1618//2110 1614//2110 1615//2110
f 1617//2111 1611//2111 1616//2111
f 1621//2112 1622//2112 1612//2112
f 1621//2113 1612//2113 1617//2113
f 1623//2114 1618//2114 1619//2114
f 1616//2115 1620//2115 1617//2115
f 1623//2116 1619//2116 1326//2116
f 1623//2117 1624//2117 1618//2117
f 1616//2118 1599//2118 1620//2118
f 1623//2119 1326//2119 1320//2119
f 1623//2120 1320//2120 1624//2120
f 1621//2121 1617//2121 1620//2121
f 1621//2122 1625//2122 1622//2122
f 1626//2123 1616//2123 1618//2123
f 1626//2124 1599//2124 1616//2124
f 1626//2125 1618//2125 1624//2125
f 1620//2126 1625//2126 1621//2126
f 1622//2127 1627//2127 1612//2127
f 1620//2128 1600//2128 1625//2128
f 1626//2129 1320//2129 1314//2129
f 1626//2130 1314//2130 1599//2130
f 1626//2131 1624//2131 1320//2131
f 1622//2132 1628//2132 1627//2132
f 1629//2133 1600//2133 1620//2133
f 1629//2134 1620//2134 1599//2134
f 1625//2135 1628//2135 1622//2135
f 1631//2136 1629//2136 1599//2136
f 1631//2137 1600//2137 1629//2137
f 1625//2138 1601//2138 1628//2138
f 1631//2139 1314//2139 1308//2139
f 1631//2140 1599//2140 1314//2140
f 1631//2141 1308//2141 1600//2141
f 1633//2142 1601//2142 1625//2142
f 1633//2143 1625//2143 1600//2143
f 1630//2144 1637//2144 1634//2144
f 1628//2145 1632//2145 1627//2145
f 1628//2146 1602//2146 1632//2146
f 1633//2147 1600//2147 1308//2147
f 1633//2148 1308//2148 1301//2148
f 1633//2149 1301//2149 1601//2149
f 1630//2150 1627//2150 1632//2150
f 1630//2151 1635//2151 1637//2151
f 1636//2152 1628//2152 1601//2152
f 1636//2153 1602//2153 1628//2153
f 1632//2154 1635//2154 1630//2154
f 1632//2155 1603//2155 1635//2155
f 1636//2156 1601//2156 1301//2156
f 1635//2157 1638//2157 1637//2157
f 1639//2158 1632//2158 1602//2158
f 1639//2159 1603//2159 1632//2159
f 1636//2160 1301//2160 1295//2160
f 1636//2161 1295//2161 1602//2161
f 1640//2162 1634//2162 1637//2162
f 1642//2163 1603//2163 1639//2163
f 1635//2164 1643//2164 1638//2164
f 1642//2165 1602//2165 1295//2165
f 1642//2166 1639//2166 1602//2166
f 1638//2167 1644//2167 1640//2167
f 1638//2168 1640//2168 1637//2168
f 1645//2169 1643//2169 1635//2169
f 1645//2170 1635//2170 1603//2170
f 1642//2171 1295//2171 1291//2171
f 1642//2172 1291//2172 1603//2172
f 1641//2173 1646//2173 1647//2173
f 1646//2174 1641//2174 1640//2174
f 1645//2175 1291//2175 1297//2175
f 1645//2176 1297//2176 1643//2176
f 1645//2177 1603//2177 1291//2177
f 1646//2178 1640//2178 1644//2178
f 1649//2179 1644//2179 1638//2179
f 1649//2180 1638//2180 1643//2180
f 1646//2181 1650//2181 1647//2181
f 1649//2182 1651//2182 1644//2182
f 1648//2183 1646//2183 1644//2183
f 1649//2184 1297//2184 1304//2184
f 1649//2185 1304//2185 1651//2185
f 1649//2186 1643//2186 1297//2186
f 1653//2187 1650//2187 1646//2187
f 1653//2188 1646//2188 1648//2188
f 1653//2189 1654//2189 1650//2189
f 1655//2190 1648//2190 1644//2190
f 1655//2191 1652//2191 1648//2191
f 1650//2192 1656//2192 1659//2192
f 1655//2193 1644//2193 1651//2193
f 1653//2194 1604//2194 1654//2194
f 1653//2195 1648//2195 1652//2195
f 1655//2196 1651//2196 1304//2196
f 1655//2197 1304//2197 1309//2197
f 1655//2198 1309//2198 1652//2198
f 1650//2199 1657//2199 1656//2199
f 1658//2200 1604//2200 1653//2200
f 1658//2201 1653//2201 1652//2201
f 1654//2202 1657//2202 1650//2202
f 1654//2203 1605//2203 1657//2203
f 1658//2204 1309//2204 1312//2204
f 1658//2205 1652//2205 1309//2205
f 1658//2206 1312//2206 1604//2206
f 1662//2207 1605//2207 1654//2207
f 1662//2208 1654//2208 1604//2208
f 1657//2209 1661//2209 1656//2209
f 1663//2210 1660//2210 1656//2210
f 1664//2211 1662//2211 1604//2211
f 1657//2212 1606//2212 1661//2212
f 1664//2213 1312//2213 1318//2213
f 1664//2214 1604//2214 1312//2214
f 1664//2215 1605//2215 1662//2215
f 1664//2216 1318//2216 1605//2216
f 1663//2217 1656//2217 1661//2217
f 1666//2218 1657//2218 1605//2218
f 1666//2219 1606//2219 1657//2219
f 1610//2220 1659//2220 1660//2220
f 1610//2221 1660//2221 1667//2221
f 1661//2222 1665//2222 1663//2222
f 1668//2223 1660//2223 1663//2223
f 1669//2224 1666//2224 1605//2224
f 1669//2225 1606//2225 1666//2225
f 1669//2226 1318//2226 1324//2226
f 1669//2227 1605//2227 1318//2227
f 1669//2228 1324//2228 1606//2228
f 1668//2229 1663//2229 1665//2229
f 1671//2230 1661//2230 1606//2230
f 1671//2231 1665//2231 1661//2231
f 1667//2232 1660//2232 1668//2232
f 1671//2233 1607//2233 1665//2233
f 1670//2234 1668//2234 1665//2234
f 1671//2235 1606//2235 1328//2235
f 1667//2236 1668//2236 1670//2236
f 1673//2237 1608//2237 1670//2237
f 1673//2238 1670//2238 1665//2238
f 1671//2239 1328//2239 1607//2239
f 1673//2240 1665//2240 1607//2240
f 1613//2241 1610//2241 1667//2241
f 1674//2242 1667//2242 1670//2242
f 1674//2243 1672//2243 1667//2243
f 1675//2244 1673//2244 1607//2244
f 1675//2245 1608//2245 1673//2245
f 1674//2246 1670//2246 1608//2246
f 1674//2247 1676//2247 1672//2247
f 1675//2248 1607//2248 1334//2248
f 1677//2249 1676//2249 1674//2249
f 1677//2250 1674//2250 1608//2250
f 1672//2251 1615//2251 1613//2251
f 1672//2252 1613//2252 1667//2252
f 1675//2253 1334//2253 1336//2253
f 1675//2254 1336//2254 1608//2254
f 1677//2255 1336//2255 1330//2255
f 1677//2256 1330//2256 1676//2256
f 1677//2257 1608//2257 1336//2257
f 1615//2258 1672//2258 1676//2258
f 1678//2259 1615//2259 1676//2259
f 1678//2260 1619//2260 1615//2260
f 1678//2261 1326//2261 1619//2261
f 1678//2262 1676//2262 1330//2262
f 1678//2263 1330//2263 1326//2263
f 1679//2264 1612//2264 1627//2264
f 1679//2265 1609//2265 1612//2265
f 1679//2266 1627//2266 1630//2266
f 1679//2267 1630//2267 1634//2267
f 1659//2268 1647//2268 1650//2268
f 1659//2269 1656//2269 1660//2269
f 1680//2270 1659//2270 1610//2270
f 1680//2271 1679//2271 1634//2271
f 1641//2272 1680//2272 1634//2272
f 1641//2273 1634//2273 1640//2273
f 1647//2274 1680//2274 1641//2274
f 1680//2275 1647//2275 1659//2275
f 1680//2276 1609//2276 1679//2276
f 1681//576 1682//576 1683//576
f 1684//576 1685//576 1686//576
f 1684//576 1686//576 1687//576
f 1684//576 1687//576 1682//576
f 1684//576 1682//576 1681//576
f 1688//576 1689//576 1685//576
f 1688//576 1685//576 1684//576
f 1690//576 1691//576 1692//576
f 1690//576 1692//576 1689//576
f 1693//576 1688//576 1694//576
f 1695//576 1696//576 1697//576
f 1695//576 1697//576 1690//576
f 1698//576 1689//576 1688//576
f 1698//576 1688//576 1693//576
f 1699//576 1698//576 1700//576
f 1699//576 1701//576 1695//576
f 1699//576 1690//576 1689//576
f 1699//576 1689//576 1698//576
f 1699//576 1695//576 1690//576
f 1702//576 1699//576 1700//576
f 1703//576 1704//576 1699//576
f 1703//576 1699//576 1702//576
f 1705//2277 1706//2277 1707//2277
f 1705//2278 1707//2278 1708//2278
f 1709//2279 1710//2279 1706//2279
f 1709//2280 1706//2280 1705//2280
f 1711//54 1708//54 1712//54
f 1711//2281 1705//2281 1708//2281
f 1709//2282 1713//2282 1710//2282
f 1714//2283 1712//2283 1715//2283
f 1714//2284 1711//2284 1712//2284
f 1716//2285 1717//2285 1713//2285
f 1716//2286 1713//2286 1709//2286
f 1718//2287 1717//2287 1716//2287
f 1719//2288 1714//2288 1715//2288
f 1720//2289 1714//2289 1719//2289
f 1721//2290 1718//2290 1716//2290
f 1722//2291 1720//2291 1719//2291
f 1723//2292 1721//2292 1716//2292
f 1724//2293 1721//2293 1723//2293
f 1725//2294 1720//2294 1722//2294
f 1726//2295 1720//2295 1725//2295
f 1727//2296 1724//2296 1723//2296
f 1728//2297 1727//2297 1723//2297
f 1729//2298 1726//2298 1725//2298
f 1730//2299 1727//2299 1728//2299
f 1731//1872 1726//1872 1729//1872
f 1732//2300 1726//2300 1731//2300
f 1733//2301 1730//2301 1728//2301
f 1733//2302 1728//2302 1734//2302
f 1735//2303 1732//2303 1731//2303
f 1736//2304 1733//2304 1734//2304
f 1737//2305 1732//2305 1735//2305
f 1737//2306 1738//2306 1732//2306
f 1739//1880 1734//1880 1740//1880
f 1739//1881 1736//1881 1734//1881
f 1741//54 1738//54 1737//54
f 1741//2307 1742//2307 1738//2307
f 1743//1883 1739//1883 1740//1883
f 1743//2308 1740//2308 1744//2308
f 1745//2309 1742//2309 1741//2309
f 1746//1886 1743//1886 1744//1886
f 1747//2310 1742//2310 1745//2310
f 1747//2311 1748//2311 1742//2311
f 1749//1889 1744//1889 1750//1889
f 1749//2312 1746//2312 1744//2312
f 1751//1891 1750//1891 1748//1891
f 1751//54 1748//54 1747//54
f 1752//2313 1749//2313 1750//2313
f 1752//1893 1750//1893 1751//1893
f 1745//1894 1753//1894 1754//1894
f 1745//1894 1741//1894 1753//1894
f 1747//2314 1754//2314 1755//2314
f 1747//2314 1745//2314 1754//2314
f 1751//2315 1755//2315 1756//2315
f 1751//1897 1756//1897 1757//1897
f 1751//2315 1747//2315 1755//2315
f 1752//1897 1751//1897 1757//1897
f 1749//2316 1757//2316 1758//2316
f 1749//2316 1752//2316 1757//2316
f 1746//2317 1758//2317 1759//2317
f 1746//2317 1749//2317 1758//2317
f 1743//2318 1759//2318 1760//2318
f 1743//1901 1760//1901 1761//1901
f 1743//2318 1746//2318 1759//2318
f 1739//1901 1743//1901 1761//1901
f 1736//1902 1761//1902 1762//1902
f 1736//1902 1739//1902 1761//1902
f 1733//1903 1736//1903 1762//1903
f 1733//1903 1762//1903 1763//1903
f 1733//1904 1763//1904 1764//1904
f 1730//1904 1733//1904 1764//1904
f 1727//2319 1764//2319 1765//2319
f 1727//2320 1765//2320 1766//2320
f 1727//2319 1730//2319 1764//2319
f 1724//2320 1727//2320 1766//2320
f 1721//2321 1766//2321 1767//2321
f 1721//2321 1724//2321 1766//2321
f 1718//2322 1767//2322 1768//2322
f 1718//443 1768//443 1769//443
f 1718//2322 1721//2322 1767//2322
f 1717//443 1718//443 1769//443
f 1713//2323 1769//2323 1770//2323
f 1713//2323 1717//2323 1769//2323
f 1710//2324 1770//2324 1771//2324
f 1710//2324 1713//2324 1770//2324
f 1706//2325 1771//2325 1772//2325
f 1706//2325 1710//2325 1771//2325
f 1707//2326 1772//2326 1773//2326
f 1707//2326 1706//2326 1772//2326
f 1708//1913 1773//1913 1774//1913
f 1708//1914 1774//1914 1775//1914
f 1708//1913 1707//1913 1773//1913
f 1712//1914 1708//1914 1775//1914
f 1715//1915 1775//1915 1776//1915
f 1715//1915 1712//1915 1775//1915
f 1719//1916 1776//1916 1777//1916
f 1719//1916 1715//1916 1776//1916
f 1722//2327 1777//2327 1778//2327
f 1722//2328 1778//2328 1779//2328
f 1722//2327 1719//2327 1777//2327
f 1725//2328 1722//2328 1779//2328
f 1729//2329 1779//2329 1780//2329
f 1729//2329 1725//2329 1779//2329
f 1731//1920 1780//1920 1781//1920
f 1731//1920 1729//1920 1780//1920
f 1735//2330 1781//2330 1782//2330
f 1735//2330 1731//2330 1781//2330
f 1737//2331 1782//2331 1783//2331
f 1737//2331 1735//2331 1782//2331
f 1741//1923 1783//1923 1753//1923
f 1741//1923 1737//1923 1783//1923
f 1784//2332 1785//2332 1786//2332
f 1787//2333 1786//2333 1788//2333
f 1787//2332 1784//2332 1786//2332
f 1789//1926 1788//1926 1790//1926
f 1789//2333 1787//2333 1788//2333
f 1791//1927 1790//1927 1792//1927
f 1791//1926 1789//1926 1790//1926
f 1793//2334 1792//2334 1794//2334
f 1793//1927 1791//1927 1792//1927
f 1795//2335 1794//2335 1796//2335
f 1795//2334 1793//2334 1794//2334
f 1797//450 1796//450 1798//450
f 1797//2335 1795//2335 1796//2335
f 1799//1930 1798//1930 1800//1930
f 1799//450 1797//450 1798//450
f 1801//1931 1800//1931 1802//1931
f 1801//1930 1799//1930 1800//1930
f 1803//1932 1802//1932 1804//1932
f 1803//1931 1801//1931 1802//1931
f 1805//1932 1803//1932 1804//1932
f 1806//2336 1805//2336 1804//2336
f 1806//2336 1804//2336 1807//2336
f 1806//2337 1807//2337 1808//2337
f 1809//2337 1806//2337 1808//2337
f 1809//1935 1808//1935 1810//1935
f 1811//1935 1809//1935 1810//1935
f 1812//1936 1810//1936 1813//1936
f 1812//1936 1811//1936 1810//1936
f 1812//1962 1813//1962 1814//1962
f 1815//2338 1814//2338 1816//2338
f 1815//1962 1812//1962 1814//1962
f 1817//2338 1815//2338 1816//2338
f 1818//1939 1816//1939 1819//1939
f 1818//1939 1817//1939 1816//1939
f 1820//1940 1819//1940 1821//1940
f 1820//1941 1821//1941 1822//1941
f 1820//1940 1818//1940 1819//1940
f 1823//1941 1820//1941 1822//1941
f 1824//444 1822//444 1825//444
f 1824//444 1823//444 1822//444
f 1826//2339 1825//2339 1827//2339
f 1826//2340 1827//2340 1828//2340
f 1826//2339 1824//2339 1825//2339
f 1829//2340 1826//2340 1828//2340
f 1830//1944 1828//1944 1831//1944
f 1830//1944 1829//1944 1828//1944
f 1832//1945 1831//1945 1833//1945
f 1832//1945 1830//1945 1831//1945
f 1834//2341 1833//2341 1835//2341
f 1834//2341 1832//2341 1833//2341
f 1784//2342 1835//2342 1785//2342
f 1784//2342 1834//2342 1835//2342
f 1836//2343 1837//2343 1838//2343
f 1839//2344 1838//2344 1840//2344
f 1839//2345 1836//2345 1838//2345
f 1841//2346 1840//2346 1842//2346
f 1841//2346 1839//2346 1840//2346
f 1843//2347 1842//2347 1844//2347
f 1843//2347 1841//2347 1842//2347
f 1845//2348 1844//2348 1846//2348
f 1845//2348 1843//2348 1844//2348
f 1847//2349 1846//2349 1848//2349
f 1847//2349 1845//2349 1846//2349
f 1849//450 1848//450 1850//450
f 1849//450 1847//450 1848//450
f 1851//1955 1850//1955 1852//1955
f 1851//1955 1849//1955 1850//1955
f 1853//1956 1852//1956 1854//1956
f 1853//1956 1851//1956 1852//1956
f 1855//1957 1854//1957 1856//1957
f 1855//1957 1853//1957 1854//1957
f 1857//1958 1855//1958 1856//1958
f 1857//1958 1856//1958 1858//1958
f 1859//2350 1857//2350 1858//2350
f 1859//2350 1858//2350 1860//2350
f 1861//2351 1859//2351 1860//2351
f 1861//2351 1860//2351 1862//2351
f 1863//2352 1862//2352 1864//2352
f 1863//2352 1861//2352 1862//2352
f 1865//2353 1863//2353 1864//2353
f 1865//2353 1864//2353 1866//2353
f 1867//1963 1866//1963 1868//1963
f 1867//1963 1865//1963 1866//1963
f 1869//1964 1868//1964 1870//1964
f 1869//1965 1867//1965 1868//1965
f 1871//1966 1870//1966 1872//1966
f 1871//1967 1869//1967 1870//1967
f 1873//2354 1871//2354 1872//2354
f 1873//2355 1872//2355 1874//2355
f 1875//2356 1874//2356 1876//2356
f 1875//2357 1873//2357 1874//2357
f 1877//2358 1876//2358 1878//2358
f 1877//2359 1875//2359 1876//2359
f 1879//2360 1877//2360 1878//2360
f 1879//2361 1878//2361 1880//2361
f 1881//2362 1880//2362 1837//2362
f 1881//2363 1879//2363 1880//2363
f 1836//2364 1881//2364 1837//2364
f 1855//576 1882//576 1883//576
f 1853//576 1883//576 1884//576
f 1853//576 1855//576 1883//576
f 1857//576 1885//576 1882//576
f 1857//576 1882//576 1855//576
f 1851//576 1884//576 1886//576
f 1851//576 1853//576 1884//576
f 1859//576 1887//576 1885//576
f 1859//576 1885//576 1857//576
f 1849//576 1886//576 1888//576
f 1849//576 1851//576 1886//576
f 1861//576 1889//576 1887//576
f 1861//576 1887//576 1859//576
f 1890//576 1889//576 1861//576
f 1847//576 1888//576 1891//576
f 1847//576 1849//576 1888//576
f 1863//576 1890//576 1861//576
f 1845//576 1847//576 1891//576
f 1892//576 1845//576 1891//576
f 1893//576 1890//576 1863//576
f 1865//576 1893//576 1863//576
f 1843//576 1845//576 1892//576
f 1894//576 1843//576 1892//576
f 1895//576 1893//576 1865//576
f 1867//576 1895//576 1865//576
f 1841//576 1843//576 1894//576
f 1896//576 1841//576 1894//576
f 1897//576 1895//576 1867//576
f 1869//576 1897//576 1867//576
f 1839//576 1841//576 1896//576
f 1898//576 1839//576 1896//576
f 1899//576 1897//576 1869//576
f 1871//576 1899//576 1869//576
f 1836//576 1839//576 1898//576
f 1900//576 1871//576 1873//576
f 1900//576 1899//576 1871//576
f 1901//576 1836//576 1898//576
f 1902//576 1836//576 1901//576
f 1903//576 1900//576 1873//576
f 1904//576 1836//576 1902//576
f 1904//576 1881//576 1836//576
f 1905//576 1903//576 1873//576
f 1905//576 1873//576 1875//576
f 1906//576 1875//576 1877//576
f 1906//576 1905//576 1875//576
f 1907//576 1879//576 1881//576
f 1907//576 1881//576 1904//576
f 1908//576 1879//576 1907//576
f 1909//576 1906//576 1877//576
f 1909//576 1879//576 1908//576
f 1909//576 1877//576 1879//576
f 1868//54 1815//54 1817//54
f 1870//54 1817//54 1818//54
f 1870//54 1868//54 1817//54
f 1866//54 1815//54 1868//54
f 1870//54 1818//54 1820//54
f 1812//54 1815//54 1866//54
f 1864//54 1812//54 1866//54
f 1872//54 1820//54 1823//54
f 1872//54 1870//54 1820//54
f 1811//54 1812//54 1864//54
f 1862//54 1811//54 1864//54
f 1874//54 1823//54 1824//54
f 1874//54 1872//54 1823//54
f 1809//54 1811//54 1862//54
f 1860//54 1809//54 1862//54
f 1876//54 1824//54 1826//54
f 1876//54 1874//54 1824//54
f 1806//54 1809//54 1860//54
f 1858//54 1806//54 1860//54
f 1876//54 1826//54 1829//54
f 1805//54 1806//54 1858//54
f 1856//54 1805//54 1858//54
f 1878//54 1876//54 1829//54
f 1830//54 1878//54 1829//54
f 1803//54 1805//54 1856//54
f 1803//54 1856//54 1854//54
f 1880//54 1878//54 1830//54
f 1832//54 1880//54 1830//54
f 1801//54 1803//54 1854//54
f 1801//54 1854//54 1852//54
f 1834//54 1880//54 1832//54
f 1799//54 1801//54 1852//54
f 1799//54 1852//54 1850//54
f 1837//54 1880//54 1834//54
f 1784//54 1837//54 1834//54
f 1797//54 1799//54 1850//54
f 1797//54 1850//54 1848//54
f 1838//54 1837//54 1784//54
f 1787//54 1838//54 1784//54
f 1840//54 1838//54 1787//54
f 1795//54 1797//54 1848//54
f 1795//54 1848//54 1846//54
f 1789//54 1840//54 1787//54
f 1793//54 1846//54 1844//54
f 1793//54 1795//54 1846//54
f 1791//54 1842//54 1840//54
f 1791//54 1840//54 1789//54
f 1791//54 1844//54 1842//54
f 1791//54 1793//54 1844//54
f 1910//1979 1903//1979 1905//1979
f 1910//1979 1911//1979 1903//1979
f 1912//2365 1905//2365 1906//2365
f 1912//2365 1910//2365 1905//2365
f 1913//1981 1906//1981 1909//1981
f 1913//1981 1912//1981 1906//1981
f 1914//1982 1909//1982 1908//1982
f 1914//1982 1913//1982 1909//1982
f 1915//2366 1907//2366 1904//2366
f 1915//2367 1908//2367 1907//2367
f 1915//2367 1914//2367 1908//2367
f 1916//2366 1915//2366 1904//2366
f 1917//2368 1904//2368 1902//2368
f 1917//2368 1916//2368 1904//2368
f 1918//2369 1901//2369 1898//2369
f 1918//2370 1902//2370 1901//2370
f 1918//2370 1917//2370 1902//2370
f 1919//2369 1918//2369 1898//2369
f 1920//2371 1919//2371 1898//2371
f 1920//2371 1898//2371 1896//2371
f 1921//1989 1920//1989 1896//1989
f 1921//1989 1896//1989 1894//1989
f 1922//1990 1921//1990 1894//1990
f 1922//1990 1894//1990 1892//1990
f 1923//2372 1922//2372 1892//2372
f 1923//2372 1892//2372 1891//2372
f 1924//2373 1888//2373 1886//2373
f 1924//1993 1891//1993 1888//1993
f 1924//1993 1923//1993 1891//1993
f 1925//2373 1924//2373 1886//2373
f 1926//1994 1884//1994 1883//1994
f 1926//2374 1886//2374 1884//2374
f 1926//2374 1925//2374 1886//2374
f 1927//1994 1926//1994 1883//1994
f 1928//2375 1883//2375 1882//2375
f 1928//2375 1927//2375 1883//2375
f 1929//1997 1882//1997 1885//1997
f 1929//1997 1928//1997 1882//1997
f 1930//1998 1887//1998 1889//1998
f 1930//1999 1885//1999 1887//1999
f 1930//1999 1929//1999 1885//1999
f 1931//2000 1889//2000 1890//2000
f 1931//1998 1930//1998 1889//1998
f 1932//2000 1931//2000 1890//2000
f 1933//2001 1893//2001 1895//2001
f 1933//2002 1890//2002 1893//2002
f 1933//2002 1932//2002 1890//2002
f 1934//2001 1933//2001 1895//2001
f 1935//2376 1895//2376 1897//2376
f 1935//2376 1934//2376 1895//2376
f 1936//2377 1899//2377 1900//2377
f 1936//2005 1897//2005 1899//2005
f 1936//2005 1935//2005 1897//2005
f 1937//2377 1936//2377 1900//2377
f 1911//2378 1900//2378 1903//2378
f 1911//2378 1937//2378 1900//2378
f 1938//576 1765//576 1764//576
f 1939//576 1766//576 1765//576
f 1939//576 1765//576 1938//576
f 1940//576 1764//576 1763//576
f 1940//576 1938//576 1764//576
f 1941//576 1767//576 1766//576
f 1941//576 1766//576 1939//576
f 1942//576 1763//576 1762//576
f 1942//576 1940//576 1763//576
f 1943//576 1768//576 1767//576
f 1943//576 1767//576 1941//576
f 1944//576 1762//576 1761//576
f 1944//576 1942//576 1762//576
f 1945//576 1769//576 1768//576
f 1945//576 1768//576 1943//576
f 1946//576 1761//576 1760//576
f 1946//576 1944//576 1761//576
f 1947//576 1770//576 1769//576
f 1947//576 1769//576 1945//576
f 1948//576 1760//576 1759//576
f 1948//576 1946//576 1760//576
f 1949//576 1770//576 1947//576
f 1949//576 1771//576 1770//576
f 1950//576 1948//576 1759//576
f 1950//576 1759//576 1758//576
f 1951//576 1771//576 1949//576
f 1951//576 1772//576 1771//576
f 1952//576 1758//576 1757//576
f 1952//576 1950//576 1758//576
f 1773//576 1951//576 1953//576
f 1773//576 1772//576 1951//576
f 1756//576 1952//576 1757//576
f 1756//576 1954//576 1952//576
f 1774//576 1773//576 1953//576
f 1774//576 1953//576 1955//576
f 1755//576 1954//576 1756//576
f 1755//576 1956//576 1954//576
f 1775//576 1774//576 1955//576
f 1775//576 1955//576 1957//576
f 1754//2379 1958//2379 1956//2379
f 1754//576 1956//576 1755//576
f 1776//576 1775//576 1957//576
f 1776//576 1957//576 1959//576
f 1753//1504 1958//1504 1754//1504
f 1777//576 1959//576 1960//576
f 1777//576 1776//576 1959//576
f 1783//1497 1961//1497 1958//1497
f 1783//1504 1958//1504 1753//1504
f 1778//576 1960//576 1962//576
f 1778//576 1777//576 1960//576
f 1782//1497 1961//1497 1783//1497
f 1779//666 1962//666 1963//666
f 1779//576 1778//576 1962//576
f 1781//2380 1963//2380 1961//2380
f 1781//1497 1961//1497 1782//1497
f 1780//2380 1963//2380 1781//2380
f 1780//2380 1779//2380 1963//2380
f 1928//576 1964//576 1965//576
f 1927//576 1965//576 1966//576
f 1927//576 1928//576 1965//576
f 1929//576 1967//576 1964//576
f 1929//576 1964//576 1928//576
f 1926//576 1966//576 1968//576
f 1926//576 1927//576 1966//576
f 1930//576 1969//576 1967//576
f 1930//576 1967//576 1929//576
f 1925//576 1968//576 1970//576
f 1925//576 1926//576 1968//576
f 1931//576 1971//576 1969//576
f 1931//576 1969//576 1930//576
f 1924//576 1970//576 1972//576
f 1924//576 1925//576 1970//576
f 1932//576 1973//576 1971//576
f 1932//576 1971//576 1931//576
f 1923//576 1972//576 1974//576
f 1923//576 1924//576 1972//576
f 1933//576 1973//576 1932//576
f 1922//576 1923//576 1974//576
f 1975//576 1973//576 1933//576
f 1976//576 1922//576 1974//576
f 1934//576 1975//576 1933//576
f 1921//576 1922//576 1976//576
f 1977//576 1975//576 1934//576
f 1978//576 1921//576 1976//576
f 1935//576 1977//576 1934//576
f 1920//576 1921//576 1978//576
f 1979//576 1977//576 1935//576
f 1980//576 1920//576 1978//576
f 1936//576 1979//576 1935//576
f 1919//576 1920//576 1980//576
f 1981//576 1979//576 1936//576
f 1982//760 1919//760 1980//760
f 1937//576 1981//576 1936//576
f 1918//760 1919//760 1982//760
f 1983//576 1981//576 1937//576
f 1911//576 1983//576 1937//576
f 1917//760 1918//760 1982//760
f 1984//2008 1983//2008 1911//2008
f 1985//1504 1917//1504 1982//1504
f 1984//2010 1911//2010 1910//2010
f 1985//1504 1916//1504 1917//1504
f 1986//2381 1915//2381 1916//2381
f 1986//2379 1916//2379 1985//2379
f 1987//576 1910//576 1912//576
f 1987//2014 1984//2014 1910//2014
f 1986//2382 1914//2382 1915//2382
f 1988//580 1912//580 1913//580
f 1988//576 1987//576 1912//576
f 1988//576 1913//576 1914//576
f 1988//1572 1914//1572 1986//1572
f 1984//2016 1960//2016 1959//2016
f 1987//2017 1962//2017 1960//2017
f 1987//2018 1960//2018 1984//2018
f 1988//2383 1963//2383 1962//2383
f 1988//2384 1962//2384 1987//2384
f 1986//2385 1961//2385 1963//2385
f 1986//2386 1963//2386 1988//2386
f 1985//2387 1958//2387 1961//2387
f 1985//2388 1961//2388 1986//2388
f 1982//2389 1956//2389 1958//2389
f 1982//2390 1958//2390 1985//2390
f 1982//2391 1954//2391 1956//2391
f 1980//2392 1954//2392 1982//2392
f 1980//2393 1952//2393 1954//2393
f 1978//2394 1952//2394 1980//2394
f 1978//2395 1950//2395 1952//2395
f 1976//2396 1950//2396 1978//2396
f 1976//2397 1948//2397 1950//2397
f 1974//2398 1948//2398 1976//2398
f 1974//2399 1946//2399 1948//2399
f 1972//2400 1946//2400 1974//2400
f 1972//2037 1944//2037 1946//2037
f 1970//2401 1942//2401 1944//2401
f 1970//2402 1944//2402 1972//2402
f 1968//2403 1940//2403 1942//2403
f 1968//2404 1942//2404 1970//2404
f 1966//2042 1938//2042 1940//2042
f 1966//2405 1940//2405 1968//2405
f 1965//2044 1939//2044 1938//2044
f 1965//2045 1938//2045 1966//2045
f 1964//2406 1941//2406 1939//2406
f 1964//2047 1939//2047 1965//2047
f 1967//2048 1943//2048 1941//2048
f 1967//2049 1941//2049 1964//2049
f 1969//2407 1945//2407 1943//2407
f 1969//2051 1943//2051 1967//2051
f 1971//2408 1947//2408 1945//2408
f 1971//2409 1945//2409 1969//2409
f 1973//2054 1949//2054 1947//2054
f 1973//2055 1947//2055 1971//2055
f 1975//2410 1951//2410 1949//2410
f 1975//2057 1949//2057 1973//2057
f 1977//2411 1953//2411 1951//2411
f 1977//2412 1951//2412 1975//2412
f 1979//2060 1955//2060 1953//2060
f 1979//2061 1953//2061 1977//2061
f 1981//2413 1957//2413 1955//2413
f 1981//2063 1955//2063 1979//2063
f 1983//2064 1959//2064 1957//2064
f 1983//2414 1957//2414 1981//2414
f 1984//2066 1959//2066 1983//2066
f 1989//2415 1689//2415 1692//2415
f 1990//2416 1692//2416 1691//2416
f 1990//2417 1989//2417 1692//2417
f 1991//2418 1691//2418 1690//2418
f 1991//2418 1990//2418 1691//2418
f 1992//2419 1690//2419 1697//2419
f 1992//2419 1991//2419 1690//2419
f 1993//2072 1697//2072 1696//2072
f 1993//2072 1992//2072 1697//2072
f 1994//2420 1696//2420 1695//2420
f 1994//2420 1993//2420 1696//2420
f 1995//449 1695//449 1701//449
f 1995//449 1994//449 1695//449
f 1996//2421 1701//2421 1699//2421
f 1996//2421 1995//2421 1701//2421
f 1997//2075 1699//2075 1704//2075
f 1997//2075 1996//2075 1699//2075
f 1998//2422 1704//2422 1703//2422
f 1998//2422 1997//2422 1704//2422
f 1999//2423 1998//2423 1703//2423
f 1999//2423 1703//2423 1702//2423
f 2000//2424 1999//2424 1702//2424
f 2000//2424 1702//2424 1700//2424
f 2001//2425 2000//2425 1700//2425
f 2001//2425 1700//2425 1698//2425
f 2002//2080 1698//2080 1693//2080
f 2002//2080 2001//2080 1698//2080
f 2003//2426 1693//2426 1694//2426
f 2003//2426 2002//2426 1693//2426
f 2004//2427 1694//2427 1688//2427
f 2004//2428 2003//2428 1694//2428
f 2005//2429 1688//2429 1684//2429
f 2005//2430 2004//2430 1688//2430
f 2006//2086 2005//2086 1684//2086
f 2007//443 1681//443 1683//443
f 2007//2431 1684//2431 1681//2431
f 2007//2431 2006//2431 1684//2431
f 2008//2432 2007//2432 1683//2432
f 2008//2433 1683//2433 1682//2433
f 2009//2090 1682//2090 1687//2090
f 2009//2434 2008//2434 1682//2434
f 2010//2435 1687//2435 1686//2435
f 2010//2435 2009//2435 1687//2435
f 2011//2436 1686//2436 1685//2436
f 2011//2437 2010//2437 1686//2437
f 2012//2438 1685//2438 1689//2438
f 2012//2439 2011//2439 1685//2439
f 1989//2440 2012//2440 1689//2440
f 2004//576 1804//576 1802//576
f 2005//576 1807//576 1804//576
f 2005//576 1804//576 2004//576
f 2003//576 1802//576 1800//576
f 2003//576 2004//576 1802//576
f 2006//576 1807//576 2005//576
f 1808//576 1807//576 2006//576
f 2002//576 2003//576 1800//576
f 1798//576 2002//576 1800//576
f 2007//576 1808//576 2006//576
f 1810//576 1808//576 2007//576
f 2001//576 2002//576 1798//576
f 1796//576 2001//576 1798//576
f 2008//576 1810//576 2007//576
f 1813//576 1810//576 2008//576
f 2000//576 2001//576 1796//576
f 1794//576 2000//576 1796//576
f 1814//576 1813//576 2008//576
f 1999//576 2000//576 1794//576
f 1792//576 1999//576 1794//576
f 2009//576 1814//576 2008//576
f 1816//576 1814//576 2009//576
f 1998//576 1999//576 1792//576
f 2010//576 1816//576 2009//576
f 1790//576 1998//576 1792//576
f 1997//576 1998//576 1790//576
f 1819//576 1816//576 2010//576
f 2011//576 1819//576 2010//576
f 1788//576 1997//576 1790//576
f 1996//576 1997//576 1788//576
f 1821//576 1819//576 2011//576
f 2012//576 1821//576 2011//576
f 1786//576 1996//576 1788//576
f 1995//576 1996//576 1786//576
f 1822//576 1821//576 2012//576
f 1989//576 1822//576 2012//576
f 1785//576 1995//576 1786//576
f 1994//576 1995//576 1785//576
f 1825//576 1822//576 1989//576
f 1835//576 1994//576 1785//576
f 1993//576 1994//576 1835//576
f 1827//576 1989//576 1990//576
f 1827//576 1825//576 1989//576
f 1833//576 1992//576 1993//576
f 1833//576 1993//576 1835//576
f 1828//576 1990//576 1991//576
f 1828//576 1827//576 1990//576
f 1831//576 1991//576 1992//576
f 1831//576 1992//576 1833//576
f 1831//576 1828//576 1991//576
f 2020//2441 1738//2441 1742//2441
f 2021//2442 1742//2442 1748//2442
f 2023//2443 2090//2443 2024//2443
f 2023//2444 2024//2444 2025//2444
f 2026//2445 2024//2445 2027//2445
f 2026//2446 2025//2446 2024//2446
f 2028//2447 2027//2447 2029//2447
f 2028//2448 2026//2448 2027//2448
f 2030//2449 2025//2449 2026//2449
f 2031//2450 2029//2450 2032//2450
f 2031//2451 2028//2451 2029//2451
f 2030//2452 2026//2452 2028//2452
f 2023//2453 2025//2453 2035//2453
f 2034//2454 2035//2454 2025//2454
f 2034//2455 2025//2455 2030//2455
f 2036//2456 2031//2456 2032//2456
f 2033//2457 2030//2457 2028//2457
f 2036//2458 2032//2458 1740//2458
f 2036//2459 2037//2459 2031//2459
f 2033//2460 2028//2460 2031//2460
f 2036//2461 1740//2461 1734//2461
f 2036//2462 1734//2462 2037//2462
f 2034//2463 2030//2463 2033//2463
f 2034//2464 2038//2464 2035//2464
f 2039//2465 2033//2465 2031//2465
f 2039//2466 2013//2466 2033//2466
f 2039//2467 2031//2467 2037//2467
f 2041//2468 2038//2468 2034//2468
f 2041//2469 2034//2469 2033//2469
f 2041//2470 2033//2470 2013//2470
f 2039//2471 1734//2471 1728//2471
f 2039//2472 1728//2472 2013//2472
f 2039//2473 2037//2473 1734//2473
f 2035//2474 2042//2474 2040//2474
f 2043//2475 2041//2475 2013//2475
f 2043//2476 2014//2476 2041//2476
f 2038//2477 2042//2477 2035//2477
f 2045//2478 2043//2478 2013//2478
f 2045//2479 2014//2479 2043//2479
f 2038//2480 2015//2480 2042//2480
f 2045//2481 1728//2481 1723//2481
f 2045//2482 2013//2482 1728//2482
f 2045//2483 1723//2483 2014//2483
f 2047//2484 2015//2484 2038//2484
f 2047//2485 2038//2485 2041//2485
f 2044//2486 2051//2486 2048//2486
f 2047//2487 2041//2487 2014//2487
f 2042//2488 2046//2488 2040//2488
f 2049//2489 2051//2489 2044//2489
f 2049//2490 2044//2490 2040//2490
f 2042//2491 2016//2491 2046//2491
f 2047//2492 2014//2492 1723//2492
f 2047//2493 1723//2493 1716//2493
f 2047//2494 1716//2494 2015//2494
f 2049//2495 2040//2495 2046//2495
f 2050//2496 2042//2496 2015//2496
f 2050//2497 2016//2497 2042//2497
f 2046//2498 2017//2498 2049//2498
f 2050//2499 2015//2499 1716//2499
f 2052//2500 2051//2500 2049//2500
f 2053//2501 2046//2501 2016//2501
f 2053//2502 2017//2502 2046//2502
f 2050//2503 1716//2503 1709//2503
f 2050//2504 1709//2504 2016//2504
f 2054//2505 2048//2505 2051//2505
f 2052//2506 2049//2506 2017//2506
f 2053//2507 2016//2507 1709//2507
f 2057//2508 2058//2508 2054//2508
f 2057//2509 2054//2509 2051//2509
f 2057//2510 2051//2510 2052//2510
f 2059//2511 2056//2511 2052//2511
f 2059//2512 2052//2512 2017//2512
f 2053//2513 1709//2513 1705//2513
f 2053//2514 1705//2514 2017//2514
f 2055//2515 2060//2515 2061//2515
f 2060//2516 2055//2516 2054//2516
f 2057//2517 2052//2517 2056//2517
f 2057//2518 2062//2518 2058//2518
f 2059//2519 1705//2519 1711//2519
f 2059//2520 1711//2520 2056//2520
f 2059//2521 2017//2521 1705//2521
f 2060//2522 2054//2522 2058//2522
f 2064//2523 2062//2523 2057//2523
f 2064//2524 2057//2524 2056//2524
f 2060//2525 2065//2525 2061//2525
f 2058//2526 2063//2526 2060//2526
f 2058//2527 2066//2527 2063//2527
f 2064//2528 1711//2528 1714//2528
f 2064//2529 1714//2529 2062//2529
f 2064//2530 2056//2530 1711//2530
f 2063//2531 2065//2531 2060//2531
f 2063//2532 2067//2532 2065//2532
f 2068//2533 2058//2533 2062//2533
f 2068//2534 2066//2534 2058//2534
f 2068//2535 2062//2535 1714//2535
f 2068//2536 1714//2536 1720//2536
f 2068//2537 1720//2537 2066//2537
f 2070//2538 2067//2538 2063//2538
f 2070//2539 2063//2539 2066//2539
f 2073//2540 2071//2540 2065//2540
f 2070//2541 2018//2541 2067//2541
f 2069//2542 2065//2542 2067//2542
f 2070//2543 1720//2543 1726//2543
f 2070//2544 2066//2544 1720//2544
f 2070//2545 1726//2545 2018//2545
f 2074//2546 2073//2546 2065//2546
f 2074//2547 2065//2547 2069//2547
f 2074//2548 2075//2548 2073//2548
f 2076//2549 2019//2549 2069//2549
f 2076//2550 2069//2550 2067//2550
f 2076//2551 2067//2551 2018//2551
f 2077//2552 2072//2552 2073//2552
f 2074//2553 2069//2553 2019//2553
f 2074//2554 2020//2554 2075//2554
f 2076//2555 1726//2555 1732//2555
f 2076//2556 2018//2556 1726//2556
f 2076//2557 1732//2557 2019//2557
f 2077//2558 2073//2558 2075//2558
f 2079//2559 2074//2559 2019//2559
f 2079//2560 2020//2560 2074//2560
f 2024//2561 2071//2561 2072//2561
f 2024//2562 2072//2562 2080//2562
f 2075//2563 2078//2563 2077//2563
f 2081//2564 2072//2564 2077//2564
f 2079//2565 1732//2565 1738//2565
f 2079//2566 2019//2566 1732//2566
f 2079//2567 1738//2567 2020//2567
f 2081//2568 2077//2568 2078//2568
f 2083//2569 2075//2569 2020//2569
f 2083//2570 2078//2570 2075//2570
f 2080//2571 2072//2571 2081//2571
f 2083//2572 2021//2572 2078//2572
f 2082//2573 2081//2573 2078//2573
f 2083//2574 2020//2574 1742//2574
f 2080//2575 2081//2575 2082//2575
f 2085//2576 2022//2576 2082//2576
f 2085//2577 2082//2577 2078//2577
f 2083//2578 1742//2578 2021//2578
f 2085//2579 2078//2579 2021//2579
f 2027//2580 2024//2580 2080//2580
f 2084//2581 2080//2581 2082//2581
f 2084//2582 2082//2582 2022//2582
f 2085//2583 2021//2583 1748//2583
f 2087//2584 2086//2584 2084//2584
f 2087//2585 2084//2585 2022//2585
f 2029//2586 2027//2586 2080//2586
f 2029//2587 2080//2587 2084//2587
f 2085//2588 1748//2588 1750//2588
f 2085//2589 1750//2589 2022//2589
f 2087//2590 2088//2590 2086//2590
f 2087//2591 1750//2591 1744//2591
f 2087//2592 1744//2592 2088//2592
f 2087//2593 2022//2593 1750//2593
f 2086//2594 2032//2594 2029//2594
f 2086//2595 2029//2595 2084//2595
f 2089//2596 2086//2596 2088//2596
f 2089//2597 2032//2597 2086//2597
f 2089//2598 1740//2598 2032//2598
f 2089//2599 2088//2599 1744//2599
f 2089//2600 1744//2600 1740//2600
f 2044//2601 2035//2601 2040//2601
f 2044//2602 2023//2602 2035//2602
f 2071//2603 2061//2603 2065//2603
f 2071//2604 2073//2604 2072//2604
f 2090//2605 2071//2605 2024//2605
f 2090//2606 2044//2606 2048//2606
f 2055//2607 2090//2607 2048//2607
f 2055//2608 2048//2608 2054//2608
f 2061//2609 2090//2609 2055//2609
f 2090//2610 2061//2610 2071//2610
f 2090//2611 2023//2611 2044//2611
f 2093//2612 2091//2612 2092//2612
f 2096//2613 2095//2613 2094//2613
f 2092//2614 2096//2614 2094//2614
f 2092//2615 2094//2615 2093//2615
f 2095//2616 2091//2616 2093//2616
f 2095//2617 2093//2617 2094//2617
f 2147//2618 2182//2618 2097//2618
f 2147//2619 2097//2619 2098//2619
f 2099//2620 2148//2620 2104//2620
f 2166//2621 2148//2621 2099//2621
f 2100//2622 2101//2622 2102//2622
f 2100//2623 2102//2623 2103//2623
f 2105//54 2104//54 2101//54
f 2106//54 2104//54 2105//54
f 2107//54 2105//54 2101//54
f 2108//54 2104//54 2106//54
f 2110//54 2107//54 2101//54
f 2110//254 2101//254 2109//254
f 2111//54 2104//54 2108//54
f 2112//54 2107//54 2110//54
f 2113//1718 2112//1718 2110//1718
f 2114//54 2104//54 2111//54
f 2115//1865 2113//1865 2116//1865
f 2115//2624 2112//2624 2113//2624
f 2117//2625 2116//2625 2118//2625
f 2117//254 2115//254 2116//254
f 2119//56 2117//56 2118//56
f 2119//2626 2118//2626 2120//2626
f 2100//54 2119//54 2120//54
f 2100//54 2109//54 2101//54
f 2100//254 2120//254 2109//254
f 2122//54 2119//54 2100//54
f 2099//54 2104//54 2114//54
f 2099//54 2123//54 2124//54
f 2099//54 2125//54 2123//54
f 2099//54 2114//54 2125//54
f 2091//54 2122//54 2100//54
f 2091//54 2100//54 2121//54
f 2126//54 2099//54 2124//54
f 2127//54 2122//54 2091//54
f 2098//2626 2128//2626 2099//2626
f 2098//54 2099//54 2126//54
f 2129//54 2127//54 2091//54
f 2130//54 2098//54 2126//54
f 2131//54 2129//54 2091//54
f 2132//54 2131//54 2091//54
f 2133//56 2134//56 2135//56
f 2136//54 2134//54 2133//54
f 2137//2627 2133//2627 2135//2627
f 2136//54 2130//54 2134//54
f 2136//54 2098//54 2130//54
f 2138//54 2098//54 2136//54
f 2139//54 2140//54 2137//54
f 2139//54 2137//54 2135//54
f 2141//896 2140//896 2139//896
f 2142//54 2141//54 2139//54
f 2095//54 2132//54 2091//54
f 2095//54 2143//54 2132//54
f 2095//54 2144//54 2143//54
f 2095//54 2145//54 2144//54
f 2095//54 2146//54 2145//54
f 2147//54 2146//54 2095//54
f 2147//254 2138//254 2141//254
f 2147//54 2141//54 2142//54
f 2147//54 2142//54 2146//54
f 2147//54 2098//54 2138//54
f 2148//2379 2102//2379 2149//2379
f 2150//576 2102//576 2148//576
f 2150//576 2148//576 2151//576
f 2153//576 2102//576 2152//576
f 2154//576 2102//576 2150//576
f 2154//576 2152//576 2102//576
f 2155//662 2154//662 2150//662
f 2156//576 2157//576 2158//576
f 2159//2628 2156//2628 2158//2628
f 2160//2629 2157//2629 2156//2629
f 2159//1531 2158//1531 2155//1531
f 2103//576 2102//576 2153//576
f 2103//576 2153//576 2157//576
f 2103//2630 2157//2630 2160//2630
f 2162//576 2151//576 2148//576
f 2166//576 2162//576 2148//576
f 2163//2631 2162//2631 2166//2631
f 2092//2380 2161//2380 2103//2380
f 2164//2631 2103//2631 2160//2631
f 2164//576 2092//576 2103//576
f 2164//688 2165//688 2183//688
f 2164//2632 2160//2632 2165//2632
f 2167//576 2092//576 2164//576
f 2097//576 2163//576 2166//576
f 2169//2633 2168//2633 2163//2633
f 2169//576 2163//576 2097//576
f 2170//576 2169//576 2097//576
f 2173//576 2171//576 2172//576
f 2173//562 2172//562 2174//562
f 2171//1312 2175//1312 2172//1312
f 2176//2634 2175//2634 2171//2634
f 2177//2634 2173//2634 2174//2634
f 2177//2635 2174//2635 2170//2635
f 2177//576 2170//576 2097//576
f 2178//576 2092//576 2167//576
f 2180//576 2176//576 2179//576
f 2182//576 2180//576 2179//576
f 2182//2636 2179//2636 2177//2636
f 2096//760 2092//760 2178//760
f 2096//576 2178//576 2180//576
f 2096//760 2180//760 2182//760
f 2181//674 2096//674 2182//674
f 2182//580 2177//580 2097//580
f 2164//1512 2183//1512 2150//1512
f 2183//684 2159//684 2150//684
f 2159//2637 2155//2637 2150//2637
f 2163//576 2175//576 2180//576
f 2175//580 2176//580 2180//580
f 2163//2638 2168//2638 2175//2638
f 2132//2639 2184//2639 2185//2639
f 2131//2640 2185//2640 2186//2640
f 2131//2639 2132//2639 2185//2639
f 2129//2640 2131//2640 2186//2640
f 2127//2641 2187//2641 2188//2641
f 2127//2642 2186//2642 2187//2642
f 2127//2642 2129//2642 2186//2642
f 2122//2641 2127//2641 2188//2641
f 2119//2643 2188//2643 2189//2643
f 2119//2643 2122//2643 2188//2643
f 2117//2644 2189//2644 2190//2644
f 2117//2644 2119//2644 2189//2644
f 2115//2645 2191//2645 2192//2645
f 2115//2646 2190//2646 2191//2646
f 2115//2646 2117//2646 2190//2646
f 2112//2645 2115//2645 2192//2645
f 2107//2647 2192//2647 2193//2647
f 2107//2647 2112//2647 2192//2647
f 2105//2648 2107//2648 2193//2648
f 2105//2648 2193//2648 2194//2648
f 2106//2649 2105//2649 2194//2649
f 2106//2650 2195//2650 2196//2650
f 2106//2649 2194//2649 2195//2649
f 2108//2650 2106//2650 2196//2650
f 2108//2651 2196//2651 2197//2651
f 2111//2651 2108//2651 2197//2651
f 2114//2652 2197//2652 2198//2652
f 2114//2652 2111//2652 2197//2652
f 2125//2653 2114//2653 2198//2653
f 2125//2654 2199//2654 2200//2654
f 2125//2653 2198//2653 2199//2653
f 2123//2654 2125//2654 2200//2654
f 2124//2655 2201//2655 2202//2655
f 2124//2656 2200//2656 2201//2656
f 2124//2656 2123//2656 2200//2656
f 2126//2657 2202//2657 2203//2657
f 2126//2655 2124//2655 2202//2655
f 2130//2657 2126//2657 2203//2657
f 2134//2658 2203//2658 2204//2658
f 2134//2658 2130//2658 2203//2658
f 2135//2659 2204//2659 2205//2659
f 2135//2659 2134//2659 2204//2659
f 2139//2660 2206//2660 2207//2660
f 2139//2661 2205//2661 2206//2661
f 2139//2661 2135//2661 2205//2661
f 2142//2662 2207//2662 2208//2662
f 2142//2660 2139//2660 2207//2660
f 2146//2662 2142//2662 2208//2662
f 2145//2663 2209//2663 2210//2663
f 2145//2664 2208//2664 2209//2664
f 2145//2664 2146//2664 2208//2664
f 2144//2663 2145//2663 2210//2663
f 2143//2665 2211//2665 2184//2665
f 2143//2666 2210//2666 2211//2666
f 2143//2666 2144//2666 2210//2666
f 2132//2665 2143//2665 2184//2665
f 2212//2667 2213//2667 2214//2667
f 2215//2668 2216//2668 2213//2668
f 2215//2669 2213//2669 2212//2669
f 2217//2670 2212//2670 2214//2670
f 2217//2671 2214//2671 2218//2671
f 2219//2672 2216//2672 2215//2672
f 2220//2673 2216//2673 2219//2673
f 2221//2674 2217//2674 2218//2674
f 2222//2675 2220//2675 2219//2675
f 2221//2676 2218//2676 2223//2676
f 2224//2677 2220//2677 2222//2677
f 2225//2678 2221//2678 2223//2678
f 2226//2679 2224//2679 2222//2679
f 2227//2680 2225//2680 2223//2680
f 2228//2681 2224//2681 2226//2681
f 2229//2682 2225//2682 2227//2682
f 2230//2683 2228//2683 2226//2683
f 2231//2684 2229//2684 2227//2684
f 2232//2685 2229//2685 2231//2685
f 2233//2686 2228//2686 2230//2686
f 2234//2687 2233//2687 2230//2687
f 2235//2688 2232//2688 2231//2688
f 2235//2689 2236//2689 2232//2689
f 2237//2690 2234//2690 2238//2690
f 2237//2691 2233//2691 2234//2691
f 2239//2692 2236//2692 2235//2692
f 2239//2693 2238//2693 2236//2693
f 2239//2694 2237//2694 2238//2694
f 2256//2695 2180//2695 2240//2695
f 2256//2696 2163//2696 2180//2696
f 2162//2697 2241//2697 2242//2697
f 2162//2698 2242//2698 2151//2698
f 2245//2699 2164//2699 2150//2699
f 2245//2700 2243//2700 2164//2700
f 2178//2701 2260//2701 2244//2701
f 2178//2702 2167//2702 2260//2702
f 2246//576 2245//576 2242//576
f 2247//576 2245//576 2246//576
f 2248//576 2246//576 2242//576
f 2249//576 2248//576 2242//576
f 2250//576 2245//576 2247//576
f 2251//666 2245//666 2250//666
f 2241//576 2252//576 2253//576
f 2241//576 2253//576 2249//576
f 2254//576 2252//576 2241//576
f 2243//576 2251//576 2257//576
f 2243//576 2257//576 2258//576
f 2256//1519 2241//1519 2255//1519
f 2256//576 2254//576 2241//576
f 2259//576 2254//576 2256//576
f 2260//576 2258//576 2261//576
f 2260//576 2243//576 2258//576
f 2262//576 2259//576 2256//576
f 2263//576 2260//576 2261//576
f 2264//580 2262//580 2256//580
f 2265//576 2260//576 2263//576
f 2240//576 2266//576 2267//576
f 2240//576 2267//576 2268//576
f 2244//576 2260//576 2265//576
f 2244//576 2265//576 2269//576
f 2244//576 2269//576 2270//576
f 2244//576 2270//576 2266//576
f 2244//576 2266//576 2240//576
f 2245//666 2251//666 2243//666
f 2240//1513 2264//1513 2256//1513
f 2240//2703 2271//2703 2264//2703
f 2240//576 2268//576 2271//576
f 2241//1494 2249//1494 2242//1494
f 2263//2704 2272//2704 2273//2704
f 2263//2704 2273//2704 2265//2704
f 2261//1945 2274//1945 2275//1945
f 2261//2705 2275//2705 2272//2705
f 2261//2705 2272//2705 2263//2705
f 2258//2706 2274//2706 2261//2706
f 2258//2707 2276//2707 2274//2707
f 2257//2708 2277//2708 2278//2708
f 2257//2709 2278//2709 2276//2709
f 2257//2710 2276//2710 2258//2710
f 2251//2708 2277//2708 2257//2708
f 2250//2711 2279//2711 2280//2711
f 2250//444 2280//444 2277//444
f 2250//444 2277//444 2251//444
f 2247//2712 2279//2712 2250//2712
f 2247//2713 2281//2713 2279//2713
f 2246//2714 2282//2714 2281//2714
f 2246//2715 2281//2715 2247//2715
f 2248//1938 2282//1938 2246//1938
f 2248//2716 2283//2716 2284//2716
f 2248//1938 2284//1938 2282//1938
f 2249//2717 2283//2717 2248//2717
f 2249//2718 2285//2718 2283//2718
f 2253//2719 2286//2719 2285//2719
f 2253//2720 2285//2720 2249//2720
f 2252//2721 2287//2721 2286//2721
f 2252//2721 2286//2721 2253//2721
f 2254//1933 2288//1933 2287//1933
f 2254//1933 2287//1933 2252//1933
f 2259//2722 2289//2722 2288//2722
f 2259//2722 2288//2722 2254//2722
f 2262//2723 2290//2723 2289//2723
f 2262//2723 2289//2723 2259//2723
f 2264//2724 2291//2724 2290//2724
f 2264//2724 2290//2724 2262//2724
f 2271//450 2292//450 2291//450
f 2271//450 2291//450 2264//450
f 2268//2725 2293//2725 2292//2725
f 2268//2725 2292//2725 2271//2725
f 2267//2726 2294//2726 2293//2726
f 2267//2726 2293//2726 2268//2726
f 2266//2727 2295//2727 2294//2727
f 2266//2727 2294//2727 2267//2727
f 2270//1926 2296//1926 2295//1926
f 2270//1926 2295//1926 2266//1926
f 2269//2728 2297//2728 2296//2728
f 2269//2728 2296//2728 2270//2728
f 2265//2729 2273//2729 2297//2729
f 2265//2729 2297//2729 2269//2729
f 2128//2730 2098//2730 2097//2730
f 2128//2731 2097//2731 2166//2731
f 2099//2732 2128//2732 2166//2732
f 2181//2733 2182//2733 2147//2733
f 2181//2734 2147//2734 2095//2734
f 2096//2735 2181//2735 2095//2735
f 2121//2736 2103//2736 2161//2736
f 2121//2737 2100//2737 2103//2737
f 2091//2738 2121//2738 2161//2738
f 2091//2739 2161//2739 2092//2739
f 2149//2740 2102//2740 2101//2740
f 2149//2741 2101//2741 2104//2741
f 2148//2742 2149//2742 2104//2742
f 2162//2743 2255//2743 2241//2743
f 2163//2744 2256//2744 2255//2744
f 2163//2745 2255//2745 2162//2745
f 2245//2746 2150//2746 2151//2746
f 2245//2747 2151//2747 2242//2747
f 2167//2748 2243//2748 2260//2748
f 2164//2749 2243//2749 2167//2749
f 2244//2750 2180//2750 2178//2750
f 2240//2751 2180//2751 2244//2751
f 2116//2752 2158//2752 2118//2752
f 2116//2753 2155//2753 2158//2753
f 2113//2754 2155//2754 2116//2754
f 2113//2755 2154//2755 2155//2755
f 2110//2756 2154//2756 2113//2756
f 2110//2757 2152//2757 2154//2757
f 2109//2758 2152//2758 2110//2758
f 2109//2759 2153//2759 2152//2759
f 2120//2760 2153//2760 2109//2760
f 2120//2761 2157//2761 2153//2761
f 2118//2762 2157//2762 2120//2762
f 2118//2763 2158//2763 2157//2763
f 2141//2764 2179//2764 2140//2764
f 2141//2765 2177//2765 2179//2765
f 2138//2766 2177//2766 2141//2766
f 2136//2767 2177//2767 2138//2767
f 2136//2768 2173//2768 2177//2768
f 2136//2769 2171//2769 2173//2769
f 2133//2770 2171//2770 2136//2770
f 2137//2771 2171//2771 2133//2771
f 2137//2772 2176//2772 2171//2772
f 2140//2773 2176//2773 2137//2773
f 2140//2774 2179//2774 2176//2774
f 2172//2775 2298//2775 2299//2775
f 2174//2776 2172//2776 2299//2776
f 2170//2777 2299//2777 2300//2777
f 2170//2778 2174//2778 2299//2778
f 2169//2779 2170//2779 2300//2779
f 2169//2780 2300//2780 2301//2780
f 2168//2781 2169//2781 2301//2781
f 2168//2782 2301//2782 2302//2782
f 2168//2783 2302//2783 2303//2783
f 2175//2784 2168//2784 2303//2784
f 2172//2785 2303//2785 2298//2785
f 2172//2786 2175//2786 2303//2786
f 2306//2787 2304//2787 2305//2787
f 2299//2788 2298//2788 2306//2788
f 2299//2789 2306//2789 2305//2789
f 2300//2790 2299//2790 2305//2790
f 2301//2791 2300//2791 2305//2791
f 2301//2792 2305//2792 2304//2792
f 2302//2793 2301//2793 2304//2793
f 2303//2794 2302//2794 2304//2794
f 2303//2795 2304//2795 2306//2795
f 2298//2796 2303//2796 2306//2796
f 2236//2797 2297//2797 2273//2797
f 2236//2798 2273//2798 2232//2798
f 2236//2799 2296//2799 2297//2799
f 2238//2800 2295//2800 2296//2800
f 2238//2801 2296//2801 2236//2801
f 2238//2802 2294//2802 2295//2802
f 2234//2803 2293//2803 2294//2803
f 2234//2804 2294//2804 2238//2804
f 2234//2805 2292//2805 2293//2805
f 2230//2806 2291//2806 2292//2806
f 2230//2807 2292//2807 2234//2807
f 2230//2808 2290//2808 2291//2808
f 2226//2809 2289//2809 2290//2809
f 2226//2810 2290//2810 2230//2810
f 2226//2811 2288//2811 2289//2811
f 2222//2812 2287//2812 2288//2812
f 2222//2813 2288//2813 2226//2813
f 2222//2814 2286//2814 2287//2814
f 2219//2815 2286//2815 2222//2815
f 2219//2816 2285//2816 2286//2816
f 2215//2817 2285//2817 2219//2817
f 2215//2818 2283//2818 2285//2818
f 2215//2819 2284//2819 2283//2819
f 2212//2820 2282//2820 2284//2820
f 2212//2821 2284//2821 2215//2821
f 2212//2822 2281//2822 2282//2822
f 2217//2823 2279//2823 2281//2823
f 2217//2824 2281//2824 2212//2824
f 2217//2825 2280//2825 2279//2825
f 2221//2826 2277//2826 2280//2826
f 2221//2827 2280//2827 2217//2827
f 2221//2828 2278//2828 2277//2828
f 2225//2829 2276//2829 2278//2829
f 2225//2830 2278//2830 2221//2830
f 2225//2831 2274//2831 2276//2831
f 2229//2832 2275//2832 2274//2832
f 2229//2833 2274//2833 2225//2833
f 2229//2834 2272//2834 2275//2834
f 2232//2835 2273//2835 2272//2835
f 2232//2836 2272//2836 2229//2836
f 2185//2837 2184//2837 2235//2837
f 2185//2838 2235//2838 2231//2838
f 2186//2839 2231//2839 2227//2839
f 2186//2840 2185//2840 2231//2840
f 2187//2841 2186//2841 2227//2841
f 2188//2842 2227//2842 2223//2842
f 2188//2843 2187//2843 2227//2843
f 2189//2844 2188//2844 2223//2844
f 2190//2845 2223//2845 2218//2845
f 2190//2846 2189//2846 2223//2846
f 2191//2847 2190//2847 2218//2847
f 2192//2848 2191//2848 2218//2848
f 2214//2849 2192//2849 2218//2849
f 2193//2850 2192//2850 2214//2850
f 2194//2851 2193//2851 2214//2851
f 2213//2852 2194//2852 2214//2852
f 2195//2853 2194//2853 2213//2853
f 2196//2854 2195//2854 2213//2854
f 2216//2855 2196//2855 2213//2855
f 2197//2856 2196//2856 2216//2856
f 2198//2857 2197//2857 2216//2857
f 2220//2858 2198//2858 2216//2858
f 2199//2859 2198//2859 2220//2859
f 2200//2860 2199//2860 2220//2860
f 2224//2861 2200//2861 2220//2861
f 2201//2862 2200//2862 2224//2862
f 2202//2863 2201//2863 2224//2863
f 2228//2864 2202//2864 2224//2864
f 2203//2865 2202//2865 2228//2865
f 2204//2866 2203//2866 2228//2866
f 2233//2867 2204//2867 2228//2867
f 2205//2868 2204//2868 2233//2868
f 2206//2869 2205//2869 2233//2869
f 2237//2870 2206//2870 2233//2870
f 2207//2871 2206//2871 2237//2871
f 2208//2872 2207//2872 2237//2872
f 2239//2873 2208//2873 2237//2873
f 2209//2874 2208//2874 2239//2874
f 2210//2875 2209//2875 2239//2875
f 2235//2876 2210//2876 2239//2876
f 2211//2877 2210//2877 2235//2877
f 2184//2878 2211//2878 2235//2878
f 2165//2879 2307//2879 2308//2879
f 2183//2880 2165//2880 2308//2880
f 2183//2881 2308//2881 2309//2881
f 2159//2882 2183//2882 2309//2882
f 2159//2883 2309//2883 2310//2883
f 2159//2884 2310//2884 2311//2884
f 2156//2885 2159//2885 2311//2885
f 2160//2886 2311//2886 2312//2886
f 2160//2887 2156//2887 2311//2887
f 2160//2888 2312//2888 2307//2888
f 2165//2889 2160//2889 2307//2889
f 2314//2890 2313//2890 2315//2890
f 2308//2891 2314//2891 2315//2891
f 2308//2892 2307//2892 2314//2892
f 2309//2893 2308//2893 2315//2893
f 2310//2894 2315//2894 2313//2894
f 2310//2895 2309//2895 2315//2895
f 2311//2896 2310//2896 2313//2896
f 2312//2897 2311//2897 2313//2897
f 2312//2898 2313//2898 2314//2898
f 2307//2899 2312//2899 2314//2899
f 2318//576 2317//576 2316//576
f 2321//576 2317//576 2318//576
f 2322//1498 2319//1498 2320//1498
f 2323//576 2324//576 2317//576
f 2323//576 2317//576 2321//576
f 2322//1544 2320//1544 2325//1544
f 2323//576 2326//576 2324//576
f 2327//576 2323//576 2328//576
f 2327//576 2325//576 2326//576
f 2327//1312 2322//1312 2325//1312
f 2327//576 2326//576 2323//576
f 2329//2379 2330//2379 2331//2379
f 2329//1312 2331//1312 2327//1312
f 2329//1521 2327//1521 2328//1521
f 2332//1312 2333//1312 2330//1312
f 2332//576 2330//576 2329//576
f 2334//2380 2328//2380 2335//2380
f 2334//2379 2329//2379 2328//2379
f 2336//2900 2333//2900 2332//2900
f 2334//1497 2335//1497 2337//1497
f 2338//2901 2333//2901 2336//2901
f 2339//576 2340//576 2341//576
f 2339//576 2341//576 2342//576
f 2343//574 2333//574 2338//574
f 2344//1531 2334//1531 2337//1531
f 2344//576 2337//576 2345//576
f 2346//574 2343//574 2338//574
f 2339//576 2347//576 2340//576
f 2348//576 2347//576 2339//576
f 2349//576 2344//576 2345//576
f 2349//576 2345//576 2350//576
f 2351//2902 2343//2902 2346//2902
f 2352//2903 2343//2903 2351//2903
f 2353//576 2350//576 2354//576
f 2353//576 2349//576 2350//576
f 2355//2904 2352//2904 2351//2904
f 2356//576 2347//576 2348//576
f 2357//576 2353//576 2354//576
f 2358//2905 2352//2905 2355//2905
f 2359//2906 2352//2906 2358//2906
f 2360//576 2354//576 2347//576
f 2360//576 2347//576 2356//576
f 2360//576 2357//576 2354//576
f 2361//576 2357//576 2360//576
f 2362//576 2357//576 2361//576
f 2363//2907 2359//2907 2358//2907
f 2364//1555 2360//1555 2356//1555
f 2370//760 2360//760 2364//760
f 2365//2908 2359//2908 2363//2908
f 2366//1555 2362//1555 2361//1555
f 2366//2909 2367//2909 2362//2909
f 2369//1521 2370//1521 2364//1521
f 2369//1492 2364//1492 2368//1492
f 2371//1529 2359//1529 2365//1529
f 2372//576 2371//576 2365//576
f 2366//2910 2373//2910 2367//2910
f 2374//2911 2371//2911 2372//2911
f 2375//1580 2374//1580 2372//1580
f 2376//2912 2373//2912 2366//2912
f 2376//686 2377//686 2373//686
f 2378//567 2374//567 2375//567
f 2376//2913 2379//2913 2377//2913
f 2380//2914 2374//2914 2378//2914
f 2381//1570 2380//1570 2378//1570
f 2382//2915 2379//2915 2376//2915
f 2382//676 2383//676 2379//676
f 2382//675 2384//675 2383//675
f 2385//2916 2380//2916 2381//2916
f 2385//2917 2381//2917 2386//2917
f 2387//2703 2384//2703 2382//2703
f 2387//576 2388//576 2384//576
f 2389//2918 2385//2918 2386//2918
f 2389//2919 2388//2919 2387//2919
f 2389//2920 2386//2920 2388//2920
f 2327//2921 2390//2921 2391//2921
f 2331//2922 2390//2922 2327//2922
f 2360//2923 2392//2923 2393//2923
f 2360//2924 2393//2924 2361//2924
f 2356//2925 2394//2925 2395//2925
f 2348//2926 2394//2926 2356//2926
f 2395//2927 2364//2927 2356//2927
f 2396//2928 2364//2928 2395//2928
f 2396//2929 2398//2929 2397//2929
f 2396//2930 2397//2930 2364//2930
f 2399//2931 2400//2931 2398//2931
f 2401//2932 2398//2932 2396//2932
f 2401//2933 2399//2933 2398//2933
f 2402//2934 2401//2934 2396//2934
f 2403//2935 2404//2935 2686//2935
f 2403//2936 2686//2936 2402//2936
f 2702//2937 2403//2937 2402//2937
f 2405//2938 2406//2938 2407//2938
f 2405//2939 2407//2939 2702//2939
f 2405//2940 2702//2940 2402//2940
f 2408//2941 2409//2941 2410//2941
f 2408//2942 2410//2942 2695//2942
f 2411//2943 2527//2943 2408//2943
f 2411//2944 2408//2944 2695//2944
f 2396//2945 2411//2945 2402//2945
f 2402//2946 2411//2946 2405//2946
f 2405//2947 2411//2947 2695//2947
f 2411//2948 2465//2948 2527//2948
f 2414//576 2412//576 2413//576
f 2415//576 2414//576 2413//576
f 2417//2949 2418//2949 2416//2949
f 2419//576 2415//576 2413//576
f 2419//576 2413//576 2420//576
f 2417//1555 2421//1555 2418//1555
f 2419//576 2420//576 2422//576
f 2423//576 2419//576 2422//576
f 2423//576 2424//576 2419//576
f 2423//2631 2421//2631 2417//2631
f 2423//576 2422//576 2421//576
f 2425//1521 2426//1521 2427//1521
f 2428//576 2423//576 2426//576
f 2428//576 2424//576 2423//576
f 2428//576 2429//576 2424//576
f 2428//576 2426//576 2425//576
f 2430//2906 2425//2906 2427//2906
f 2431//576 2429//576 2428//576
f 2432//2905 2430//2905 2427//2905
f 2433//2903 2432//2903 2427//2903
f 2434//576 2435//576 2429//576
f 2434//576 2429//576 2431//576
f 2436//2903 2432//2903 2433//2903
f 2437//576 2438//576 2439//576
f 2437//576 2439//576 2440//576
f 2441//576 2435//576 2434//576
f 2441//576 2442//576 2435//576
f 2443//2902 2436//2902 2433//2902
f 2437//576 2440//576 2444//576
f 2445//574 2443//574 2433//574
f 2446//576 2437//576 2444//576
f 2447//2950 2442//2950 2441//2950
f 2447//1524 2448//1524 2442//1524
f 2449//574 2443//574 2445//574
f 2446//576 2444//576 2450//576
f 2451//2951 2449//2951 2445//2951
f 2452//1512 2451//1512 2445//1512
f 2453//576 2446//576 2450//576
f 2454//2952 2448//2952 2447//2952
f 2454//580 2450//580 2448//580
f 2455//576 2451//576 2452//576
f 2456//578 2455//578 2452//578
f 2457//2953 2455//2953 2456//2953
f 2458//576 2453//576 2450//576
f 2458//1555 2450//1555 2454//1555
f 2459//2380 2458//2380 2454//2380
f 2460//576 2453//576 2458//576
f 2461//580 2465//580 2460//580
f 2461//576 2460//576 2458//576
f 2462//2954 2459//2954 2454//2954
f 2462//562 2454//562 2463//562
f 2464//1519 2465//1519 2461//1519
f 2466//2955 2457//2955 2456//2955
f 2467//2956 2457//2956 2466//2956
f 2468//562 2462//562 2463//562
f 2468//2957 2463//2957 2469//2957
f 2470//2958 2467//2958 2466//2958
f 2468//676 2469//676 2471//676
f 2472//2959 2467//2959 2470//2959
f 2473//674 2468//674 2471//674
f 2473//576 2471//576 2474//576
f 2475//1553 2472//1553 2470//1553
f 2476//1500 2472//1500 2475//1500
f 2477//562 2473//562 2474//562
f 2477//1544 2474//1544 2478//1544
f 2475//1530 2479//1530 2476//1530
f 2477//686 2478//686 2480//686
f 2481//583 2479//583 2475//583
f 2481//576 2482//576 2479//576
f 2483//2703 2477//2703 2480//2703
f 2483//576 2480//576 2484//576
f 2485//1531 2482//1531 2481//1531
f 2485//687 2486//687 2482//687
f 2485//578 2483//578 2484//578
f 2485//2960 2484//2960 2486//2960
f 2423//2961 2487//2961 2426//2961
f 2423//2003 2488//2003 2487//2003
f 2458//2962 2489//2962 2490//2962
f 2459//2963 2489//2963 2458//2963
f 2397//2964 2368//2964 2364//2964
f 2397//2965 2369//2965 2368//2965
f 2491//2966 2369//2966 2397//2966
f 2491//2967 2370//2967 2369//2967
f 2492//2968 2370//2968 2491//2968
f 2492//2969 2392//2969 2360//2969
f 2370//2970 2492//2970 2360//2970
f 2327//2971 2391//2971 2493//2971
f 2327//2972 2493//2972 2322//2972
f 2494//2973 2322//2973 2493//2973
f 2494//2974 2319//2974 2322//2974
f 2495//2975 2319//2975 2494//2975
f 2495//2976 2320//2976 2319//2976
f 2320//2977 2495//2977 2496//2977
f 2575//2978 2496//2978 2495//2978
f 2731//2979 2496//2979 2575//2979
f 2497//2980 2575//2980 2498//2980
f 2497//2981 2731//2981 2575//2981
f 2499//2982 2735//2982 2500//2982
f 2499//2983 2501//2983 2735//2983
f 2502//2984 2747//2984 2751//2984
f 2502//2985 2744//2985 2747//2985
f 2503//2986 2744//2986 2504//2986
f 2503//2987 2747//2987 2744//2987
f 2505//2988 2751//2988 2506//2988
f 2505//2989 2502//2989 2751//2989
f 2507//2990 2502//2990 2508//2990
f 2509//2991 2508//2991 2510//2991
f 2509//2992 2507//2992 2508//2992
f 2511//2993 2509//2993 2510//2993
f 2512//2994 2507//2994 2509//2994
f 2418//2995 2507//2995 2512//2995
f 2507//444 2496//444 2502//444
f 2502//2996 2496//2996 2744//2996
f 2744//2997 2496//2997 2501//2997
f 2501//2998 2496//2998 2735//2998
f 2735//2999 2496//2999 2731//2999
f 2496//3000 2325//3000 2320//3000
f 2496//3001 2326//3001 2325//3001
f 2513//3002 2326//3002 2496//3002
f 2326//3003 2514//3003 2324//3003
f 2326//3004 2513//3004 2514//3004
f 2514//3005 2317//3005 2324//3005
f 2515//3006 2317//3006 2514//3006
f 2516//3007 2317//3007 2515//3007
f 2517//3008 2316//3008 2317//3008
f 2517//3009 2317//3009 2516//3009
f 2321//3010 2519//3010 2518//3010
f 2318//3011 2519//3011 2321//3011
f 2318//3012 2517//3012 2519//3012
f 2316//3013 2517//3013 2318//3013
f 2321//3014 2518//3014 2323//3014
f 2520//3015 2340//3015 2347//3015
f 2341//3016 2522//3016 2521//3016
f 2341//3017 2521//3017 2342//3017
f 2340//3018 2520//3018 2522//3018
f 2340//3019 2522//3019 2341//3019
f 2521//3020 2339//3020 2342//3020
f 2523//3021 2339//3021 2521//3021
f 2524//3022 2339//3022 2523//3022
f 2394//3023 2348//3023 2339//3023
f 2394//3024 2339//3024 2524//3024
f 2490//3025 2525//3025 2461//3025
f 2458//3026 2490//3026 2461//3026
f 2526//3027 2464//3027 2461//3027
f 2526//3028 2461//3028 2525//3028
f 2527//3029 2465//3029 2464//3029
f 2527//3030 2464//3030 2526//3030
f 2411//3031 2460//3031 2465//3031
f 2411//3032 2453//3032 2460//3032
f 2528//3033 2453//3033 2411//3033
f 2453//3034 2529//3034 2446//3034
f 2453//3035 2528//3035 2529//3035
f 2529//3036 2437//3036 2446//3036
f 2530//3037 2437//3037 2529//3037
f 2531//3038 2437//3038 2530//3038
f 2532//3039 2438//3039 2437//3039
f 2532//3040 2437//3040 2531//3040
f 2440//3041 2533//3041 2444//3041
f 2440//3042 2534//3042 2533//3042
f 2439//3043 2534//3043 2440//3043
f 2439//3044 2532//3044 2534//3044
f 2438//3045 2532//3045 2439//3045
f 2533//3046 2535//3046 2444//3046
f 2450//3047 2444//3047 2535//3047
f 2450//3048 2535//3048 2536//3048
f 2448//3049 2536//3049 2537//3049
f 2448//3050 2450//3050 2536//3050
f 2442//3051 2537//3051 2538//3051
f 2442//3052 2448//3052 2537//3052
f 2435//3053 2538//3053 2539//3053
f 2435//3054 2442//3054 2538//3054
f 2429//3055 2539//3055 2540//3055
f 2429//3056 2435//3056 2539//3056
f 2424//3057 2540//3057 2541//3057
f 2424//3058 2429//3058 2540//3058
f 2419//3059 2424//3059 2541//3059
f 2419//3060 2541//3060 2544//3060
f 2419//3061 2544//3061 2415//3061
f 2412//3062 2543//3062 2542//3062
f 2414//3063 2543//3063 2412//3063
f 2414//3064 2544//3064 2543//3064
f 2415//3065 2544//3065 2414//3065
f 2542//3066 2413//3066 2412//3066
f 2545//3067 2413//3067 2542//3067
f 2546//3068 2413//3068 2545//3068
f 2547//3069 2420//3069 2413//3069
f 2547//3070 2413//3070 2546//3070
f 2420//3071 2548//3071 2422//3071
f 2420//3072 2547//3072 2548//3072
f 2507//3073 2421//3073 2422//3073
f 2507//3074 2418//3074 2421//3074
f 2507//3075 2422//3075 2548//3075
f 2549//3076 2416//3076 2418//3076
f 2549//3077 2418//3077 2512//3077
f 2550//3078 2417//3078 2416//3078
f 2550//3079 2416//3079 2549//3079
f 2417//3080 2488//3080 2423//3080
f 2417//3081 2550//3081 2488//3081
f 2553//1529 2554//1529 2552//1529
f 2553//3082 2552//3082 2551//3082
f 2555//2919 2551//2919 2552//2919
f 2556//580 2557//580 2554//580
f 2556//1312 2554//1312 2553//1312
f 2558//1519 2555//1519 2552//1519
f 2559//666 2557//666 2556//666
f 2549//666 2559//666 2560//666
f 2512//576 2509//576 2557//576
f 2512//666 2557//666 2559//666
f 2512//3083 2559//3083 2549//3083
f 2550//3084 2549//3084 2560//3084
f 2561//583 2562//583 2563//583
f 2561//2911 2564//2911 2562//2911
f 2488//760 2550//760 2560//760
f 2487//1521 2488//1521 2560//1521
f 2565//2379 2564//2379 2561//2379
f 2566//1555 2561//1555 2567//1555
f 2566//662 2565//662 2561//662
f 2490//576 2489//576 2568//576
f 2525//562 2568//562 2569//562
f 2525//576 2490//576 2568//576
f 2526//562 2525//562 2569//562
f 2526//2628 2569//2628 2570//2628
f 2527//2636 2526//2636 2570//2636
f 2527//2703 2567//2703 2408//2703
f 2527//576 2570//576 2567//576
f 2570//2951 2566//2951 2567//2951
f 2561//567 2558//567 2552//567
f 2561//3085 2563//3085 2558//3085
f 2571//1312 2391//1312 2390//1312
f 2571//1312 2493//1312 2391//1312
f 2571//2634 2494//2634 2493//2634
f 2572//666 2494//666 2571//666
f 2572//3086 2495//3086 2494//3086
f 2575//666 2572//666 2574//666
f 2575//666 2495//666 2572//666
f 2575//2901 2574//2901 2573//2901
f 2576//576 2573//576 2574//576
f 2576//666 2574//666 2577//666
f 2578//1521 2576//1521 2577//1521
f 2579//2631 2392//2631 2492//2631
f 2579//1555 2393//1555 2392//1555
f 2580//2911 2576//2911 2578//2911
f 2579//1555 2492//1555 2491//1555
f 2581//675 2491//675 2397//675
f 2581//2637 2579//2637 2491//2637
f 2582//666 2581//666 2397//666
f 2583//580 2585//580 2584//580
f 2583//1530 2586//1530 2585//1530
f 2587//580 2584//580 2588//580
f 2587//760 2583//760 2584//760
f 2589//562 2587//562 2588//562
f 2576//1500 2590//1500 2583//1500
f 2590//1571 2586//1571 2583//1571
f 2576//1494 2580//1494 2590//1494
f 2398//576 2589//576 2397//576
f 2589//666 2582//666 2397//666
f 2589//3087 2588//3087 2582//3087
f 2514//576 2592//576 2591//576
f 2515//576 2514//576 2591//576
f 2515//576 2591//576 2593//576
f 2513//576 2592//576 2514//576
f 2516//576 2515//576 2593//576
f 2516//576 2593//576 2594//576
f 2513//576 2595//576 2592//576
f 2496//576 2595//576 2513//576
f 2496//576 2596//576 2595//576
f 2597//576 2516//576 2594//576
f 2597//576 2594//576 2598//576
f 2599//576 2597//576 2598//576
f 2600//576 2597//576 2599//576
f 2601//576 2600//576 2599//576
f 2523//576 2600//576 2601//576
f 2602//576 2523//576 2601//576
f 2524//576 2523//576 2602//576
f 2603//576 2524//576 2602//576
f 2394//576 2524//576 2603//576
f 2604//576 2394//576 2603//576
f 2604//576 2395//576 2394//576
f 2605//576 2396//576 2395//576
f 2605//576 2395//576 2604//576
f 2606//576 2396//576 2605//576
f 2607//576 2596//576 2496//576
f 2507//576 2607//576 2496//576
f 2507//576 2608//576 2607//576
f 2548//576 2609//576 2608//576
f 2548//576 2608//576 2507//576
f 2547//576 2610//576 2609//576
f 2547//576 2609//576 2548//576
f 2611//576 2610//576 2547//576
f 2611//576 2547//576 2546//576
f 2612//576 2611//576 2546//576
f 2612//576 2546//576 2545//576
f 2613//576 2612//576 2545//576
f 2613//576 2545//576 2614//576
f 2615//576 2613//576 2614//576
f 2616//576 2613//576 2615//576
f 2617//576 2411//576 2396//576
f 2617//576 2396//576 2606//576
f 2618//576 2616//576 2615//576
f 2618//576 2615//576 2531//576
f 2619//576 2528//576 2411//576
f 2619//576 2411//576 2617//576
f 2620//576 2528//576 2619//576
f 2620//576 2529//576 2528//576
f 2621//576 2618//576 2531//576
f 2621//576 2531//576 2530//576
f 2622//576 2529//576 2620//576
f 2622//576 2621//576 2530//576
f 2622//576 2530//576 2529//576
f 2567//3088 2623//3088 2409//3088
f 2567//3089 2409//3089 2408//3089
f 2561//3090 2624//3090 2623//3090
f 2561//3091 2623//3091 2567//3091
f 2511//1531 2625//1531 2626//1531
f 2628//2631 2510//2631 2627//2631
f 2629//580 2624//580 2625//580
f 2629//576 2511//576 2510//576
f 2629//576 2510//576 2628//576
f 2629//1555 2625//1555 2511//1555
f 2630//760 2624//760 2629//760
f 2505//576 2631//576 2632//576
f 2505//576 2632//576 2633//576
f 2634//760 2624//760 2630//760
f 2409//3092 2623//3092 2624//3092
f 2409//3093 2624//3093 2634//3093
f 2635//576 2409//576 2634//576
f 2637//576 2409//576 2635//576
f 2638//576 2506//576 2636//576
f 2639//576 2640//576 2641//576
f 2639//576 2641//576 2631//576
f 2639//576 2505//576 2506//576
f 2639//576 2631//576 2505//576
f 2639//576 2506//576 2638//576
f 2503//576 2642//576 2643//576
f 2644//576 2642//576 2503//576
f 2646//576 2504//576 2645//576
f 2647//576 2644//576 2503//576
f 2647//576 2504//576 2646//576
f 2647//576 2503//576 2504//576
f 2499//576 2648//576 2649//576
f 2650//576 2651//576 2640//576
f 2650//576 2639//576 2644//576
f 2650//576 2640//576 2639//576
f 2652//576 2644//576 2647//576
f 2652//576 2650//576 2644//576
f 2653//576 2648//576 2499//576
f 2410//576 2651//576 2650//576
f 2410//576 2637//576 2651//576
f 2410//576 2409//576 2637//576
f 2654//576 2410//576 2650//576
f 2656//576 2410//576 2654//576
f 2656//576 2655//576 2410//576
f 2659//576 2657//576 2658//576
f 2406//576 2658//576 2652//576
f 2406//576 2659//576 2658//576
f 2661//576 2500//576 2660//576
f 2662//576 2500//576 2661//576
f 2662//576 2653//576 2499//576
f 2662//576 2499//576 2500//576
f 2497//576 2663//576 2664//576
f 2497//576 2664//576 2665//576
f 2666//576 2663//576 2497//576
f 2667//576 2653//576 2662//576
f 2667//576 2647//576 2653//576
f 2667//576 2652//576 2647//576
f 2668//576 2667//576 2662//576
f 2668//576 2662//576 2666//576
f 2407//576 2652//576 2667//576
f 2407//576 2406//576 2652//576
f 2669//576 2407//576 2667//576
f 2670//576 2407//576 2669//576
f 2671//576 2670//576 2669//576
f 2672//576 2673//576 2674//576
f 2404//576 2674//576 2668//576
f 2404//576 2672//576 2674//576
f 2675//576 2676//576 2666//576
f 2677//576 2666//576 2497//576
f 2677//576 2675//576 2666//576
f 2678//576 2668//576 2666//576
f 2678//576 2666//576 2676//576
f 2679//576 2677//576 2497//576
f 2498//576 2680//576 2679//576
f 2498//576 2679//576 2497//576
f 2682//576 2680//576 2498//576
f 2683//1555 2498//1555 2681//1555
f 2686//576 2678//576 2684//576
f 2686//576 2404//576 2668//576
f 2686//576 2668//576 2678//576
f 2683//576 2682//576 2498//576
f 2685//576 2686//576 2684//576
f 2687//576 2682//576 2683//576
f 2399//576 2689//576 2687//576
f 2399//760 2688//760 2689//760
f 2400//576 2399//576 2687//576
f 2690//576 2687//576 2683//576
f 2690//576 2400//576 2687//576
f 2692//576 2400//576 2690//576
f 2692//576 2690//576 2691//576
f 2693//3094 2656//3094 2654//3094
f 2694//3095 2656//3095 2693//3095
f 2694//3096 2655//3096 2656//3096
f 2695//3097 2410//3097 2655//3097
f 2695//3098 2655//3098 2694//3098
f 2693//576 2696//576 2697//576
f 2693//576 2698//576 2696//576
f 2693//576 2697//576 2699//576
f 2694//576 2693//576 2699//576
f 2695//576 2699//576 2405//576
f 2695//666 2694//666 2699//666
f 2405//3099 2659//3099 2406//3099
f 2699//3100 2659//3100 2405//3100
f 2699//3101 2657//3101 2659//3101
f 2697//3102 2658//3102 2657//3102
f 2697//3103 2657//3103 2699//3103
f 2700//3104 2671//3104 2669//3104
f 2701//3105 2671//3105 2700//3105
f 2701//3106 2670//3106 2671//3106
f 2702//3107 2407//3107 2670//3107
f 2702//3108 2670//3108 2701//3108
f 2700//576 2703//576 2704//576
f 2700//576 2705//576 2703//576
f 2700//576 2704//576 2706//576
f 2701//576 2700//576 2706//576
f 2702//576 2706//576 2403//576
f 2702//666 2701//666 2706//666
f 2403//3109 2672//3109 2404//3109
f 2706//3110 2672//3110 2403//3110
f 2706//3111 2673//3111 2672//3111
f 2704//3112 2674//3112 2673//3112
f 2704//3103 2673//3103 2706//3103
f 2686//3113 2707//3113 2402//3113
f 2685//3114 2707//3114 2686//3114
f 2685//3115 2708//3115 2707//3115
f 2684//3116 2708//3116 2685//3116
f 2709//576 2711//576 2710//576
f 2712//576 2710//576 2713//576
f 2712//576 2709//576 2710//576
f 2714//576 2715//576 2711//576
f 2714//576 2711//576 2709//576
f 2712//576 2713//576 2716//576
f 2717//576 2718//576 2715//576
f 2717//576 2715//576 2714//576
f 2719//576 2712//576 2716//576
f 2720//576 2718//576 2717//576
f 2721//576 2719//576 2716//576
f 2722//576 2718//576 2720//576
f 2723//576 2724//576 2721//576
f 2723//576 2721//576 2716//576
f 2722//576 2720//576 2725//576
f 2726//576 2724//576 2723//576
f 2727//576 2722//576 2725//576
f 2727//576 2725//576 2728//576
f 2727//576 2728//576 2729//576
f 2708//576 2726//576 2723//576
f 2708//576 2727//576 2729//576
f 2708//576 2729//576 2726//576
f 2708//576 2723//576 2730//576
f 2707//576 2708//576 2730//576
f 2402//576 2707//576 2401//576
f 2707//666 2730//666 2401//666
f 2688//3117 2730//3117 2723//3117
f 2688//3118 2723//3118 2689//3118
f 2399//3119 2401//3119 2730//3119
f 2399//3120 2730//3120 2688//3120
f 2587//3121 2691//3121 2690//3121
f 2587//3122 2690//3122 2583//3122
f 2587//3123 2692//3123 2691//3123
f 2589//3124 2692//3124 2587//3124
f 2398//3125 2400//3125 2692//3125
f 2398//3126 2692//3126 2589//3126
f 2554//3127 2625//3127 2552//3127
f 2554//3128 2626//3128 2625//3128
f 2557//3129 2626//3129 2554//3129
f 2509//3130 2511//3130 2626//3130
f 2509//3131 2626//3131 2557//3131
f 2573//3132 2681//3132 2498//3132
f 2573//3133 2498//3133 2575//3133
f 2576//3134 2683//3134 2681//3134
f 2576//3135 2681//3135 2573//3135
f 2665//3136 2731//3136 2497//3136
f 2665//3137 2732//3137 2731//3137
f 2664//3138 2732//3138 2665//3138
f 2664//3139 2733//3139 2732//3139
f 2663//3140 2733//3140 2664//3140
f 2734//576 2732//576 2733//576
f 2735//580 2731//580 2732//580
f 2735//576 2732//576 2734//576
f 2736//576 2734//576 2733//576
f 2737//576 2733//576 2738//576
f 2737//576 2736//576 2733//576
f 2660//3141 2736//3141 2661//3141
f 2660//3142 2734//3142 2736//3142
f 2500//3143 2735//3143 2734//3143
f 2500//3144 2734//3144 2660//3144
f 2740//3145 2648//3145 2739//3145
f 2740//3146 2649//3146 2648//3146
f 2741//3147 2649//3147 2740//3147
f 2741//3148 2499//3148 2649//3148
f 2501//3149 2499//3149 2741//3149
f 2742//576 2741//576 2740//576
f 2743//576 2740//576 2739//576
f 2743//576 2742//576 2740//576
f 2744//580 2741//580 2742//580
f 2744//576 2501//576 2741//576
f 2745//576 2739//576 2746//576
f 2745//576 2743//576 2739//576
f 2742//3150 2504//3150 2744//3150
f 2742//3151 2645//3151 2504//3151
f 2743//3152 2646//3152 2645//3152
f 2743//3153 2645//3153 2742//3153
f 2643//3154 2747//3154 2503//3154
f 2643//3155 2748//3155 2747//3155
f 2642//3156 2748//3156 2643//3156
f 2642//3157 2749//3157 2748//3157
f 2750//576 2748//576 2749//576
f 2751//580 2747//580 2748//580
f 2751//576 2748//576 2750//576
f 2752//576 2750//576 2749//576
f 2753//576 2749//576 2754//576
f 2753//576 2752//576 2749//576
f 2636//3158 2750//3158 2752//3158
f 2636//3159 2752//3159 2638//3159
f 2506//3160 2751//3160 2750//3160
f 2506//3161 2750//3161 2636//3161
f 2633//3162 2755//3162 2502//3162
f 2633//3163 2502//3163 2505//3163
f 2632//3164 2756//3164 2755//3164
f 2632//3165 2755//3165 2633//3165
f 2631//3166 2756//3166 2632//3166
f 2757//580 2502//580 2755//580
f 2758//576 2755//576 2756//576
f 2758//576 2757//576 2755//576
f 2759//576 2756//576 2760//576
f 2761//576 2759//576 2760//576
f 2508//576 2502//576 2757//576
f 2762//576 2758//576 2756//576
f 2763//576 2756//576 2759//576
f 2764//576 2761//576 2760//576
f 2763//576 2762//576 2756//576
f 2765//576 2762//576 2763//576
f 2764//576 2760//576 2766//576
f 2767//576 2766//576 2768//576
f 2767//576 2764//576 2766//576
f 2769//576 2762//576 2765//576
f 2770//576 2767//576 2768//576
f 2770//576 2771//576 2767//576
f 2772//576 2762//576 2769//576
f 2772//576 2769//576 2773//576
f 2774//576 2771//576 2770//576
f 2772//576 2773//576 2775//576
f 2774//576 2776//576 2771//576
f 2777//576 2772//576 2775//576
f 2778//576 2776//576 2774//576
f 2778//576 2777//576 2775//576
f 2778//576 2775//576 2776//576
f 2628//3167 2758//3167 2762//3167
f 2627//3168 2758//3168 2628//3168
f 2627//3169 2757//3169 2758//3169
f 2510//3170 2757//3170 2627//3170
f 2510//3171 2508//3171 2757//3171
f 2779//576 2519//576 2517//576
f 2518//576 2519//576 2779//576
f 2780//576 2518//576 2779//576
f 2780//576 2779//576 2781//576
f 2782//580 2780//580 2781//580
f 2783//576 2784//576 2518//576
f 2783//576 2518//576 2780//576
f 2785//576 2786//576 2784//576
f 2785//576 2784//576 2783//576
f 2787//576 2782//576 2781//576
f 2522//576 2781//576 2521//576
f 2788//576 2786//576 2785//576
f 2788//580 2785//580 2789//580
f 2520//576 2787//576 2781//576
f 2520//576 2781//576 2522//576
f 2520//1555 2790//1555 2787//1555
f 2791//666 2789//666 2792//666
f 2791//576 2788//576 2789//576
f 2793//576 2790//576 2520//576
f 2794//576 2791//576 2792//576
f 2795//576 2790//576 2793//576
f 2795//576 2794//576 2792//576
f 2795//576 2792//576 2790//576
f 2615//3172 2532//3172 2531//3172
f 2615//3173 2796//3173 2532//3173
f 2614//3174 2796//3174 2615//3174
f 2614//3175 2797//3175 2796//3175
f 2545//3176 2542//3176 2797//3176
f 2545//3177 2797//3177 2614//3177
f 2798//576 2540//576 2539//576
f 2798//576 2541//576 2540//576
f 2799//666 2798//666 2539//666
f 2800//576 2541//576 2798//576
f 2799//576 2539//576 2538//576
f 2800//576 2544//576 2541//576
f 2801//760 2544//760 2800//760
f 2802//576 2538//576 2537//576
f 2802//2637 2799//2637 2538//2637
f 2797//576 2544//576 2801//576
f 2797//576 2542//576 2543//576
f 2797//576 2543//576 2544//576
f 2797//1521 2801//1521 2804//1521
f 2536//576 2802//576 2537//576
f 2536//2911 2803//2911 2802//2911
f 2535//576 2803//576 2536//576
f 2796//576 2797//576 2804//576
f 2796//2636 2804//2636 2805//2636
f 2533//1312 2805//1312 2803//1312
f 2533//576 2803//576 2535//576
f 2796//576 2805//576 2533//576
f 2534//576 2796//576 2533//576
f 2532//576 2796//576 2534//576
f 2624//3178 2552//3178 2625//3178
f 2561//3179 2552//3179 2624//3179
f 2576//3180 2583//3180 2690//3180
f 2683//3181 2576//3181 2690//3181
f 2610//3182 2807//3182 2806//3182
f 2611//3183 2808//3183 2807//3183
f 2611//3184 2807//3184 2610//3184
f 2612//3185 2808//3185 2611//3185
f 2609//3186 2806//3186 2809//3186
f 2609//3187 2610//3187 2806//3187
f 2607//3188 2811//3188 2810//3188
f 2608//3189 2809//3189 2811//3189
f 2608//3190 2811//3190 2607//3190
f 2609//3191 2809//3191 2608//3191
f 2596//3192 2810//3192 2812//3192
f 2596//3193 2607//3193 2810//3193
f 2595//3194 2814//3194 2813//3194
f 2595//3195 2813//3195 2592//3195
f 2596//3196 2812//3196 2814//3196
f 2596//3197 2814//3197 2595//3197
f 2815//3198 2592//3198 2813//3198
f 2591//3199 2592//3199 2815//3199
f 2593//3200 2817//3200 2816//3200
f 2593//3201 2816//3201 2594//3201
f 2591//3202 2815//3202 2817//3202
f 2591//3203 2817//3203 2593//3203
f 2599//3204 2818//3204 2601//3204
f 2599//3205 2819//3205 2818//3205
f 2599//3206 2820//3206 2819//3206
f 2598//3207 2820//3207 2599//3207
f 2594//3208 2816//3208 2820//3208
f 2594//3209 2820//3209 2598//3209
f 2603//3210 2822//3210 2821//3210
f 2602//3211 2818//3211 2822//3211
f 2602//3212 2822//3212 2603//3212
f 2601//3213 2818//3213 2602//3213
f 2604//3214 2821//3214 2823//3214
f 2604//3215 2603//3215 2821//3215
f 2606//3216 2825//3216 2824//3216
f 2605//3217 2823//3217 2825//3217
f 2605//3218 2825//3218 2606//3218
f 2604//3219 2823//3219 2605//3219
f 2826//3220 2617//3220 2606//3220
f 2826//3221 2606//3221 2824//3221
f 2620//3222 2828//3222 2827//3222
f 2619//3223 2826//3223 2828//3223
f 2619//3224 2828//3224 2620//3224
f 2617//3225 2826//3225 2619//3225
f 2622//3226 2827//3226 2829//3226
f 2622//3227 2620//3227 2827//3227
f 2618//3228 2831//3228 2830//3228
f 2621//3229 2829//3229 2831//3229
f 2621//3230 2831//3230 2618//3230
f 2622//3231 2829//3231 2621//3231
f 2629//3232 2628//3232 2762//3232
f 2629//3233 2762//3233 2772//3233
f 2630//3234 2772//3234 2777//3234
f 2630//3235 2629//3235 2772//3235
f 2634//3236 2777//3236 2778//3236
f 2634//3237 2630//3237 2777//3237
f 2634//3238 2778//3238 2774//3238
f 2635//3239 2634//3239 2774//3239
f 2637//3240 2774//3240 2770//3240
f 2637//3241 2635//3241 2774//3241
f 2651//3242 2770//3242 2768//3242
f 2651//3243 2637//3243 2770//3243
f 2640//3244 2768//3244 2766//3244
f 2640//3245 2651//3245 2768//3245
f 2641//3246 2766//3246 2760//3246
f 2641//3247 2640//3247 2766//3247
f 2631//3248 2760//3248 2756//3248
f 2641//3249 2760//3249 2631//3249
f 2639//3250 2638//3250 2752//3250
f 2639//3251 2752//3251 2753//3251
f 2639//444 2754//444 2644//444
f 2639//444 2753//444 2754//444
f 2644//3252 2749//3252 2642//3252
f 2644//3253 2754//3253 2749//3253
f 2745//3254 2647//3254 2646//3254
f 2745//3255 2646//3255 2743//3255
f 2647//444 2745//444 2746//444
f 2647//444 2746//444 2653//444
f 2653//3256 2746//3256 2739//3256
f 2653//3257 2739//3257 2648//3257
f 2661//3258 2736//3258 2737//3258
f 2662//3259 2661//3259 2737//3259
f 2666//444 2737//444 2738//444
f 2662//444 2737//444 2666//444
f 2663//3260 2666//3260 2738//3260
f 2663//3261 2738//3261 2733//3261
f 2723//3262 2687//3262 2689//3262
f 2723//3263 2716//3263 2687//3263
f 2682//3264 2716//3264 2713//3264
f 2682//3265 2687//3265 2716//3265
f 2682//3266 2713//3266 2710//3266
f 2680//3267 2710//3267 2711//3267
f 2680//3268 2682//3268 2710//3268
f 2679//3269 2711//3269 2715//3269
f 2679//3270 2680//3270 2711//3270
f 2677//3271 2679//3271 2715//3271
f 2677//3272 2715//3272 2718//3272
f 2675//3273 2718//3273 2722//3273
f 2675//3274 2677//3274 2718//3274
f 2676//3275 2675//3275 2722//3275
f 2678//3276 2722//3276 2727//3276
f 2678//3277 2676//3277 2722//3277
f 2684//3278 2727//3278 2708//3278
f 2684//3279 2678//3279 2727//3279
f 2674//3280 2703//3280 2668//3280
f 2674//3281 2704//3281 2703//3281
f 2668//450 2703//450 2705//450
f 2667//450 2668//450 2705//450
f 2669//3282 2705//3282 2700//3282
f 2669//3283 2667//3283 2705//3283
f 2658//3280 2696//3280 2652//3280
f 2658//3284 2697//3284 2696//3284
f 2652//450 2696//450 2698//450
f 2650//450 2652//450 2698//450
f 2654//3285 2698//3285 2693//3285
f 2654//3283 2650//3283 2698//3283
f 2806//576 2832//576 2833//576
f 2807//576 2832//576 2806//576
f 2807//576 2834//576 2832//576
f 2809//576 2806//576 2833//576
f 2809//576 2833//576 2835//576
f 2808//576 2834//576 2807//576
f 2808//576 2836//576 2834//576
f 2811//576 2809//576 2835//576
f 2837//576 2811//576 2835//576
f 2810//576 2811//576 2837//576
f 2838//576 2836//576 2808//576
f 2839//576 2838//576 2808//576
f 2840//576 2838//576 2839//576
f 2841//576 2838//576 2840//576
f 2842//576 2841//576 2840//576
f 2830//576 2842//576 2840//576
f 2831//576 2843//576 2842//576
f 2831//576 2842//576 2830//576
f 2829//576 2844//576 2843//576
f 2829//576 2843//576 2831//576
f 2827//576 2844//576 2829//576
f 2845//576 2844//576 2827//576
f 2828//576 2845//576 2827//576
f 2846//576 2845//576 2828//576
f 2826//576 2846//576 2828//576
f 2847//576 2846//576 2826//576
f 2812//576 2810//576 2837//576
f 2812//576 2837//576 2848//576
f 2814//576 2848//576 2849//576
f 2814//576 2812//576 2848//576
f 2813//576 2849//576 2850//576
f 2813//576 2814//576 2849//576
f 2815//576 2850//576 2851//576
f 2815//576 2813//576 2850//576
f 2817//576 2815//576 2851//576
f 2852//576 2817//576 2851//576
f 2816//576 2817//576 2852//576
f 2853//576 2816//576 2852//576
f 2854//576 2816//576 2853//576
f 2854//576 2820//576 2816//576
f 2855//576 2820//576 2854//576
f 2855//576 2819//576 2820//576
f 2824//576 2847//576 2826//576
f 2856//576 2847//576 2824//576
f 2825//576 2856//576 2824//576
f 2857//576 2819//576 2855//576
f 2857//576 2818//576 2819//576
f 2858//576 2856//576 2825//576
f 2858//576 2825//576 2823//576
f 2859//576 2858//576 2823//576
f 2859//576 2823//576 2821//576
f 2860//576 2818//576 2857//576
f 2860//576 2822//576 2818//576
f 2861//576 2859//576 2821//576
f 2861//576 2822//576 2860//576
f 2861//576 2821//576 2822//576
f 2862//54 2863//54 2864//54
f 2862//54 2865//54 2863//54
f 2865//54 2866//54 2863//54
f 2862//54 2864//54 2867//54
f 2868//54 2869//54 2866//54
f 2868//54 2866//54 2865//54
f 2870//54 2867//54 2871//54
f 2870//54 2862//54 2867//54
f 2868//54 2872//54 2869//54
f 2873//54 2870//54 2871//54
f 2874//54 2875//54 2872//54
f 2874//54 2872//54 2868//54
f 2876//54 2873//54 2871//54
f 2877//54 2875//54 2874//54
f 2878//54 2875//54 2877//54
f 2879//54 2873//54 2876//54
f 2879//54 2880//54 2873//54
f 2878//54 2877//54 2881//54
f 2882//54 2878//54 2881//54
f 2883//54 2880//54 2879//54
f 2883//54 2884//54 2880//54
f 2885//54 2882//54 2881//54
f 2883//54 2886//54 2884//54
f 2885//54 2881//54 2886//54
f 2887//54 2886//54 2883//54
f 2887//54 2885//54 2886//54
f 2888//54 2889//54 2890//54
f 2888//54 2891//54 2889//54
f 2892//54 2890//54 2893//54
f 2892//54 2888//54 2890//54
f 2894//54 2891//54 2888//54
f 2894//54 2895//54 2891//54
f 2892//54 2893//54 2896//54
f 2897//54 2895//54 2894//54
f 2898//54 2892//54 2896//54
f 2897//54 2899//54 2895//54
f 2900//54 2901//54 2898//54
f 2900//54 2898//54 2896//54
f 2902//54 2899//54 2897//54
f 2903//54 2899//54 2902//54
f 2904//54 2901//54 2900//54
f 2904//54 2905//54 2901//54
f 2906//54 2903//54 2902//54
f 2906//54 2902//54 2907//54
f 2908//54 2905//54 2904//54
f 2908//54 2909//54 2905//54
f 2910//54 2906//54 2907//54
f 2910//54 2907//54 2911//54
f 2912//54 2909//54 2908//54
f 2912//54 2911//54 2909//54
f 2912//54 2910//54 2911//54
f 2913//54 2914//54 2915//54
f 2916//54 2917//54 2914//54
f 2916//54 2914//54 2913//54
f 2918//895 2913//895 2915//895
f 2919//54 2917//54 2916//54
f 2918//56 2915//56 2920//56
f 2919//54 2921//54 2917//54
f 2922//56 2918//56 2920//56
f 2923//252 2918//252 2922//252
f 2924//56 2921//56 2919//56
f 2925//54 2921//54 2924//54
f 2926//54 2923//54 2922//54
f 2927//254 2925//254 2924//254
f 2927//251 2924//251 2928//251
f 2929//54 2923//54 2926//54
f 2929//2627 2930//2627 2923//2627
f 2931//56 2927//56 2928//56
f 2932//1168 2928//1168 2930//1168
f 2932//56 2931//56 2928//56
f 2932//252 2930//252 2929//252
f 2933//895 2936//895 2934//895
f 2933//896 2935//896 2936//896
f 2933//56 2934//56 2937//56
f 2935//895 2938//895 2936//895
f 2939//3286 2938//3286 2935//3286
f 2940//54 2937//54 2941//54
f 2940//56 2933//56 2937//56
f 2942//54 2940//54 2941//54
f 2943//54 2944//54 2938//54
f 2943//54 2938//54 2939//54
f 2945//252 2940//252 2942//252
f 2946//54 2944//54 2943//54
f 2947//54 2945//54 2942//54
f 2948//54 2944//54 2946//54
f 2947//254 2949//254 2945//254
f 2950//56 2948//56 2946//56
f 2951//895 2949//895 2947//895
f 2952//895 2946//895 2953//895
f 2952//54 2950//54 2946//54
f 2951//56 2953//56 2949//56
f 2951//54 2952//54 2953//54
f 2954//3287 2955//3287 2956//3287
f 2954//3288 2956//3288 2957//3288
f 2958//3289 3015//3289 2959//3289
f 2956//3290 3014//3290 3015//3290
f 2956//3291 3015//3291 2958//3291
f 2956//3292 2955//3292 3014//3292
f 3016//3293 2960//3293 2958//3293
f 3016//3294 2958//3294 2959//3294
f 2961//3295 3019//3295 3018//3295
f 2961//3296 3017//3296 3019//3296
f 2960//3297 3016//3297 3017//3297
f 2960//3298 3017//3298 2961//3298
f 3018//3299 3020//3299 2962//3299
f 3018//3300 2962//3300 2961//3300
f 2963//3301 3022//3301 2964//3301
f 2965//3302 3021//3302 3022//3302
f 2965//3303 3022//3303 2963//3303
f 2962//3304 3020//3304 3021//3304
f 2962//3305 3021//3305 2965//3305
f 2964//3306 2966//3306 2963//3306
f 2967//3307 2966//3307 2964//3307
f 3024//3308 2966//3308 2967//3308
f 3024//3309 2968//3309 2966//3309
f 2969//3310 2968//3310 3024//3310
f 3025//3311 2970//3311 2968//3311
f 3025//3312 2968//3312 2969//3312
f 2972//3313 3028//3313 3026//3313
f 2972//3314 3026//3314 2971//3314
f 2970//3315 3027//3315 3028//3315
f 2970//3316 3028//3316 2972//3316
f 2970//3317 3025//3317 3027//3317
f 2971//3318 3029//3318 2973//3318
f 3026//3319 3029//3319 2971//3319
f 2974//3320 3031//3320 2975//3320
f 2973//3321 3030//3321 3031//3321
f 2973//3322 3031//3322 2974//3322
f 2973//3323 3029//3323 3030//3323
f 2974//3324 3032//3324 2976//3324
f 2974//3325 2975//3325 3032//3325
f 2977//3326 3034//3326 2978//3326
f 2977//3327 3033//3327 3034//3327
f 2976//3328 3032//3328 3033//3328
f 2976//3329 3033//3329 2977//3329
f 2977//3330 2979//3330 2980//3330
f 2978//3331 2979//3331 2977//3331
f 2981//3332 3035//3332 3037//3332
f 2981//3333 3036//3333 3035//3333
f 2982//3334 2979//3334 3036//3334
f 2982//3335 3036//3335 2981//3335
f 2980//3336 2979//3336 2982//3336
f 3037//3337 2983//3337 2981//3337
f 3038//3338 2983//3338 3037//3338
f 3040//3339 2984//3339 2983//3339
f 3040//3340 2983//3340 3038//3340
f 2985//3341 2984//3341 3040//3341
f 3041//3342 2986//3342 2984//3342
f 3041//3343 2984//3343 2985//3343
f 2957//3344 3043//3344 2954//3344
f 2987//3345 3042//3345 3043//3345
f 2987//3346 3043//3346 2957//3346
f 2986//3347 3041//3347 3042//3347
f 2986//3348 3042//3348 2987//3348
f 2852//3349 2989//3349 2988//3349
f 2852//3350 2988//3350 2853//3350
f 2851//3351 2990//3351 2989//3351
f 2851//3352 2989//3352 2852//3352
f 2855//3353 2991//3353 2857//3353
f 2855//3354 2992//3354 2991//3354
f 2854//3355 2993//3355 2992//3355
f 2854//3356 2992//3356 2855//3356
f 2854//3357 2988//3357 2993//3357
f 2853//3358 2988//3358 2854//3358
f 2861//3359 2995//3359 2994//3359
f 2860//3360 2991//3360 2995//3360
f 2860//3361 2995//3361 2861//3361
f 2857//3362 2991//3362 2860//3362
f 2859//3363 2994//3363 2996//3363
f 2859//3364 2861//3364 2994//3364
f 2856//3365 2998//3365 2997//3365
f 2858//3366 2996//3366 2998//3366
f 2858//3367 2998//3367 2856//3367
f 2859//3368 2996//3368 2858//3368
f 2847//3369 2856//3369 2997//3369
f 2999//3370 2847//3370 2997//3370
f 2846//3371 3001//3371 3000//3371
f 2846//3372 3000//3372 2845//3372
f 2847//3373 2999//3373 3001//3373
f 2847//3223 3001//3223 2846//3223
f 3002//3374 2845//3374 3000//3374
f 2844//3375 2845//3375 3002//3375
f 2843//3376 3004//3376 3003//3376
f 2843//3377 3003//3377 2842//3377
f 2844//3378 3002//3378 3004//3378
f 2844//3379 3004//3379 2843//3379
f 2832//3380 3006//3380 3005//3380
f 2834//3381 3007//3381 3006//3381
f 2834//3382 3006//3382 2832//3382
f 2836//3383 3007//3383 2834//3383
f 2833//3384 3005//3384 3008//3384
f 2833//3385 2832//3385 3005//3385
f 2837//3386 3010//3386 3009//3386
f 2835//3387 3008//3387 3010//3387
f 2835//3388 3010//3388 2837//3388
f 2833//3389 3008//3389 2835//3389
f 2848//3390 3009//3390 3011//3390
f 2848//3391 2837//3391 3009//3391
f 2849//3392 3013//3392 3012//3392
f 2849//3393 3012//3393 2850//3393
f 2848//3394 3011//3394 3013//3394
f 2848//3395 3013//3395 2849//3395
f 2990//3396 2850//3396 3012//3396
f 2851//3397 2850//3397 2990//3397
f 2959//3398 3015//3398 3016//3398
f 3023//3399 3181//3399 3024//3399
f 3023//3400 3024//3400 2967//3400
f 3023//3401 2967//3401 2964//3401
f 2969//3402 3183//3402 3025//3402
f 2969//3403 3181//3403 3183//3403
f 3024//3404 3181//3404 2969//3404
f 3027//3405 3025//3405 3183//3405
f 3028//3406 3027//3406 3186//3406
f 3026//3407 3028//3407 3186//3407
f 2975//3408 3031//3408 3032//3408
f 2979//3409 2978//3409 3034//3409
f 3035//3410 3201//3410 3037//3410
f 3038//3411 3037//3411 3201//3411
f 3038//3412 3039//3412 3040//3412
f 2985//3413 3040//3413 3039//3413
f 2985//3414 3039//3414 3041//3414
f 3046//3415 3045//3415 3044//3415
f 3048//3416 3045//3416 3046//3416
f 3048//3417 3046//3417 3049//3417
f 3049//3418 3050//3418 3048//3418
f 3056//3419 3051//3419 3050//3419
f 3056//3420 3058//3420 3051//3420
f 3056//3421 3050//3421 3049//3421
f 3051//3422 3058//3422 3052//3422
f 3053//3423 3049//3423 3046//3423
f 3055//3424 3049//3424 3054//3424
f 3056//3425 3055//3425 3057//3425
f 3047//3426 3053//3426 3046//3426
f 3055//3427 3056//3427 3049//3427
f 3054//3428 3049//3428 3053//3428
f 3058//3429 3056//3429 3057//3429
f 3061//3430 3060//3430 3059//3430
f 3063//3431 3064//3431 3062//3431
f 3064//3432 3063//3432 3065//3432
f 3066//3433 3067//3433 3059//3433
f 3066//3434 3059//3434 3060//3434
f 3067//3435 3066//3435 3068//3435
f 3065//3436 3067//3436 3068//3436
f 3068//3437 3064//3437 3065//3437
f 3069//3438 3053//3438 3047//3438
f 3069//3439 3047//3439 3127//3439
f 3070//3440 3054//3440 3053//3440
f 3070//3441 3053//3441 3069//3441
f 3071//3442 3055//3442 3054//3442
f 3071//3443 3054//3443 3070//3443
f 3072//3444 3057//3444 3055//3444
f 3072//3445 3055//3445 3071//3445
f 3073//3446 3057//3446 3072//3446
f 3074//3447 3045//3447 3048//3447
f 3074//3448 3123//3448 3045//3448
f 3074//3449 3048//3449 3050//3449
f 3075//3450 3074//3450 3050//3450
f 3077//3451 3050//3451 3051//3451
f 3077//3452 3075//3452 3050//3452
f 3128//3453 3057//3453 3073//3453
f 3058//3454 3057//3454 3128//3454
f 3128//3455 3052//3455 3058//3455
f 3076//3456 3052//3456 3128//3456
f 3129//3457 3051//3457 3052//3457
f 3129//3458 3052//3458 3076//3458
f 3077//3459 3051//3459 3129//3459
f 3082//3460 3081//3460 3059//3460
f 3082//3461 3059//3461 3067//3461
f 3082//3462 3067//3462 3065//3462
f 3083//3463 3082//3463 3065//3463
f 3086//3464 3065//3464 3063//3464
f 3086//3465 3083//3465 3065//3465
f 3085//3466 3062//3466 3064//3466
f 3085//3467 3064//3467 3084//3467
f 3137//3468 3062//3468 3085//3468
f 3137//3469 3063//3469 3062//3469
f 3086//3470 3063//3470 3137//3470
f 3087//3471 3066//3471 3060//3471
f 3087//3472 3060//3472 3079//3472
f 3088//3473 3068//3473 3066//3473
f 3088//3474 3066//3474 3087//3474
f 3084//3475 3064//3475 3068//3475
f 3084//3476 3068//3476 3088//3476
f 3090//3477 3091//3477 3089//3477
f 3093//3478 3094//3478 3092//3478
f 3095//3479 3096//3479 3139//3479
f 3097//3480 3095//3480 3139//3480
f 3099//3481 3084//3481 3088//3481
f 3102//3482 3101//3482 3088//3482
f 3102//3483 3088//3483 3087//3483
f 3079//3484 3080//3484 3087//3484
f 3101//3485 3100//3485 3099//3485
f 3087//3486 3103//3486 3102//3486
f 3087//3487 3080//3487 3103//3487
f 3088//3488 3101//3488 3099//3488
f 3070//3489 3069//3489 3104//3489
f 3105//3490 3070//3490 3104//3490
f 3106//3491 3071//3491 3070//3491
f 3106//3492 3070//3492 3105//3492
f 3104//3493 3069//3493 3126//3493
f 3072//3494 3071//3494 3106//3494
f 3078//3495 3072//3495 3106//3495
f 3126//3496 3069//3496 3127//3496
f 3073//3497 3072//3497 3078//3497
f 3109//3498 3107//3498 3120//3498
f 3109//3499 3108//3499 3107//3499
f 3108//3500 3110//3500 3111//3500
f 3091//3501 3090//3501 3114//3501
f 3115//3502 3116//3502 3173//3502
f 3115//3503 3173//3503 3174//3503
f 3116//3504 3115//3504 3117//3504
f 3114//3505 3116//3505 3117//3505
f 3117//3506 3091//3506 3114//3506
f 3109//3507 3120//3507 3118//3507
f 3113//3508 3109//3508 3118//3508
f 3107//3509 3119//3509 3120//3509
f 3107//3510 3121//3510 3119//3510
f 3121//3511 3166//3511 3122//3511
f 3127//3512 3125//3512 3126//3512
f 3076//3513 3128//3513 3129//3513
f 3128//3514 3073//3514 3078//3514
f 3130//3515 3158//3515 3131//3515
f 3132//3516 3130//3516 3131//3516
f 3133//3517 3132//3517 3131//3517
f 3132//3518 3133//3518 3134//3518
f 3080//3519 3079//3519 3135//3519
f 3099//3520 3138//3520 3084//3520
f 3099//3521 3100//3521 3138//3521
f 3084//3522 3138//3522 3085//3522
f 3140//3523 3141//3523 3139//3523
f 3096//3524 3140//3524 3139//3524
f 3143//3525 3144//3525 3145//3525
f 3146//3526 3147//3526 3094//3526
f 3146//3527 3094//3527 3093//3527
f 3147//3528 3146//3528 3148//3528
f 3145//3529 3147//3529 3148//3529
f 3148//3530 3143//3530 3145//3530
f 3150//3531 3092//3531 3094//3531
f 3150//3532 3094//3532 3149//3532
f 3151//3533 3092//3533 3150//3533
f 3221//3534 3093//3534 3092//3534
f 3221//3535 3092//3535 3151//3535
f 3220//3536 3093//3536 3221//3536
f 3095//3537 3203//3537 3096//3537
f 3095//3538 3152//3538 3203//3538
f 3141//3539 3097//3539 3139//3539
f 3142//3540 3098//3540 3097//3540
f 3142//3541 3097//3541 3141//3541
f 3154//3542 3098//3542 3142//3542
f 3103//3543 3080//3543 3156//3543
f 3103//3544 3156//3544 3234//3544
f 3235//3545 3102//3545 3103//3545
f 3235//3546 3103//3546 3234//3546
f 3101//3547 3102//3547 3235//3547
f 3101//3548 3235//3548 3233//3548
f 3101//3549 3232//3549 3100//3549
f 3101//3550 3233//3550 3232//3550
f 3158//3551 3157//3551 3131//3551
f 3133//3552 3159//3552 3134//3552
f 3131//3553 3157//3553 3159//3553
f 3131//3554 3159//3554 3133//3554
f 3160//3555 3126//3555 3236//3555
f 3160//3556 3104//3556 3126//3556
f 3105//3557 3160//3557 3161//3557
f 3105//3558 3104//3558 3160//3558
f 3106//3559 3105//3559 3161//3559
f 3106//3560 3161//3560 3162//3560
f 3162//3561 3078//3561 3106//3561
f 3162//3562 3163//3562 3078//3562
f 3166//3563 3108//3563 3111//3563
f 3121//3564 3108//3564 3166//3564
f 3107//3565 3108//3565 3121//3565
f 3166//3566 3111//3566 3164//3566
f 3122//3567 3166//3567 3165//3567
f 3164//3568 3111//3568 3110//3568
f 3167//3569 3113//3569 3118//3569
f 3180//3570 3113//3570 3167//3570
f 3241//3571 3113//3571 3180//3571
f 3109//3572 3110//3572 3108//3572
f 3112//3573 3109//3573 3113//3573
f 3168//3574 3113//3574 3241//3574
f 3168//3575 3112//3575 3113//3575
f 3169//3576 3115//3576 3174//3576
f 3169//3577 3174//3577 3307//3577
f 3170//3578 3117//3578 3115//3578
f 3170//3579 3115//3579 3169//3579
f 3171//3580 3117//3580 3170//3580
f 3209//3581 3091//3581 3117//3581
f 3209//3582 3117//3582 3171//3582
f 3174//3583 3173//3583 3172//3583
f 3175//3584 3176//3584 3173//3584
f 3175//3585 3173//3585 3116//3585
f 3175//3586 3116//3586 3114//3586
f 3177//3587 3175//3587 3114//3587
f 3178//3588 3114//3588 3090//3588
f 3178//3589 3177//3589 3114//3589
f 3179//3590 3118//3590 3120//3590
f 3179//3591 3167//3591 3118//3591
f 3119//3592 3181//3592 3120//3592
f 3122//3593 3182//3593 3121//3593
f 3119//3594 3182//3594 3183//3594
f 3119//3595 3183//3595 3181//3595
f 3119//3596 3121//3596 3182//3596
f 3182//3597 3122//3597 3184//3597
f 3185//3598 3186//3598 3183//3598
f 3185//3599 3183//3599 3182//3599
f 3185//3600 3184//3600 3187//3600
f 3185//3601 3182//3601 3184//3601
f 3188//3602 3189//3602 3186//3602
f 3188//3603 3186//3603 3185//3603
f 3190//3604 3189//3604 3188//3604
f 3187//3605 3188//3605 3185//3605
f 3191//3606 3192//3606 3190//3606
f 3191//3607 3188//3607 3187//3607
f 3191//3608 3190//3608 3188//3608
f 3124//3609 3257//3609 3189//3609
f 3124//3610 3189//3610 3190//3610
f 3123//3611 3257//3611 3124//3611
f 3125//3612 3124//3612 3190//3612
f 3125//3613 3190//3613 3192//3613
f 3126//3614 3125//3614 3192//3614
f 3236//3615 3126//3615 3192//3615
f 3074//3616 3257//3616 3123//3616
f 3074//3617 3193//3617 3257//3617
f 3075//3618 3194//3618 3193//3618
f 3075//3619 3193//3619 3074//3619
f 3075//3620 3077//3620 3194//3620
f 3130//3621 3129//3621 3128//3621
f 3130//3622 3128//3622 3078//3622
f 3163//3623 3130//3623 3078//3623
f 3081//3624 3258//3624 3194//3624
f 3081//3625 3194//3625 3077//3625
f 3081//3626 3077//3626 3129//3626
f 3136//3627 3081//3627 3129//3627
f 3136//3628 3129//3628 3130//3628
f 3132//3629 3135//3629 3136//3629
f 3132//3630 3136//3630 3130//3630
f 3080//3631 3135//3631 3132//3631
f 3156//3632 3080//3632 3132//3632
f 3158//3633 3130//3633 3163//3633
f 3132//3634 3134//3634 3156//3634
f 3258//3635 3082//3635 3195//3635
f 3258//3636 3081//3636 3082//3636
f 3083//3637 3195//3637 3082//3637
f 3083//3638 3196//3638 3195//3638
f 3083//3639 3086//3639 3196//3639
f 3138//3640 3229//3640 3197//3640
f 3138//3641 3100//3641 3232//3641
f 3138//3642 3232//3642 3229//3642
f 3085//3643 3138//3643 3197//3643
f 3137//3644 3085//3644 3197//3644
f 3137//3645 3197//3645 3198//3645
f 3196//3646 3086//3646 3137//3646
f 3196//3647 3137//3647 3198//3647
f 3142//3648 3200//3648 3155//3648
f 3199//3649 3198//3649 3197//3649
f 3228//3650 3197//3650 3229//3650
f 3199//3651 3201//3651 3198//3651
f 3231//3652 3197//3652 3228//3652
f 3231//3653 3199//3653 3197//3653
f 3199//3654 3231//3654 3230//3654
f 3200//3655 3201//3655 3199//3655
f 3200//3656 3230//3656 3155//3656
f 3200//3657 3199//3657 3230//3657
f 3140//3658 3096//3658 3202//3658
f 3142//3659 3141//3659 3200//3659
f 3140//3660 3201//3660 3200//3660
f 3140//3661 3202//3661 3201//3661
f 3140//3662 3200//3662 3141//3662
f 3096//3663 3203//3663 3204//3663
f 3203//3664 3205//3664 3204//3664
f 3208//3665 3210//3665 3206//3665
f 3210//3666 3208//3666 3209//3666
f 3212//3667 3094//3667 3147//3667
f 3212//3668 3149//3668 3094//3668
f 3212//3669 3147//3669 3145//3669
f 3213//3670 3212//3670 3145//3670
f 3214//3671 3145//3671 3144//3671
f 3214//3672 3213//3672 3145//3672
f 3215//3673 3146//3673 3093//3673
f 3215//3674 3093//3674 3220//3674
f 3216//3675 3146//3675 3215//3675
f 3216//3676 3148//3676 3146//3676
f 3217//3677 3148//3677 3216//3677
f 3218//3678 3143//3678 3148//3678
f 3218//3679 3148//3679 3217//3679
f 3313//3680 3143//3680 3218//3680
f 3151//3681 3150//3681 3221//3681
f 3219//3682 3220//3682 3221//3682
f 3223//3683 3222//3683 3224//3683
f 3224//3684 3152//3684 3153//3684
f 3205//3685 3152//3685 3224//3685
f 3203//3686 3152//3686 3205//3686
f 3224//3687 3153//3687 3225//3687
f 3155//3688 3226//3688 3227//3688
f 3142//3689 3155//3689 3227//3689
f 3142//3690 3227//3690 3154//3690
f 3184//3691 3122//3691 3165//3691
f 3238//3692 3237//3692 3164//3692
f 3239//3693 3240//3693 3241//3693
f 3242//3694 3164//3694 3110//3694
f 3242//3695 3110//3695 3109//3695
f 3242//3696 3109//3696 3112//3696
f 3242//3697 3112//3697 3168//3697
f 3242//3698 3243//3698 3238//3698
f 3242//3699 3238//3699 3164//3699
f 3244//3700 3168//3700 3241//3700
f 3244//3701 3240//3701 3243//3701
f 3244//3702 3242//3702 3168//3702
f 3244//3703 3241//3703 3240//3703
f 3244//3704 3243//3704 3242//3704
f 3250//3705 3249//3705 3170//3705
f 3250//3706 3170//3706 3169//3706
f 3171//3707 3249//3707 3209//3707
f 3170//3708 3249//3708 3171//3708
f 3307//3709 3306//3709 3169//3709
f 3209//3710 3249//3710 3210//3710
f 3169//3711 3251//3711 3250//3711
f 3169//3712 3306//3712 3251//3712
f 3252//3713 3173//3713 3176//3713
f 3252//3714 3172//3714 3173//3714
f 3253//3715 3172//3715 3252//3715
f 3253//3716 3174//3716 3172//3716
f 3307//3717 3174//3717 3253//3717
f 3254//3718 3120//3718 3181//3718
f 3179//3719 3120//3719 3254//3719
f 3255//3720 3167//3720 3179//3720
f 3255//3721 3254//3721 3256//3721
f 3255//3722 3179//3722 3254//3722
f 3180//3723 3167//3723 3255//3723
f 3257//3724 3029//3724 3189//3724
f 3193//3725 3029//3725 3257//3725
f 3258//3726 3031//3726 3194//3726
f 3258//3727 3032//3727 3031//3727
f 3195//3728 3032//3728 3258//3728
f 3195//3729 3196//3729 3034//3729
f 3034//3730 3198//3730 2979//3730
f 3034//3731 3196//3731 3198//3731
f 3201//3732 3036//3732 3198//3732
f 3038//3733 3201//3733 3202//3733
f 3039//3734 3038//3734 3202//3734
f 3039//3735 3202//3735 3096//3735
f 3204//3736 3039//3736 3096//3736
f 3259//3737 3260//3737 3039//3737
f 3259//3738 3204//3738 3205//3738
f 3259//3739 3039//3739 3204//3739
f 3224//3740 3259//3740 3205//3740
f 3259//3741 3224//3741 3222//3741
f 3259//3742 3222//3742 3261//3742
f 3262//3743 3263//3743 3260//3743
f 3262//3744 3260//3744 3259//3744
f 3262//3745 3261//3745 3264//3745
f 3262//3746 3259//3746 3261//3746
f 3265//3747 3263//3747 3262//3747
f 3266//3748 3263//3748 3265//3748
f 3264//3749 3265//3749 3262//3749
f 3267//3750 3268//3750 3266//3750
f 3267//3751 3266//3751 3265//3751
f 3267//3752 3265//3752 3264//3752
f 3210//3753 3247//3753 3269//3753
f 3210//3754 3305//3754 3247//3754
f 3206//3755 3210//3755 3269//3755
f 3207//3756 3269//3756 3270//3756
f 3207//3757 3206//3757 3269//3757
f 3271//3758 3178//3758 3207//3758
f 3271//3759 3207//3759 3270//3759
f 3180//3760 3255//3760 3211//3760
f 3272//3761 3270//3761 3269//3761
f 3246//3762 3269//3762 3247//3762
f 3272//3763 3256//3763 3270//3763
f 3248//3764 3272//3764 3269//3764
f 3248//3765 3269//3765 3246//3765
f 3272//3766 3248//3766 3245//3766
f 3255//3767 3256//3767 3272//3767
f 3255//3768 3245//3768 3211//3768
f 3255//3769 3272//3769 3245//3769
f 3216//3770 3215//3770 3275//3770
f 3276//3771 3216//3771 3275//3771
f 3273//3772 3313//3772 3218//3772
f 3275//3773 3220//3773 3219//3773
f 3217//3774 3216//3774 3276//3774
f 3277//3775 3217//3775 3276//3775
f 3273//3776 3277//3776 3274//3776
f 3215//3777 3220//3777 3275//3777
f 3218//3778 3217//3778 3277//3778
f 3218//3779 3277//3779 3273//3779
f 3149//3780 3263//3780 3266//3780
f 3149//3781 3278//3781 3263//3781
f 3150//3782 3149//3782 3266//3782
f 3221//3783 3266//3783 3268//3783
f 3221//3784 3150//3784 3266//3784
f 3219//3785 3221//3785 3268//3785
f 3279//3786 3219//3786 3268//3786
f 3223//3787 3225//3787 3280//3787
f 3223//3788 3224//3788 3225//3788
f 3222//3789 3223//3789 3280//3789
f 3281//3790 3226//3790 3282//3790
f 3281//3791 3282//3791 3283//3791
f 3284//3792 3285//3792 3286//3792
f 3284//3793 3283//3793 3285//3793
f 3284//3793 3281//3793 3283//3793
f 3287//3794 3286//3794 3288//3794
f 3287//3792 3284//3792 3286//3792
f 3280//3795 3287//3795 3288//3795
f 3228//3796 3229//3796 3289//3796
f 3231//3797 3289//3797 3290//3797
f 3231//3798 3228//3798 3289//3798
f 3282//3799 3226//3799 3291//3799
f 3230//3800 3290//3800 3291//3800
f 3230//3801 3231//3801 3290//3801
f 3230//3802 3291//3802 3226//3802
f 3155//3803 3230//3803 3226//3803
f 3229//3804 3232//3804 3292//3804
f 3229//3805 3292//3805 3289//3805
f 3234//3806 3293//3806 3294//3806
f 3234//3807 3156//3807 3293//3807
f 3235//3808 3294//3808 3292//3808
f 3235//3809 3234//3809 3294//3809
f 3233//3810 3235//3810 3292//3810
f 3232//3811 3233//3811 3292//3811
f 3156//3812 3159//3812 3293//3812
f 3134//3813 3159//3813 3156//3813
f 3295//3814 3293//3814 3159//3814
f 3157//444 3295//444 3159//444
f 3163//3815 3157//3815 3158//3815
f 3163//3816 3295//3816 3157//3816
f 3160//3817 3236//3817 3296//3817
f 3161//3818 3296//3818 3297//3818
f 3161//3819 3160//3819 3296//3819
f 3162//3820 3297//3820 3295//3820
f 3162//3821 3161//3821 3297//3821
f 3163//3822 3162//3822 3295//3822
f 3236//3823 3192//3823 3298//3823
f 3236//3824 3298//3824 3296//3824
f 3184//3825 3299//3825 3300//3825
f 3184//3826 3165//3826 3237//3826
f 3184//3827 3237//3827 3299//3827
f 3187//3828 3300//3828 3298//3828
f 3187//3829 3184//3829 3300//3829
f 3191//3830 3187//3830 3298//3830
f 3192//3831 3191//3831 3298//3831
f 3246//3832 3247//3832 3301//3832
f 3248//3833 3301//3833 3302//3833
f 3248//3834 3246//3834 3301//3834
f 3303//3835 3239//3835 3304//3835
f 3245//3836 3302//3836 3304//3836
f 3245//3837 3248//3837 3302//3837
f 3245//3838 3304//3838 3239//3838
f 3211//3839 3245//3839 3239//3839
f 3251//3840 3306//3840 3347//3840
f 3251//3841 3347//3841 3346//3841
f 3250//3842 3346//3842 3348//3842
f 3250//3843 3251//3843 3346//3843
f 3249//3844 3250//3844 3348//3844
f 3249//3845 3348//3845 3349//3845
f 3249//3846 3305//3846 3210//3846
f 3249//3847 3349//3847 3305//3847
f 3306//3848 3307//3848 3253//3848
f 3178//3849 3271//3849 3177//3849
f 3308//3850 3176//3850 3175//3850
f 3177//3851 3271//3851 3308//3851
f 3177//3852 3308//3852 3175//3852
f 3043//3853 3263//3853 2954//3853
f 3278//3854 2954//3854 3263//3854
f 2955//3855 2954//3855 3278//3855
f 3042//3856 3263//3856 3043//3856
f 3042//3857 3260//3857 3263//3857
f 3014//3858 2955//3858 3278//3858
f 3041//3859 3260//3859 3042//3859
f 3015//3860 3014//3860 3278//3860
f 3015//3861 3278//3861 3309//3861
f 3039//3862 3260//3862 3041//3862
f 3036//3863 3201//3863 3035//3863
f 2979//3864 3198//3864 3036//3864
f 3195//3865 3034//3865 3033//3865
f 3032//3866 3195//3866 3033//3866
f 3308//3867 3015//3867 3309//3867
f 3016//3868 3015//3868 3308//3868
f 3017//3869 3016//3869 3308//3869
f 3019//3870 3308//3870 3271//3870
f 3019//3871 3017//3871 3308//3871
f 3018//3872 3019//3872 3271//3872
f 3020//3873 3271//3873 3270//3873
f 3020//3874 3018//3874 3271//3874
f 3270//3875 3021//3875 3020//3875
f 3256//3876 3021//3876 3270//3876
f 3256//3877 3022//3877 3021//3877
f 3256//3878 2964//3878 3022//3878
f 3023//3879 2964//3879 3256//3879
f 3254//3880 3023//3880 3256//3880
f 3181//3881 3023//3881 3254//3881
f 3193//3882 3194//3882 3031//3882
f 3193//3883 3031//3883 3030//3883
f 3029//3884 3193//3884 3030//3884
f 3186//3885 3027//3885 3183//3885
f 3189//3886 3029//3886 3026//3886
f 3189//3887 3026//3887 3186//3887
f 3212//3888 3278//3888 3149//3888
f 3213//3889 3309//3889 3278//3889
f 3213//3890 3278//3890 3212//3890
f 3213//3891 3214//3891 3309//3891
f 3313//3892 3273//3892 3312//3892
f 3273//3893 3311//3893 3312//3893
f 3275//3894 3219//3894 3279//3894
f 3275//3895 3279//3895 3314//3895
f 3315//3896 3276//3896 3275//3896
f 3315//3897 3275//3897 3314//3897
f 3277//3898 3276//3898 3315//3898
f 3277//3899 3315//3899 3316//3899
f 3277//3900 3317//3900 3274//3900
f 3277//3901 3316//3901 3317//3901
f 3318//3902 3280//3902 3288//3902
f 3261//3903 3318//3903 3319//3903
f 3261//3904 3222//3904 3280//3904
f 3261//3905 3280//3905 3318//3905
f 3264//3906 3319//3906 3320//3906
f 3264//3907 3261//3907 3319//3907
f 3267//3908 3264//3908 3320//3908
f 3268//3909 3267//3909 3320//3909
f 3318//3910 3288//3910 3321//3910
f 3319//3911 3321//3911 3322//3911
f 3319//3912 3318//3912 3321//3912
f 3320//3913 3322//3913 3323//3913
f 3320//3914 3319//3914 3322//3914
f 3283//3915 3282//3915 3324//3915
f 3283//3916 3324//3916 3325//3916
f 3285//3917 3325//3917 3326//3917
f 3285//3918 3283//3918 3325//3918
f 3286//3919 3285//3919 3326//3919
f 3321//3920 3286//3920 3326//3920
f 3288//3921 3286//3921 3321//3921
f 3328//3922 3289//3922 3327//3922
f 3290//3923 3289//3923 3328//3923
f 3324//3924 3290//3924 3328//3924
f 3291//3925 3290//3925 3324//3925
f 3282//3926 3291//3926 3324//3926
f 3292//3927 3327//3927 3289//3927
f 3329//3928 3327//3928 3292//3928
f 3294//3929 3293//3929 3330//3929
f 3329//3930 3294//3930 3330//3930
f 3292//3931 3294//3931 3329//3931
f 3295//3932 3330//3932 3293//3932
f 3332//3933 3330//3933 3295//3933
f 3297//3934 3331//3934 3332//3934
f 3297//3935 3296//3935 3331//3935
f 3295//3936 3297//3936 3332//3936
f 3333//3937 3331//3937 3296//3937
f 3333//3938 3296//3938 3298//3938
f 3300//3939 3334//3939 3335//3939
f 3300//3940 3299//3940 3334//3940
f 3298//3941 3335//3941 3333//3941
f 3298//3942 3300//3942 3335//3942
f 3336//3943 3303//3943 3337//3943
f 3338//3944 3303//3944 3336//3944
f 3339//3945 3338//3945 3336//3945
f 3340//3946 3339//3946 3336//3946
f 3299//3947 3340//3947 3334//3947
f 3342//3948 3301//3948 3341//3948
f 3302//3949 3301//3949 3342//3949
f 3337//3950 3302//3950 3342//3950
f 3304//3951 3302//3951 3337//3951
f 3303//3952 3304//3952 3337//3952
f 3343//3953 3320//3953 3323//3953
f 3343//3954 3323//3954 3354//3954
f 3341//3955 3344//3955 3345//3955
f 3301//3956 3344//3956 3341//3956
f 3247//3957 3305//3957 3344//3957
f 3247//3958 3344//3958 3301//3958
f 3274//3959 3317//3959 3347//3959
f 3274//3960 3347//3960 3306//3960
f 3273//3961 3274//3961 3306//3961
f 3273//3962 3306//3962 3253//3962
f 3311//3963 3273//3963 3253//3963
f 3310//3964 3253//3964 3252//3964
f 3310//3965 3311//3965 3253//3965
f 3310//3966 3252//3966 3176//3966
f 3214//3967 3310//3967 3176//3967
f 3309//3968 3176//3968 3308//3968
f 3309//3969 3214//3969 3176//3969
f 3279//3970 3268//3970 3320//3970
f 3279//3971 3320//3971 3343//3971
f 3005//2380 3341//2380 3345//2380
f 3006//2380 3341//2380 3005//2380
f 3006//666 3342//666 3341//666
f 3008//576 3005//576 3345//576
f 3350//2631 3008//2631 3345//2631
f 3007//576 3342//576 3006//576
f 3007//3972 3337//3972 3342//3972
f 3010//3973 3008//3973 3350//3973
f 3009//688 3010//688 3350//688
f 3351//3972 3337//3972 3007//3972
f 3351//1519 3336//1519 3337//1519
f 3352//3974 3340//3974 3336//3974
f 3352//578 3336//578 3351//578
f 3334//3975 3340//3975 3352//3975
f 3003//1295 3334//1295 3352//1295
f 3004//666 3335//666 3334//666
f 3004//1295 3334//1295 3003//1295
f 3002//3976 3333//3976 3335//3976
f 3002//576 3335//576 3004//576
f 3000//3976 3333//3976 3002//3976
f 3331//576 3333//576 3000//576
f 3332//3977 3000//3977 3001//3977
f 3332//1312 3331//1312 3000//1312
f 3332//2951 3001//2951 2999//2951
f 3353//684 3009//684 3350//684
f 3011//3082 3009//3082 3353//3082
f 3354//662 3011//662 3353//662
f 3013//3978 3011//3978 3354//3978
f 3012//3979 3013//3979 3354//3979
f 2990//1574 3012//1574 3354//1574
f 2990//662 3354//662 3323//662
f 2989//2952 2990//2952 3323//2952
f 3322//576 2989//576 3323//576
f 2988//576 2989//576 3322//576
f 3321//2631 2988//2631 3322//2631
f 2993//2631 2988//2631 3321//2631
f 3326//2631 2993//2631 3321//2631
f 3326//2631 2992//2631 2993//2631
f 3325//576 2992//576 3326//576
f 2997//3980 3332//3980 2999//3980
f 3330//3981 3332//3981 2997//3981
f 3324//576 2992//576 3325//576
f 3324//2631 2991//2631 2992//2631
f 3330//1573 2997//1573 2998//1573
f 3329//1573 3330//1573 2998//1573
f 3329//1529 2998//1529 2996//1529
f 3329//1529 2996//1529 2994//1529
f 3328//576 2994//576 2995//576
f 3328//576 2995//576 2991//576
f 3328//2631 2991//2631 3324//2631
f 3327//2950 3329//2950 2994//2950
f 3327//2950 2994//2950 3328//2950
f 3355//3982 3343//3982 3354//3982
f 3356//3983 3354//3983 3353//3983
f 3356//3984 3355//3984 3354//3984
f 3358//3985 3357//3985 3350//3985
f 3345//3986 3358//3986 3350//3986
f 3344//3987 3358//3987 3345//3987
f 3362//450 3363//450 3364//450
f 3365//450 3361//450 3359//450
f 3367//450 3365//450 3359//450
f 3367//450 3360//450 3368//450
f 3367//450 3368//450 3363//450
f 3367//450 3359//450 3360//450
f 3370//3988 3366//3988 3371//3988
f 3370//450 3362//450 3366//450
f 3370//450 3363//450 3362//450
f 3370//450 3367//450 3363//450
f 3370//450 3369//450 3367//450
f 3375//450 3373//450 3374//450
f 3377//450 3374//450 3372//450
f 3377//3989 3375//3989 3374//3989
f 3377//3990 3372//3990 3376//3990
f 3377//3991 3376//3991 3378//3991
f 3381//3992 3382//3992 3380//3992
f 3383//450 3381//450 3380//450
f 3383//450 3380//450 3379//450
f 3385//450 3383//450 3379//450
f 3385//3993 3384//3993 3386//3993
f 3385//3992 3379//3992 3384//3992
f 3346//3994 3347//3994 3357//3994
f 3348//3995 3357//3995 3358//3995
f 3348//3996 3346//3996 3357//3996
f 3349//3997 3358//3997 3344//3997
f 3349//3998 3348//3998 3358//3998
f 3305//3999 3349//3999 3344//3999
f 3314//4000 3343//4000 3355//4000
f 3314//4001 3279//4001 3343//4001
f 3315//4002 3355//4002 3356//4002
f 3315//4003 3314//4003 3355//4003
f 3316//4004 3315//4004 3356//4004
f 3317//4005 3316//4005 3356//4005
f 3357//4006 3353//4006 3350//4006
f 3357//4007 3356//4007 3353//4007
f 3387//4008 3388//4008 3317//4008
f 3389//4009 3317//4009 3388//4009
f 3390//4010 3317//4010 3356//4010
f 3390//4011 3387//4011 3317//4011
f 3391//4010 3390//4010 3356//4010
f 3394//450 3393//450 3392//450
f 3394//450 3389//450 3393//450
f 3395//450 3392//450 3393//450
f 3395//450 3393//450 3396//450
f 3397//450 3389//450 3394//450
f 3398//450 3395//450 3396//450
f 3398//450 3396//450 3399//450
f 3400//450 3398//450 3399//450
f 3400//450 3399//450 3391//450
f 3401//450 3400//450 3391//450
f 3401//4012 3391//4012 3356//4012
f 3402//450 3404//450 3403//450
f 3405//450 3403//450 3406//450
f 3405//450 3402//450 3403//450
f 3407//450 3397//450 3404//450
f 3407//450 3404//450 3402//450
f 3405//450 3406//450 3408//450
f 3409//450 3405//450 3408//450
f 3410//450 3408//450 3411//450
f 3410//450 3409//450 3408//450
f 3410//450 3411//450 3412//450
f 3347//4013 3407//4013 3413//4013
f 3347//4014 3413//4014 3414//4014
f 3347//4015 3397//4015 3407//4015
f 3357//4016 3347//4016 3414//4016
f 3357//4017 3414//4017 3415//4017
f 3357//4018 3415//4018 3410//4018
f 3357//4019 3410//4019 3412//4019
f 3356//4020 3357//4020 3412//4020
f 3356//4021 3412//4021 3401//4021
f 3347//4022 3317//4022 3397//4022
f 3397//4023 3317//4023 3389//4023
f 3416//4024 2883//4024 2879//4024
f 3417//4025 2883//4025 3416//4025
f 3417//4026 2887//4026 2883//4026
f 3418//4027 2885//4027 2887//4027
f 3418//4028 2887//4028 3417//4028
f 3419//4029 2885//4029 3418//4029
f 3419//4030 2882//4030 2885//4030
f 3420//4031 2878//4031 2882//4031
f 3420//4032 2882//4032 3419//4032
f 3421//4033 2875//4033 2878//4033
f 3421//4034 2878//4034 3420//4034
f 3422//4035 2872//4035 2875//4035
f 3422//4036 2875//4036 3421//4036
f 3423//4037 2872//4037 3422//4037
f 3423//4038 2869//4038 2872//4038
f 3424//4039 2869//4039 3423//4039
f 3424//4040 2866//4040 2869//4040
f 3425//4041 2866//4041 3424//4041
f 3425//4042 2863//4042 2866//4042
f 3426//4043 2863//4043 3425//4043
f 3426//4044 2864//4044 2863//4044
f 3427//4045 2864//4045 3426//4045
f 3427//4046 2867//4046 2864//4046
f 3428//4047 2867//4047 3427//4047
f 3428//4048 2871//4048 2867//4048
f 3429//4049 2871//4049 3428//4049
f 3429//4050 2876//4050 2871//4050
f 3430//4051 2876//4051 3429//4051
f 3416//4052 2879//4052 2876//4052
f 3416//4053 2876//4053 3430//4053
f 2560//4054 2426//4054 2487//4054
f 2560//4055 2427//4055 2426//4055
f 2559//4056 2433//4056 2427//4056
f 2559//4057 2427//4057 2560//4057
f 2556//4058 2445//4058 2433//4058
f 2556//4059 2433//4059 2559//4059
f 2553//4060 2452//4060 2445//4060
f 2553//4061 2445//4061 2556//4061
f 2551//4062 2456//4062 2452//4062
f 2551//4063 2452//4063 2553//4063
f 2555//4064 2466//4064 2456//4064
f 2555//4065 2456//4065 2551//4065
f 2558//4066 2470//4066 2466//4066
f 2558//4067 2466//4067 2555//4067
f 2563//4068 2470//4068 2558//4068
f 2563//4069 2475//4069 2470//4069
f 2562//4070 2475//4070 2563//4070
f 2562//4071 2481//4071 2475//4071
f 2564//4072 2481//4072 2562//4072
f 2564//4073 2485//4073 2481//4073
f 2565//4074 2485//4074 2564//4074
f 2565//4075 2483//4075 2485//4075
f 2566//4076 2483//4076 2565//4076
f 2566//4077 2477//4077 2483//4077
f 2570//4078 2477//4078 2566//4078
f 2570//4079 2473//4079 2477//4079
f 2569//4080 2473//4080 2570//4080
f 2569//4081 2468//4081 2473//4081
f 2568//4082 2468//4082 2569//4082
f 2568//4083 2462//4083 2468//4083
f 2489//4084 2459//4084 2462//4084
f 2489//4085 2462//4085 2568//4085
f 2323//4086 2518//4086 2784//4086
f 2328//4087 2323//4087 2784//4087
f 2328//4088 2784//4088 2786//4088
f 2335//4089 2328//4089 2786//4089
f 2335//4090 2786//4090 2788//4090
f 2337//4091 2335//4091 2788//4091
f 2345//4092 2788//4092 2791//4092
f 2345//4093 2337//4093 2788//4093
f 2345//4094 2791//4094 2794//4094
f 2350//4095 2345//4095 2794//4095
f 2354//4096 2794//4096 2795//4096
f 2354//4097 2350//4097 2794//4097
f 2347//4098 2795//4098 2793//4098
f 2347//4099 2354//4099 2795//4099
f 2347//4100 2793//4100 2520//4100
f 2579//4101 2361//4101 2393//4101
f 2579//4102 2366//4102 2361//4102
f 2581//4103 2376//4103 2366//4103
f 2581//4104 2366//4104 2579//4104
f 2582//4105 2376//4105 2581//4105
f 2382//4106 2376//4106 2582//4106
f 2588//4107 2382//4107 2582//4107
f 2387//4108 2382//4108 2588//4108
f 2584//4109 2387//4109 2588//4109
f 2389//4110 2387//4110 2584//4110
f 2585//4111 2389//4111 2584//4111
f 2385//4112 2389//4112 2585//4112
f 2380//4113 2385//4113 2585//4113
f 2586//4114 2380//4114 2585//4114
f 2590//4115 2380//4115 2586//4115
f 2374//4116 2380//4116 2590//4116
f 2580//4117 2374//4117 2590//4117
f 2371//4118 2374//4118 2580//4118
f 2359//4119 2371//4119 2580//4119
f 2578//4120 2359//4120 2580//4120
f 2577//4121 2359//4121 2578//4121
f 2352//4122 2359//4122 2577//4122
f 2574//4123 2352//4123 2577//4123
f 2343//4124 2352//4124 2574//4124
f 2572//4125 2343//4125 2574//4125
f 2333//4126 2343//4126 2572//4126
f 2571//4127 2333//4127 2572//4127
f 2330//4128 2333//4128 2571//4128
f 2331//4129 2330//4129 2571//4129
f 2390//4130 2331//4130 2571//4130
f 2597//4131 2517//4131 2516//4131
f 2597//4132 2779//4132 2517//4132
f 2597//4133 2781//4133 2779//4133
f 2600//4134 2781//4134 2597//4134
f 2523//4135 2521//4135 2781//4135
f 2523//4136 2781//4136 2600//4136
f 2612//4137 2839//4137 2808//4137
f 2613//4138 2840//4138 2839//4138
f 2613//4139 2839//4139 2612//4139
f 2616//4140 2830//4140 2840//4140
f 2616//4141 2840//4141 2613//4141
f 2618//4142 2830//4142 2616//4142
f 2884//4143 2728//4143 2880//4143
f 2884//4144 2729//4144 2728//4144
f 2886//4145 2729//4145 2884//4145
f 2881//4146 2726//4146 2729//4146
f 2881//4147 2729//4147 2886//4147
f 2877//4148 2724//4148 2726//4148
f 2877//4149 2726//4149 2881//4149
f 2874//4150 2721//4150 2724//4150
f 2874//4151 2724//4151 2877//4151
f 2868//4152 2721//4152 2874//4152
f 2868//4153 2719//4153 2721//4153
f 2868//4154 2712//4154 2719//4154
f 2865//4155 2712//4155 2868//4155
f 2865//4156 2709//4156 2712//4156
f 2862//4157 2709//4157 2865//4157
f 2862//4158 2714//4158 2709//4158
f 2870//4159 2714//4159 2862//4159
f 2870//4160 2717//4160 2714//4160
f 2873//4161 2717//4161 2870//4161
f 2873//4162 2720//4162 2717//4162
f 2873//4163 2725//4163 2720//4163
f 2880//4164 2725//4164 2873//4164
f 2880//4165 2728//4165 2725//4165
f 2905//4166 2775//4166 2773//4166
f 2909//4167 2775//4167 2905//4167
f 2911//4168 2776//4168 2775//4168
f 2911//4169 2775//4169 2909//4169
f 2907//4170 2771//4170 2776//4170
f 2907//4171 2776//4171 2911//4171
f 2902//4172 2767//4172 2771//4172
f 2902//4173 2771//4173 2907//4173
f 2897//4174 2767//4174 2902//4174
f 2897//4175 2764//4175 2767//4175
f 2894//4176 2764//4176 2897//4176
f 2894//4177 2761//4177 2764//4177
f 2888//4178 2761//4178 2894//4178
f 2888//4179 2759//4179 2761//4179
f 2892//4180 2759//4180 2888//4180
f 2892//4181 2763//4181 2759//4181
f 2898//4182 2765//4182 2763//4182
f 2898//4183 2763//4183 2892//4183
f 2901//4184 2769//4184 2765//4184
f 2901//4185 2765//4185 2898//4185
f 2901//4186 2773//4186 2769//4186
f 2905//4187 2773//4187 2901//4187
f 3431//4188 2908//4188 2904//4188
f 3431//4189 2912//4189 2908//4189
f 3432//4190 2912//4190 3431//4190
f 3433//4191 2910//4191 2912//4191
f 3433//4192 2912//4192 3432//4192
f 3434//4193 2906//4193 2910//4193
f 3434//4194 2910//4194 3433//4194
f 3435//4195 2906//4195 3434//4195
f 3435//4196 2903//4196 2906//4196
f 3436//4197 2903//4197 3435//4197
f 3436//4198 2899//4198 2903//4198
f 3437//4199 2899//4199 3436//4199
f 3438//4200 2899//4200 3437//4200
f 3438//4201 2895//4201 2899//4201
f 3439//4202 2895//4202 3438//4202
f 3439//4203 2891//4203 2895//4203
f 3440//4204 2891//4204 3439//4204
f 3440//4205 2889//4205 2891//4205
f 3441//4206 2889//4206 3440//4206
f 3441//4207 2890//4207 2889//4207
f 3442//4208 2890//4208 3441//4208
f 3442//4209 2893//4209 2890//4209
f 3443//4210 2893//4210 3442//4210
f 3443//4211 2896//4211 2893//4211
f 3444//4212 2896//4212 3443//4212
f 3445//4213 2896//4213 3444//4213
f 3445//4214 2900//4214 2896//4214
f 3445//4215 2904//4215 2900//4215
f 3446//4216 2904//4216 3445//4216
f 3431//4217 2904//4217 3446//4217
f 2836//4218 3351//4218 3007//4218
f 2838//4219 3351//4219 2836//4219
f 2841//4220 3352//4220 3351//4220
f 2841//4221 3351//4221 2838//4221
f 2842//4222 3003//4222 3352//4222
f 2842//4223 3352//4223 2841//4223
f 3124//4224 3044//4224 3045//4224
f 3124//4225 3045//4225 3123//4225
f 3125//4226 3044//4226 3124//4226
f 3125//4227 3046//4227 3044//4227
f 3127//4228 3046//4228 3125//4228
f 3047//4229 3046//4229 3127//4229
f 3136//4230 3059//4230 3081//4230
f 3136//4231 3061//4231 3059//4231
f 3135//4232 3060//4232 3061//4232
f 3135//4233 3061//4233 3136//4233
f 3079//4234 3060//4234 3135//4234
f 3208//4235 3091//4235 3209//4235
f 3089//4236 3091//4236 3208//4236
f 3206//4237 3089//4237 3208//4237
f 3207//4238 3089//4238 3206//4238
f 3090//4239 3089//4239 3207//4239
f 3178//4240 3090//4240 3207//4240
f 3095//4241 3153//4241 3152//4241
f 3166//4242 3164//4242 3237//4242
f 3165//4243 3166//4243 3237//4243
f 3211//4244 3239//4244 3241//4244
f 3180//4245 3211//4245 3241//4245
f 3312//4246 3143//4246 3313//4246
f 3311//4247 3143//4247 3312//4247
f 3311//4248 3144//4248 3143//4248
f 3310//4249 3144//4249 3311//4249
f 3214//4250 3144//4250 3310//4250
f 3287//4251 3280//4251 3225//4251
f 3226//4252 3281//4252 3227//4252
f 3447//4253 3225//4253 3153//4253
f 3447//4254 3153//4254 3095//4254
f 3447//4255 3095//4255 3097//4255
f 3447//4256 3097//4256 3098//4256
f 3447//4257 3098//4257 3154//4257
f 3447//4258 3284//4258 3287//4258
f 3447//4259 3287//4259 3225//4259
f 3448//4260 3154//4260 3227//4260
f 3448//4261 3281//4261 3284//4261
f 3448//4262 3447//4262 3154//4262
f 3448//4263 3227//4263 3281//4263
f 3448//4264 3284//4264 3447//4264
f 3239//4265 3303//4265 3338//4265
f 3240//4266 3239//4266 3338//4266
f 3243//4267 3338//4267 3339//4267
f 3243//4267 3240//4267 3338//4267
f 3238//4268 3339//4268 3340//4268
f 3238//4269 3243//4269 3339//4269
f 3237//4270 3340//4270 3299//4270
f 3237//4271 3238//4271 3340//4271
f 3406//4272 3371//4272 3366//4272
f 3403//4273 3370//4273 3371//4273
f 3403//4274 3371//4274 3406//4274
f 3404//4275 3369//4275 3370//4275
f 3404//4276 3370//4276 3403//4276
f 3397//4277 3367//4277 3369//4277
f 3397//4278 3369//4278 3404//4278
f 3394//4279 3365//4279 3367//4279
f 3394//4280 3367//4280 3397//4280
f 3392//4281 3361//4281 3365//4281
f 3392//4282 3365//4282 3394//4282
f 3395//4283 3361//4283 3392//4283
f 3395//4284 3359//4284 3361//4284
f 3398//4285 3359//4285 3395//4285
f 3398//4286 3360//4286 3359//4286
f 3400//4287 3360//4287 3398//4287
f 3400//4288 3368//4288 3360//4288
f 3401//4289 3368//4289 3400//4289
f 3401//4290 3363//4290 3368//4290
f 3412//4291 3363//4291 3401//4291
f 3412//4292 3364//4292 3363//4292
f 3411//4293 3364//4293 3412//4293
f 3411//4294 3362//4294 3364//4294
f 3408//4295 3366//4295 3362//4295
f 3408//4296 3362//4296 3411//4296
f 3406//4297 3366//4297 3408//4297
f 3399//4298 3374//4298 3373//4298
f 3399//4299 3373//4299 3391//4299
f 3396//4300 3372//4300 3374//4300
f 3396//4301 3374//4301 3399//4301
f 3393//4302 3372//4302 3396//4302
f 3393//4303 3376//4303 3372//4303
f 3389//4304 3376//4304 3393//4304
f 3389//4305 3378//4305 3376//4305
f 3388//4306 3378//4306 3389//4306
f 3388//4307 3377//4307 3378//4307
f 3387//4308 3377//4308 3388//4308
f 3390//4309 3377//4309 3387//4309
f 3390//4310 3375//4310 3377//4310
f 3391//4311 3375//4311 3390//4311
f 3391//4312 3373//4312 3375//4312
f 3415//4313 3382//4313 3410//4313
f 3415//4314 3380//4314 3382//4314
f 3414//4315 3380//4315 3415//4315
f 3414//4316 3379//4316 3380//4316
f 3413//4317 3379//4317 3414//4317
f 3413//4318 3384//4318 3379//4318
f 3407//4319 3384//4319 3413//4319
f 3407//4320 3386//4320 3384//4320
f 3402//4321 3386//4321 3407//4321
f 3402//4322 3385//4322 3386//4322
f 3405//4323 3385//4323 3402//4323
f 3405//4324 3383//4324 3385//4324
f 3409//4325 3383//4325 3405//4325
f 3409//4326 3381//4326 3383//4326
f 3410//4327 3381//4327 3409//4327
f 3410//4328 3382//4328 3381//4328
f 2949//4329 2805//4329 2804//4329
f 2953//4330 2805//4330 2949//4330
f 2946//4331 2803//4331 2805//4331
f 2946//4332 2805//4332 2953//4332
f 2946//4333 2802//4333 2803//4333
f 2943//4334 2802//4334 2946//4334
f 2943//4335 2799//4335 2802//4335
f 2939//4336 2799//4336 2943//4336
f 2935//4337 2799//4337 2939//4337
f 2935//4338 2798//4338 2799//4338
f 2933//4339 2798//4339 2935//4339
f 2933//4340 2800//4340 2798//4340
f 2940//4341 2800//4341 2933//4341
f 2940//4342 2801//4342 2800//4342
f 2945//4343 2804//4343 2801//4343
f 2945//4344 2801//4344 2940//4344
f 2949//4345 2804//4345 2945//4345
f 2930//4346 2792//4346 2789//4346
f 2928//4347 2792//4347 2930//4347
f 2928//4348 2790//4348 2792//4348
f 2924//4349 2787//4349 2790//4349
f 2924//4350 2790//4350 2928//4350
f 2919//4351 2787//4351 2924//4351
f 2919//4352 2782//4352 2787//4352
f 2916//4353 2782//4353 2919//4353
f 2916//4354 2780//4354 2782//4354
f 2913//4355 2780//4355 2916//4355
f 2913//4356 2783//4356 2780//4356
f 2918//4357 2783//4357 2913//4357
f 2918//4358 2785//4358 2783//4358
f 2923//4359 2785//4359 2918//4359
f 2923//4360 2789//4360 2785//4360
f 2930//4361 2789//4361 2923//4361
f 2917//4362 3449//4362 3450//4362
f 2921//4363 3449//4363 2917//4363
f 2921//4364 3451//4364 3449//4364
f 2925//4365 3452//4365 3451//4365
f 2925//4366 3451//4366 2921//4366
f 2927//4367 3452//4367 2925//4367
f 2927//4368 3453//4368 3452//4368
f 2931//4369 3454//4369 3453//4369
f 2931//4370 3453//4370 2927//4370
f 2932//4371 3454//4371 2931//4371
f 2929//4372 3454//4372 2932//4372
f 2929//4373 3455//4373 3454//4373
f 2926//4374 3456//4374 3455//4374
f 2926//4375 3455//4375 2929//4375
f 2922//4376 3457//4376 3456//4376
f 2922//4377 3456//4377 2926//4377
f 2920//4378 3458//4378 3457//4378
f 2920//4379 3457//4379 2922//4379
f 2915//4380 3459//4380 3458//4380
f 2915//4381 3458//4381 2920//4381
f 2915//4382 3460//4382 3459//4382
f 2914//4383 3460//4383 2915//4383
f 2914//4384 3450//4384 3460//4384
f 2917//4385 3450//4385 2914//4385
f 2938//4386 3461//4386 3462//4386
f 2944//4387 3463//4387 3461//4387
f 2944//4388 3461//4388 2938//4388
f 2948//4389 3464//4389 3463//4389
f 2948//4390 3463//4390 2944//4390
f 2950//4391 3465//4391 3464//4391
f 2950//4392 3464//4392 2948//4392
f 2952//4393 3465//4393 2950//4393
f 2951//4394 3465//4394 2952//4394
f 2951//4395 3466//4395 3465//4395
f 2951//4396 3467//4396 3466//4396
f 2947//4397 3467//4397 2951//4397
f 2947//4398 3468//4398 3467//4398
f 2942//4399 3469//4399 3468//4399
f 2942//4400 3468//4400 2947//4400
f 2941//4401 3469//4401 2942//4401
f 2941//4402 3470//4402 3469//4402
f 2937//4403 3470//4403 2941//4403
f 2934//4404 3471//4404 3470//4404
f 2934//4405 3470//4405 2937//4405
f 2936//4406 3471//4406 2934//4406
f 2936//4407 3462//4407 3471//4407
f 2938//4408 3462//4408 2936//4408
f 3472//4409 2472//4409 3473//4409
f 3472//4410 2467//4410 2472//4410
f 3474//4411 2457//4411 2467//4411
f 3474//4412 2467//4412 3472//4412
f 3475//4413 2457//4413 3474//4413
f 3476//4414 2455//4414 2457//4414
f 3476//4415 2457//4415 3475//4415
f 3477//4416 2451//4416 2455//4416
f 3477//4417 2455//4417 3476//4417
f 3478//4418 2449//4418 2451//4418
f 3478//4419 2451//4419 3477//4419
f 3479//4420 2449//4420 3478//4420
f 3479//4421 2443//4421 2449//4421
f 3480//4422 2443//4422 3479//4422
f 3480//4423 2436//4423 2443//4423
f 3481//4424 2436//4424 3480//4424
f 3481//4425 2432//4425 2436//4425
f 3482//4426 2432//4426 3481//4426
f 3482//4427 2430//4427 2432//4427
f 3483//4428 2430//4428 3482//4428
f 3484//4429 2430//4429 3483//4429
f 3484//4430 2425//4430 2430//4430
f 3485//4431 2425//4431 3484//4431
f 3485//4432 2428//4432 2425//4432
f 3486//4433 2428//4433 3485//4433
f 3486//4434 2431//4434 2428//4434
f 3487//4435 2431//4435 3486//4435
f 3487//4436 2434//4436 2431//4436
f 3488//4437 2434//4437 3487//4437
f 3488//4438 2441//4438 2434//4438
f 3489//4439 2441//4439 3488//4439
f 3489//4440 2447//4440 2441//4440
f 3490//4441 2447//4441 3489//4441
f 3490//4442 2454//4442 2447//4442
f 3491//4443 2454//4443 3490//4443
f 3492//4444 2463//4444 2454//4444
f 3492//4445 2454//4445 3491//4445
f 3493//4446 2469//4446 2463//4446
f 3493//4447 2463//4447 3492//4447
f 3494//4448 2471//4448 2469//4448
f 3494//4449 2469//4449 3493//4449
f 3495//4450 2474//4450 2471//4450
f 3495//4451 2471//4451 3494//4451
f 3496//4452 2478//4452 2474//4452
f 3496//4453 2474//4453 3495//4453
f 3497//4454 2480//4454 2478//4454
f 3497//4455 2478//4455 3496//4455
f 3498//4456 2484//4456 2480//4456
f 3498//4457 2480//4457 3497//4457
f 3499//4458 2486//4458 2484//4458
f 3499//4459 2484//4459 3498//4459
f 3500//4460 2486//4460 3499//4460
f 3501//4461 2482//4461 2486//4461
f 3501//4462 2486//4462 3500//4462
f 3502//4463 2479//4463 2482//4463
f 3502//4464 2482//4464 3501//4464
f 3503//4465 2476//4465 2479//4465
f 3503//4466 2479//4466 3502//4466
f 3473//4467 2476//4467 3503//4467
f 3473//4468 2472//4468 2476//4468
f 3504//4469 3489//4469 3488//4469
f 3505//4470 3490//4470 3489//4470
f 3505//4471 3489//4471 3504//4471
f 3505//4472 3491//4472 3490//4472
f 3506//4473 3492//4473 3491//4473
f 3506//4474 3491//4474 3505//4474
f 3506//4475 3493//4475 3492//4475
f 3507//4476 3494//4476 3493//4476
f 3507//4477 3493//4477 3506//4477
f 3507//4478 3495//4478 3494//4478
f 3508//4479 3495//4479 3507//4479
f 3508//4480 3496//4480 3495//4480
f 3508//4481 3497//4481 3496//4481
f 3509//4482 3497//4482 3508//4482
f 3509//4483 3498//4483 3497//4483
f 3510//4484 3498//4484 3509//4484
f 3510//4485 3499//4485 3498//4485
f 3511//4486 3499//4486 3510//4486
f 3511//4487 3500//4487 3499//4487
f 3511//4488 3501//4488 3500//4488
f 3512//4489 3501//4489 3511//4489
f 3512//4490 3502//4490 3501//4490
f 3512//4491 3503//4491 3502//4491
f 3513//4492 3503//4492 3512//4492
f 3513//4493 3473//4493 3503//4493
f 3513//4494 3472//4494 3473//4494
f 3514//4495 3474//4495 3472//4495
f 3514//4496 3472//4496 3513//4496
f 3514//4497 3475//4497 3474//4497
f 3515//4498 3475//4498 3514//4498
f 3515//4499 3476//4499 3475//4499
f 3516//4500 3477//4500 3476//4500
f 3516//4501 3476//4501 3515//4501
f 3516//4502 3478//4502 3477//4502
f 3517//4503 3479//4503 3478//4503
f 3517//4504 3478//4504 3516//4504
f 3517//4505 3480//4505 3479//4505
f 3518//4506 3481//4506 3480//4506
f 3518//4507 3480//4507 3517//4507
f 3518//4508 3482//4508 3481//4508
f 3519//4509 3483//4509 3482//4509
f 3519//4510 3482//4510 3518//4510
f 3519//4511 3484//4511 3483//4511
f 3520//4512 3485//4512 3484//4512
f 3520//4513 3484//4513 3519//4513
f 3520//4514 3486//4514 3485//4514
f 3521//4515 3487//4515 3486//4515
f 3521//4516 3486//4516 3520//4516
f 3521//4517 3488//4517 3487//4517
f 3504//4518 3488//4518 3521//4518
f 3522//4439 2378//4439 3523//4439
f 3522//4519 2381//4519 2378//4519
f 3524//4520 2386//4520 2381//4520
f 3524//4521 2381//4521 3522//4521
f 3525//4522 2386//4522 3524//4522
f 3526//4523 2388//4523 2386//4523
f 3526//4524 2386//4524 3525//4524
f 3527//4525 2384//4525 2388//4525
f 3527//4447 2388//4447 3526//4447
f 3528//4448 2383//4448 2384//4448
f 3528//4449 2384//4449 3527//4449
f 3529//4451 2383//4451 3528//4451
f 3529//4526 2379//4526 2383//4526
f 3530//4527 2379//4527 3529//4527
f 3530//4528 2377//4528 2379//4528
f 3531//4529 2377//4529 3530//4529
f 3531//4530 2373//4530 2377//4530
f 3532//4457 2373//4457 3531//4457
f 3532//4456 2367//4456 2373//4456
f 3533//4531 2367//4531 3532//4531
f 3533//4532 2362//4532 2367//4532
f 3534//4533 2362//4533 3533//4533
f 3535//4534 2362//4534 3534//4534
f 3535//4535 2357//4535 2362//4535
f 3536//4536 2357//4536 3535//4536
f 3536//4537 2353//4537 2357//4537
f 3537//4538 2353//4538 3536//4538
f 3537//4539 2349//4539 2353//4539
f 3538//4540 2349//4540 3537//4540
f 3538//4541 2344//4541 2349//4541
f 3539//4542 2344//4542 3538//4542
f 3539//4543 2334//4543 2344//4543
f 3540//4544 2334//4544 3539//4544
f 3540//4545 2329//4545 2334//4545
f 3541//4546 2329//4546 3540//4546
f 3542//4547 2332//4547 2329//4547
f 3542//4548 2329//4548 3541//4548
f 3543//4549 2336//4549 2332//4549
f 3543//4550 2332//4550 3542//4550
f 3544//4551 2338//4551 2336//4551
f 3544//4552 2336//4552 3543//4552
f 3545//4553 2346//4553 2338//4553
f 3545//4554 2338//4554 3544//4554
f 3546//4555 2351//4555 2346//4555
f 3546//4556 2346//4556 3545//4556
f 3547//4557 2355//4557 2351//4557
f 3547//4558 2351//4558 3546//4558
f 3548//4559 2358//4559 2355//4559
f 3548//4560 2355//4560 3547//4560
f 3549//4561 2358//4561 3548//4561
f 3550//4562 2363//4562 2358//4562
f 3550//4563 2358//4563 3549//4563
f 3551//4564 2365//4564 2363//4564
f 3551//4565 2363//4565 3550//4565
f 3552//4566 2372//4566 2365//4566
f 3552//4567 2365//4567 3551//4567
f 3553//4568 2375//4568 2372//4568
f 3553//4569 2372//4569 3552//4569
f 3523//4570 2375//4570 3553//4570
f 3523//4571 2378//4571 2375//4571
f 3450//54 2984//54 3460//54
f 3459//54 2984//54 2986//54
f 3459//54 3460//54 2984//54
f 3458//54 2986//54 2987//54
f 3458//54 3459//54 2986//54
f 3554//54 2957//54 2956//54
f 3554//54 2956//54 2958//54
f 3555//54 3554//54 2958//54
f 3449//54 2983//54 2984//54
f 3449//54 2984//54 3450//54
f 3556//54 2987//54 2957//54
f 3556//54 3458//54 2987//54
f 3556//54 2957//54 3554//54
f 3557//2627 3555//2627 2958//2627
f 3451//54 2983//54 3449//54
f 3558//4572 3457//4572 3458//4572
f 3558//1718 3458//1718 3556//1718
f 3452//54 2983//54 3451//54
f 2981//54 2983//54 3452//54
f 3558//1186 3455//1186 3456//1186
f 3558//2627 3456//2627 3457//2627
f 3453//54 2981//54 3452//54
f 3559//4573 3557//4573 2958//4573
f 3560//4574 3455//4574 3558//4574
f 3560//1718 3454//1718 3455//1718
f 2982//54 2981//54 3453//54
f 3560//4575 3453//4575 3454//4575
f 3561//54 2982//54 3453//54
f 3561//2627 3453//2627 3560//2627
f 3561//54 2980//54 2982//54
f 2977//54 2980//54 3561//54
f 2976//54 2977//54 3561//54
f 2976//252 3561//252 3562//252
f 3563//54 2976//54 3562//54
f 3564//56 2976//56 3563//56
f 3426//54 3565//54 3566//54
f 3426//54 3425//54 3565//54
f 3424//54 3567//54 3565//54
f 3424//54 3565//54 3425//54
f 3427//54 3566//54 3568//54
f 3427//54 3426//54 3566//54
f 3428//54 3427//54 3568//54
f 3423//56 3569//56 3567//56
f 3423//54 3567//54 3424//54
f 3422//54 3569//54 3423//54
f 3422//254 3570//254 3569//254
f 3421//54 3570//54 3422//54
f 3421//54 3571//54 3570//54
f 3420//54 3571//54 3421//54
f 3441//54 3429//54 3428//54
f 3441//54 3568//54 3572//54
f 3441//54 3428//54 3568//54
f 3440//54 3430//54 3429//54
f 3440//54 3429//54 3441//54
f 3442//54 3441//54 3572//54
f 3439//54 3430//54 3440//54
f 3442//254 3572//254 3559//254
f 3439//54 3416//54 3430//54
f 3438//54 3416//54 3439//54
f 3437//54 3417//54 3416//54
f 3437//54 3416//54 3438//54
f 3436//54 3418//54 3417//54
f 3436//54 3417//54 3437//54
f 3436//54 3419//54 3418//54
f 3515//54 3445//54 3444//54
f 3516//54 3515//54 3444//54
f 3514//54 3446//54 3445//54
f 3514//54 3445//54 3515//54
f 3516//54 3444//54 3443//54
f 3514//54 3431//54 3446//54
f 3517//54 3516//54 3443//54
f 3517//56 3442//56 3559//56
f 3517//56 3443//56 3442//56
f 3513//54 3432//54 3431//54
f 3513//54 3431//54 3514//54
f 3513//54 3433//54 3432//54
f 3512//54 3433//54 3513//54
f 3512//54 3435//54 3434//54
f 3512//54 3434//54 3433//54
f 2960//254 3559//254 2958//254
f 2960//4573 3518//4573 3517//4573
f 2960//254 3519//254 3518//254
f 2960//254 3517//254 3559//254
f 3511//54 3435//54 3512//54
f 3520//895 3519//895 2960//895
f 3520//54 2960//54 2961//54
f 3510//2294 3435//2294 3511//2294
f 3510//54 3419//54 3436//54
f 3510//54 3436//54 3435//54
f 2962//54 3520//54 2961//54
f 2962//54 3521//54 3520//54
f 2965//54 3521//54 2962//54
f 3462//54 3521//54 3471//54
f 3470//56 3471//56 3521//56
f 3462//4576 3504//4576 3521//4576
f 3470//54 2965//54 2963//54
f 3470//54 3521//54 2965//54
f 3461//4576 3504//4576 3462//4576
f 3469//54 3470//54 2963//54
f 3463//2626 3504//2626 3461//2626
f 2966//54 3468//54 3469//54
f 2966//54 3469//54 2963//54
f 3463//895 3505//895 3504//895
f 3464//54 3505//54 3463//54
f 2966//54 3467//54 3468//54
f 2966//54 3466//54 3467//54
f 2968//54 3465//54 3466//54
f 2968//54 3466//54 2966//54
f 2974//54 3507//54 3506//54
f 2974//56 3508//56 3507//56
f 2970//54 3465//54 2968//54
f 2970//54 3464//54 3465//54
f 2973//54 2974//54 3506//54
f 2973//54 3506//54 3505//54
f 2972//54 3505//54 3464//54
f 2972//54 3464//54 2970//54
f 2971//54 2973//54 3505//54
f 2971//54 3505//54 2972//54
f 2974//56 2976//56 3508//56
f 3508//54 2976//54 3509//54
f 3509//3286 2976//3286 3510//3286
f 3510//2624 2976//2624 3564//2624
f 3510//54 3564//54 3571//54
f 3510//254 3571//254 3420//254
f 3510//54 3420//54 3419//54
f 3565//4577 3522//4577 3523//4577
f 3567//4578 3522//4578 3565//4578
f 3567//4579 3524//4579 3522//4579
f 3569//4580 3525//4580 3524//4580
f 3569//4581 3524//4581 3567//4581
f 3570//4582 3526//4582 3525//4582
f 3570//4583 3525//4583 3569//4583
f 3570//4584 3527//4584 3526//4584
f 3571//4585 3528//4585 3527//4585
f 3571//4586 3527//4586 3570//4586
f 3571//4587 3529//4587 3528//4587
f 3564//4588 3529//4588 3571//4588
f 3564//4589 3530//4589 3529//4589
f 3564//4590 3531//4590 3530//4590
f 3563//4591 3532//4591 3531//4591
f 3563//4592 3531//4592 3564//4592
f 3562//4593 3533//4593 3532//4593
f 3562//4594 3532//4594 3563//4594
f 3562//4595 3534//4595 3533//4595
f 3561//4596 3535//4596 3534//4596
f 3561//4597 3534//4597 3562//4597
f 3561//4598 3536//4598 3535//4598
f 3560//4599 3537//4599 3536//4599
f 3560//4600 3536//4600 3561//4600
f 3560//4601 3538//4601 3537//4601
f 3558//4602 3539//4602 3538//4602
f 3558//4603 3538//4603 3560//4603
f 3558//4604 3540//4604 3539//4604
f 3556//4605 3541//4605 3540//4605
f 3556//4606 3540//4606 3558//4606
f 3554//4607 3541//4607 3556//4607
f 3554//4608 3542//4608 3541//4608
f 3555//4609 3543//4609 3542//4609
f 3555//4610 3542//4610 3554//4610
f 3557//4611 3544//4611 3543//4611
f 3557//4612 3543//4612 3555//4612
f 3557//4613 3545//4613 3544//4613
f 3559//4614 3546//4614 3545//4614
f 3559//4615 3545//4615 3557//4615
f 3559//4616 3547//4616 3546//4616
f 3572//4617 3548//4617 3547//4617
f 3572//4618 3547//4618 3559//4618
f 3572//4619 3549//4619 3548//4619
f 3568//4620 3550//4620 3549//4620
f 3568//4621 3549//4621 3572//4621
f 3568//4622 3551//4622 3550//4622
f 3566//4623 3552//4623 3551//4623
f 3566//4624 3551//4624 3568//4624
f 3566//4625 3553//4625 3552//4625
f 3565//4626 3553//4626 3566//4626
f 3565//4627 3523//4627 3553//4627
f 3662//4628 3639//4628 3641//4628
f 3661//4629 3639//4629 3662//4629
f 3663//4630 3662//4630 3641//4630
f 3661//4631 3636//4631 3639//4631
f 3663//4632 3641//4632 3573//4632
f 3660//4633 3636//4633 3661//4633
f 3574//4634 3663//4634 3573//4634
f 3660//4635 3635//4635 3636//4635
f 3664//4636 3574//4636 3573//4636
f 3659//4637 3635//4637 3660//4637
f 3645//4638 3664//4638 3573//4638
f 3658//4639 3635//4639 3659//4639
f 3658//4640 3633//4640 3635//4640
f 3665//4641 3664//4641 3645//4641
f 3575//4642 3665//4642 3645//4642
f 3657//4643 3633//4643 3658//4643
f 3631//4644 3633//4644 3657//4644
f 3576//4645 3665//4645 3575//4645
f 3576//4646 3577//4646 3665//4646
f 3579//4647 3631//4647 3657//4647
f 3578//4648 3577//4648 3576//4648
f 3656//4649 3579//4649 3657//4649
f 3622//4650 3577//4650 3578//4650
f 3622//4651 3653//4651 3577//4651
f 3627//4652 3656//4652 3655//4652
f 3627//4653 3579//4653 3656//4653
f 3625//4654 3653//4654 3622//4654
f 3627//4655 3655//4655 3654//4655
f 3625//4656 3654//4656 3653//4656
f 3625//4657 3627//4657 3654//4657
f 3582//4658 3581//4658 3583//4658
f 3582//4659 3580//4659 3581//4659
f 3580//4660 3584//4660 3581//4660
f 3585//4661 3582//4661 3583//4661
f 3586//4662 3587//4662 3584//4662
f 3586//4663 3584//4663 3580//4663
f 3588//4664 3585//4664 3583//4664
f 3586//4665 3589//4665 3587//4665
f 3590//4666 3585//4666 3588//4666
f 3591//4667 3590//4667 3588//4667
f 3592//4668 3589//4668 3586//4668
f 3591//4669 3593//4669 3590//4669
f 3595//4670 3593//4670 3591//4670
f 3596//4671 3594//4671 3592//4671
f 3595//4672 3597//4672 3593//4672
f 3598//4673 3596//4673 3599//4673
f 3598//2916 3594//2916 3596//2916
f 3597//4674 3598//4674 3599//4674
f 3600//4675 3601//4675 3602//4675
f 3603//4676 3601//4676 3600//4676
f 3604//4677 3600//4677 3602//4677
f 3605//4678 3606//4678 3601//4678
f 3605//4679 3601//4679 3603//4679
f 3604//4680 3602//4680 3607//4680
f 3608//4681 3604//4681 3607//4681
f 3609//4682 3606//4682 3605//4682
f 3608//4683 3607//4683 3610//4683
f 3609//4684 3611//4684 3606//4684
f 3612//4685 3608//4685 3610//4685
f 3613//4686 3612//4686 3610//4686
f 3611//4687 3609//4687 3614//4687
f 3615//4688 3612//4688 3613//4688
f 3616//4689 3611//4689 3614//4689
f 3617//4690 3615//4690 3613//4690
f 3616//4691 3614//4691 3618//4691
f 3617//4692 3619//4692 3615//4692
f 3620//4693 3619//4693 3617//4693
f 3621//4694 3616//4694 3618//4694
f 3621//4695 3618//4695 3619//4695
f 3621//4696 3619//4696 3620//4696
f 3622//4697 3623//4697 3624//4697
f 3625//4698 3624//4698 3626//4698
f 3625//4699 3622//4699 3624//4699
f 3627//4700 3626//4700 3628//4700
f 3627//4701 3625//4701 3626//4701
f 3627//4702 3628//4702 3629//4702
f 3579//4703 3627//4703 3629//4703
f 3579//4704 3629//4704 3630//4704
f 3631//4705 3579//4705 3630//4705
f 3631//4706 3630//4706 3632//4706
f 3633//4707 3631//4707 3632//4707
f 3633//4708 3632//4708 3634//4708
f 3635//4709 3633//4709 3634//4709
f 3636//4710 3634//4710 3637//4710
f 3636//4711 3635//4711 3634//4711
f 3636//4712 3637//4712 3638//4712
f 3639//4713 3636//4713 3638//4713
f 3639//4714 3638//4714 3640//4714
f 3641//4715 3639//4715 3640//4715
f 3642//4716 3640//4716 3643//4716
f 3642//4717 3641//4717 3640//4717
f 3642//4718 3643//4718 3644//4718
f 3573//4719 3642//4719 3644//4719
f 3645//4720 3644//4720 3646//4720
f 3645//4721 3573//4721 3644//4721
f 3575//4722 3646//4722 3647//4722
f 3575//4723 3645//4723 3646//4723
f 3576//4724 3647//4724 3623//4724
f 3576//4725 3575//4725 3647//4725
f 3578//4726 3576//4726 3623//4726
f 3622//4727 3578//4727 3623//4727
f 3648//4728 3623//4728 3649//4728
f 3648//4729 3624//4729 3623//4729
f 3621//4730 3626//4730 3624//4730
f 3621//4731 3624//4731 3648//4731
f 3620//4732 3628//4732 3626//4732
f 3620//4733 3626//4733 3621//4733
f 3620//4734 3629//4734 3628//4734
f 3617//4735 3630//4735 3629//4735
f 3617//4736 3629//4736 3620//4736
f 3613//4737 3632//4737 3630//4737
f 3613//4738 3630//4738 3617//4738
f 3610//4739 3632//4739 3613//4739
f 3610//4740 3634//4740 3632//4740
f 3607//4741 3634//4741 3610//4741
f 3607//4742 3637//4742 3634//4742
f 3602//4743 3637//4743 3607//4743
f 3602//4744 3638//4744 3637//4744
f 3650//4745 3638//4745 3602//4745
f 3650//4746 3640//4746 3638//4746
f 3601//4747 3640//4747 3650//4747
f 3601//4748 3643//4748 3640//4748
f 3651//4749 3643//4749 3601//4749
f 3651//4750 3644//4750 3643//4750
f 3652//4751 3644//4751 3651//4751
f 3652//4752 3646//4752 3644//4752
f 3611//4753 3646//4753 3652//4753
f 3611//4754 3647//4754 3646//4754
f 3649//4755 3623//4755 3647//4755
f 3649//4756 3647//4756 3611//4756
f 3595//4757 3577//4757 3653//4757
f 3597//4758 3595//4758 3653//4758
f 3597//4759 3653//4759 3654//4759
f 3598//4760 3597//4760 3654//4760
f 3598//4761 3654//4761 3655//4761
f 3594//4762 3655//4762 3656//4762
f 3594//4763 3598//4763 3655//4763
f 3594//4764 3656//4764 3657//4764
f 3592//4765 3594//4765 3657//4765
f 3589//4766 3657//4766 3658//4766
f 3589//4767 3658//4767 3659//4767
f 3589//4768 3592//4768 3657//4768
f 3587//4769 3589//4769 3659//4769
f 3587//4770 3659//4770 3660//4770
f 3584//4771 3660//4771 3661//4771
f 3584//4772 3587//4772 3660//4772
f 3581//4773 3661//4773 3662//4773
f 3581//4774 3662//4774 3663//4774
f 3581//4775 3584//4775 3661//4775
f 3583//4776 3581//4776 3663//4776
f 3583//4777 3663//4777 3574//4777
f 3588//4778 3574//4778 3664//4778
f 3588//4779 3583//4779 3574//4779
f 3591//4780 3664//4780 3665//4780
f 3591//4781 3588//4781 3664//4781
f 3591//4782 3665//4782 3577//4782
f 3595//4783 3591//4783 3577//4783
f 3616//4784 3621//4784 3648//4784
f 3649//4785 3616//4785 3648//4785
f 3611//4786 3616//4786 3649//4786
f 3606//4787 3611//4787 3652//4787
f 3651//4788 3606//4788 3652//4788
f 3601//4789 3606//4789 3651//4789
f 3650//4790 3602//4790 3601//4790
f 3667//4791 3586//4791 3666//4791
f 3592//4792 3586//4792 3667//4792
f 3668//4793 3596//4793 3592//4793
f 3599//4794 3596//4794 3668//4794
f 3669//4795 3597//4795 3599//4795
f 3670//4796 3597//4796 3669//4796
f 3670//4797 3593//4797 3597//4797
f 3590//4798 3593//4798 3670//4798
f 3671//4799 3585//4799 3590//4799
f 3672//4800 3585//4800 3671//4800
f 3672//4801 3582//4801 3585//4801
f 3666//4802 3586//4802 3580//4802
f 3674//4803 3618//4803 3673//4803
f 3619//4804 3618//4804 3674//4804
f 3675//4805 3619//4805 3674//4805
f 3615//4806 3619//4806 3675//4806
f 3676//4807 3615//4807 3675//4807
f 3612//4808 3615//4808 3676//4808
f 3600//4809 3604//4809 3677//4809
f 3614//4810 3609//4810 3678//4810
f 3618//4811 3614//4811 3673//4811
f 3608//4812 3667//4812 3666//4812
f 3608//4813 3666//4813 3604//4813
f 3612//4814 3592//4814 3667//4814
f 3612//4815 3667//4815 3608//4815
f 3676//4816 3668//4816 3592//4816
f 3676//4817 3592//4817 3612//4817
f 3675//4818 3668//4818 3676//4818
f 3674//4819 3599//4819 3668//4819
f 3674//4820 3668//4820 3675//4820
f 3674//4821 3669//4821 3599//4821
f 3673//4822 3669//4822 3674//4822
f 3673//4823 3670//4823 3669//4823
f 3614//4824 3670//4824 3673//4824
f 3678//4825 3670//4825 3614//4825
f 3678//4826 3590//4826 3670//4826
f 3678//4827 3671//4827 3590//4827
f 3609//4828 3671//4828 3678//4828
f 3605//4829 3671//4829 3609//4829
f 3605//4830 3672//4830 3671//4830
f 3603//4831 3672//4831 3605//4831
f 3603//4832 3582//4832 3672//4832
f 3600//4833 3582//4833 3603//4833
f 3677//4834 3580//4834 3582//4834
f 3677//4835 3582//4835 3600//4835
f 3604//4836 3666//4836 3580//4836
f 3604//4837 3580//4837 3677//4837
f 3642//4838 3573//4838 3641//4838
f 3679//4839 3681//4839 3680//4839
f 3682//4840 3683//4840 3684//4840
f 3681//4841 3685//4841 3680//4841
f 3686//4842 3685//4842 3681//4842
f 3686//4843 3687//4843 3685//4843
f 3688//4844 3687//4844 3686//4844
f 3688//4845 3689//4845 3687//4845
f 3690//4846 3691//4846 3689//4846
f 3690//4847 3689//4847 3688//4847
f 3692//4848 3691//4848 3690//4848
f 3692//4849 3693//4849 3691//4849
f 3694//4850 3695//4850 3693//4850
f 3694//4851 3693//4851 3692//4851
f 3694//4852 3696//4852 3695//4852
f 3697//4853 3696//4853 3694//4853
f 3697//4854 3698//4854 3696//4854
f 3699//4855 3698//4855 3697//4855
f 3700//4856 3698//4856 3699//4856
f 3700//4857 3701//4857 3698//4857
f 3700//4858 3702//4858 3701//4858
f 3703//4859 3702//4859 3700//4859
f 3703//4860 3704//4860 3702//4860
f 3705//4861 3704//4861 3703//4861
f 3705//4862 3684//4862 3704//4862
f 3682//4863 3684//4863 3705//4863
f 3698//54 3707//54 3706//54
f 3696//54 3698//54 3706//54
f 3708//54 3696//54 3706//54
f 3701//54 3709//54 3707//54
f 3701//54 3707//54 3698//54
f 3695//54 3696//54 3708//54
f 3695//54 3708//54 3693//54
f 3702//54 3709//54 3701//54
f 3711//54 3709//54 3702//54
f 3691//54 3693//54 3710//54
f 3704//54 3711//54 3702//54
f 3712//54 3691//54 3710//54
f 3683//54 3711//54 3704//54
f 3684//54 3683//54 3704//54
f 3689//54 3691//54 3712//54
f 3713//54 3689//54 3712//54
f 3714//54 3689//54 3713//54
f 3687//54 3689//54 3714//54
f 3715//54 3680//54 3685//54
f 3716//54 3687//54 3714//54
f 3716//54 3685//54 3687//54
f 3716//54 3715//54 3685//54
f 3697//576 3717//576 3699//576
f 3700//576 3699//576 3718//576
f 3719//576 3717//576 3697//576
f 3700//576 3718//576 3720//576
f 3694//576 3719//576 3697//576
f 3703//576 3720//576 3721//576
f 3703//576 3700//576 3720//576
f 3694//576 3722//576 3719//576
f 3692//576 3722//576 3694//576
f 3705//576 3703//576 3721//576
f 3723//576 3705//576 3721//576
f 3724//576 3722//576 3692//576
f 3690//576 3724//576 3692//576
f 3725//576 3724//576 3690//576
f 3682//576 3705//576 3723//576
f 3688//576 3725//576 3690//576
f 3726//576 3725//576 3688//576
f 3727//576 3726//576 3688//576
f 3728//576 3686//576 3681//576
f 3728//576 3681//576 3679//576
f 3727//576 3688//576 3686//576
f 3728//576 3727//576 3686//576
f 3679//4864 3680//4864 3715//4864
f 3728//4865 3679//4865 3715//4865
f 3728//4866 3715//4866 3716//4866
f 3727//4867 3728//4867 3716//4867
f 3727//4868 3716//4868 3714//4868
f 3726//4869 3727//4869 3714//4869
f 3725//4870 3714//4870 3713//4870
f 3725//4871 3726//4871 3714//4871
f 3725//4872 3713//4872 3712//4872
f 3724//4873 3725//4873 3712//4873
f 3722//4874 3712//4874 3710//4874
f 3722//4875 3724//4875 3712//4875
f 3719//4876 3710//4876 3693//4876
f 3719//4877 3722//4877 3710//4877
f 3719//4878 3693//4878 3708//4878
f 3717//4879 3719//4879 3708//4879
f 3717//4880 3708//4880 3706//4880
f 3699//4881 3717//4881 3706//4881
f 3718//4882 3706//4882 3707//4882
f 3718//4883 3699//4883 3706//4883
f 3720//4884 3707//4884 3709//4884
f 3720//4885 3718//4885 3707//4885
f 3721//4886 3709//4886 3711//4886
f 3721//4887 3720//4887 3709//4887
f 3723//4888 3711//4888 3683//4888
f 3723//4889 3721//4889 3711//4889
f 3682//4890 3723//4890 3683//4890
f 3731//4891 3730//4891 3729//4891
f 3731//4892 3732//4892 3730//4892
f 3733//4893 3730//4893 3732//4893
f 3734//4894 3730//4894 3733//4894
f 3734//4895 3729//4895 3730//4895
f 3735//4896 3733//4896 3732//4896
f 3735//4897 3732//4897 3731//4897
f 3738//4898 3737//4898 3736//4898
f 3739//4899 3737//4899 3738//4899
f 3740//4900 3737//4900 3739//4900
f 3736//4901 3737//4901 3740//4901
f 3741//4902 3742//4902 3743//4902
f 3744//4903 3742//4903 3741//4903
f 3747//4904 3746//4904 3745//4904
f 3748//4905 3734//4905 3747//4905
f 3734//4906 3748//4906 3729//4906
f 3735//4907 3731//4907 3749//4907
f 3751//4908 3748//4908 3747//4908
f 3751//4909 3747//4909 3745//4909
f 3752//4910 3743//4910 3742//4910
f 3746//4911 3743//4911 3752//4911
f 3745//4912 3746//4912 3752//4912
f 3745//4913 3752//4913 3742//4913
f 3745//4914 3742//4914 3744//4914
f 3755//4915 3756//4915 3753//4915
f 3757//4916 3756//4916 3755//4916
f 3759//4917 3760//4917 3758//4917
f 3764//4918 3765//4918 3762//4918
f 3767//4919 3768//4919 3766//4919
f 3770//4920 3772//4920 3771//4920
f 3770//4921 3771//4921 3773//4921
f 3774//4922 3770//4922 3773//4922
f 3731//4923 3772//4923 3770//4923
f 3775//4924 3772//4924 3731//4924
f 3776//4925 3775//4925 3731//4925
f 3777//4926 3774//4926 3773//4926
f 3777//4927 3778//4927 3774//4927
f 3779//4928 3776//4928 3780//4928
f 3779//4929 3775//4929 3776//4929
f 3779//4930 3780//4930 3778//4930
f 3779//4931 3778//4931 3777//4931
f 3783//4932 3784//4932 3781//4932
f 3785//4933 3757//4933 3786//4933
f 3785//4934 3756//4934 3757//4934
f 3753//4935 3756//4935 3785//4935
f 3787//4936 3753//4936 3785//4936
f 3754//4937 3753//4937 3787//4937
f 3788//4938 3765//4938 3789//4938
f 3788//4939 3762//4939 3765//4939
f 3790//4940 3762//4940 3788//4940
f 3763//4941 3762//4941 3790//4941
f 3755//4942 3791//4942 3757//4942
f 3792//4943 3791//4943 3755//4943
f 3753//4944 3792//4944 3755//4944
f 3754//4945 3792//4945 3753//4945
f 3764//4946 3793//4946 3765//4946
f 3764//4947 3794//4947 3793//4947
f 3795//4948 3794//4948 3764//4948
f 3762//4949 3795//4949 3764//4949
f 3763//4950 3795//4950 3762//4950
f 3796//4951 3768//4951 3769//4951
f 3797//4952 3768//4952 3796//4952
f 3766//4953 3768//4953 3797//4953
f 3798//4954 3766//4954 3797//4954
f 3800//4955 3781//4955 3784//4955
f 3800//4956 3784//4956 3799//4956
f 3782//4957 3781//4957 3800//4957
f 3801//4958 3782//4958 3800//4958
f 3802//4959 3812//4959 3803//4959
f 3802//4960 3804//4960 3812//4960
f 3805//4961 3804//4961 3802//4961
f 3806//4962 3805//4962 3802//4962
f 3768//4963 3807//4963 3769//4963
f 3767//4964 3808//4964 3807//4964
f 3767//4965 3807//4965 3768//4965
f 3809//4966 3808//4966 3767//4966
f 3766//4967 3809//4967 3767//4967
f 3783//4968 3810//4968 3784//4968
f 3783//4969 3811//4969 3810//4969
f 3781//4970 3811//4970 3783//4970
f 3782//4971 3811//4971 3781//4971
f 3804//4972 3813//4972 3812//4972
f 3814//4973 3813//4973 3804//4973
f 3815//4974 3813//4974 3814//4974
f 3805//4975 3815//4975 3814//4975
f 3816//4976 3786//4976 3817//4976
f 3785//4977 3786//4977 3816//4977
f 3787//4978 3785//4978 3816//4978
f 3818//4979 3787//4979 3816//4979
f 3819//4980 3820//4980 3821//4980
f 3822//4981 3820//4981 3819//4981
f 3823//4982 3819//4982 3824//4982
f 3823//4983 3822//4983 3819//4983
f 3790//4984 3825//4984 3826//4984
f 3788//4985 3825//4985 3790//4985
f 3789//4986 3827//4986 3825//4986
f 3789//4987 3825//4987 3788//4987
f 3829//4988 3791//4988 3792//4988
f 3829//4989 3792//4989 3828//4989
f 3830//4990 3757//4990 3791//4990
f 3830//4991 3791//4991 3829//4991
f 3831//4992 3832//4992 3833//4992
f 3834//4993 3832//4993 3831//4993
f 3835//4994 3836//4994 3832//4994
f 3835//4995 3832//4995 3834//4995
f 3837//4996 3836//4996 3835//4996
f 3839//4997 3794//4997 3795//4997
f 3839//4998 3795//4998 3838//4998
f 3840//4999 3794//4999 3839//4999
f 3841//5000 3793//5000 3794//5000
f 3841//5001 3794//5001 3840//5001
f 3842//5002 3796//5002 3843//5002
f 3842//5003 3797//5003 3796//5003
f 3842//5004 3798//5004 3797//5004
f 3842//5005 3844//5005 3798//5005
f 3845//5006 3846//5006 3801//5006
f 3800//5007 3845//5007 3801//5007
f 3799//5008 3845//5008 3800//5008
f 3847//5009 3845//5009 3799//5009
f 3848//5010 3849//5010 3806//5010
f 3848//5011 3806//5011 3802//5011
f 3803//5012 3848//5012 3802//5012
f 3850//5013 3848//5013 3803//5013
f 3851//5014 3808//5014 3809//5014
f 3852//5015 3808//5015 3851//5015
f 3852//5016 3807//5016 3808//5016
f 3853//5017 3807//5017 3852//5017
f 3854//5018 3811//5018 3782//5018
f 3855//5019 3811//5019 3854//5019
f 3856//5020 3810//5020 3811//5020
f 3856//5021 3811//5021 3855//5021
f 3857//5022 3810//5022 3856//5022
f 3817//5023 3858//5023 3816//5023
f 3821//5024 3859//5024 3819//5024
f 3827//5025 3860//5025 3825//5025
f 3861//5026 3829//5026 3828//5026
f 3862//5027 3829//5027 3861//5027
f 3830//5028 3829//5028 3862//5028
f 3863//5029 3834//5029 3831//5029
f 3835//5030 3834//5030 3863//5030
f 3864//5031 3840//5031 3839//5031
f 3841//5032 3840//5032 3864//5032
f 3865//5033 3844//5033 3842//5033
f 3847//5034 3866//5034 3845//5034
f 3867//5035 3852//5035 3851//5035
f 3868//5036 3852//5036 3867//5036
f 3853//5037 3852//5037 3868//5037
f 3871//5038 3872//5038 3870//5038
f 3871//56 3870//56 3869//56
f 3869//54 3870//54 3873//54
f 3874//895 3869//895 3873//895
f 3871//5039 3875//5039 3872//5039
f 3874//895 3873//895 3876//895
f 3877//252 3875//252 3871//252
f 3878//895 3874//895 3876//895
f 3879//251 3878//251 3876//251
f 3880//2624 3875//2624 3877//2624
f 3881//2625 3880//2625 3877//2625
f 3882//5040 3878//5040 3879//5040
f 3883//5041 3880//5041 3881//5041
f 3882//5042 3884//5042 3878//5042
f 3883//3286 3881//3286 3885//3286
f 3886//5043 3884//5043 3882//5043
f 3887//55 3883//55 3885//55
f 3887//252 3885//252 3884//252
f 3887//895 3884//895 3886//895
f 3888//5044 3855//5044 3854//5044
f 3856//5045 3855//5045 3888//5045
f 3889//5046 3818//5046 3816//5046
f 3889//5047 3890//5047 3818//5047
f 3889//5048 3816//5048 3858//5048
f 3891//5049 3858//5049 3817//5049
f 3891//5050 3889//5050 3858//5050
f 3892//5051 3824//5051 3819//5051
f 3892//5052 3893//5052 3824//5052
f 3892//5053 3819//5053 3859//5053
f 3894//5054 3859//5054 3821//5054
f 3894//5055 3892//5055 3859//5055
f 3895//5056 3826//5056 3825//5056
f 3895//5057 3896//5057 3826//5057
f 3895//5058 3825//5058 3860//5058
f 3897//5059 3860//5059 3827//5059
f 3897//5060 3895//5060 3860//5060
f 3898//5061 3844//5061 3865//5061
f 3899//5062 3865//5062 3842//5062
f 3899//5063 3898//5063 3865//5063
f 3899//5064 3842//5064 3843//5064
f 3900//5065 3899//5065 3843//5065
f 3901//5066 3846//5066 3845//5066
f 3901//5067 3902//5067 3846//5067
f 3901//5068 3845//5068 3866//5068
f 3903//5069 3866//5069 3847//5069
f 3903//5070 3901//5070 3866//5070
f 3904//5071 3905//5071 3906//5071
f 3907//5072 3908//5072 3904//5072
f 3907//5073 3904//5073 3909//5073
f 3828//5074 3904//5074 3906//5074
f 3828//5075 3909//5075 3904//5075
f 3890//5076 3792//5076 3754//5076
f 3787//5077 3890//5077 3754//5077
f 3818//5078 3890//5078 3787//5078
f 3890//5079 3909//5079 3828//5079
f 3890//5080 3828//5080 3792//5080
f 3889//576 3910//576 3911//576
f 3889//576 3891//576 3910//576
f 3890//576 3889//576 3911//576
f 3910//5081 3786//5081 3757//5081
f 3910//5082 3817//5082 3786//5082
f 3891//5083 3817//5083 3910//5083
f 3912//5084 3913//5084 3914//5084
f 3912//5085 3914//5085 3830//5085
f 3915//5086 3913//5086 3912//5086
f 3916//5087 3912//5087 3830//5087
f 3917//5088 3912//5088 3916//5088
f 3910//5089 3830//5089 3914//5089
f 3910//5090 3757//5090 3830//5090
f 3893//5091 3833//5091 3758//5091
f 3893//5092 3758//5092 3823//5092
f 3893//5093 3823//5093 3824//5093
f 3918//5094 3919//5094 3920//5094
f 3918//5095 3831//5095 3919//5095
f 3921//5096 3918//5096 3920//5096
f 3922//5097 3831//5097 3918//5097
f 3923//5098 3922//5098 3918//5098
f 3893//5099 3919//5099 3831//5099
f 3893//5100 3831//5100 3833//5100
f 3892//576 3894//576 3924//576
f 3925//576 3892//576 3924//576
f 3893//576 3892//576 3925//576
f 3924//5101 3761//5101 3836//5101
f 3924//5102 3820//5102 3761//5102
f 3924//5103 3821//5103 3820//5103
f 3894//5104 3821//5104 3924//5104
f 3926//5105 3927//5105 3928//5105
f 3926//5106 3928//5106 3837//5106
f 3929//5107 3927//5107 3926//5107
f 3930//5108 3926//5108 3837//5108
f 3931//5109 3926//5109 3930//5109
f 3924//5110 3837//5110 3928//5110
f 3924//5111 3836//5111 3837//5111
f 3932//5112 3795//5112 3763//5112
f 3932//5113 3763//5113 3790//5113
f 3932//5114 3790//5114 3826//5114
f 3896//5115 3932//5115 3826//5115
f 3933//5116 3934//5116 3935//5116
f 3933//5117 3838//5117 3934//5117
f 3936//5118 3933//5118 3935//5118
f 3937//5119 3838//5119 3933//5119
f 3938//5120 3937//5120 3933//5120
f 3932//5121 3934//5121 3838//5121
f 3932//5122 3838//5122 3795//5122
f 3932//576 3896//576 3895//576
f 3939//576 3932//576 3895//576
f 3939//576 3895//576 3897//576
f 3940//576 3939//576 3897//576
f 3941//5123 3942//5123 3943//5123
f 3944//5124 3941//5124 3945//5124
f 3946//5125 3941//5125 3944//5125
f 3841//5126 3941//5126 3946//5126
f 3827//5127 3940//5127 3897//5127
f 3765//5128 3793//5128 3940//5128
f 3789//5129 3940//5129 3827//5129
f 3789//5130 3765//5130 3940//5130
f 3946//5131 3940//5131 3841//5131
f 3841//5132 3940//5132 3793//5132
f 3841//5133 3942//5133 3941//5133
f 3899//576 3900//576 3947//576
f 3899//576 3947//576 3948//576
f 3898//576 3948//576 3949//576
f 3898//576 3899//576 3948//576
f 3950//450 3951//450 3952//450
f 3953//5134 3950//5134 3954//5134
f 3853//3988 3951//3988 3950//3988
f 3853//5135 3950//5135 3953//5135
f 3947//5136 3769//5136 3807//5136
f 3796//5137 3769//5137 3947//5137
f 3843//5138 3947//5138 3900//5138
f 3843//5139 3796//5139 3947//5139
f 3947//5140 3853//5140 3953//5140
f 3947//5141 3807//5141 3853//5141
f 3949//5142 3844//5142 3898//5142
f 3949//5143 3798//5143 3844//5143
f 3766//5144 3798//5144 3949//5144
f 3809//5145 3766//5145 3949//5145
f 3955//5146 3956//5146 3957//5146
f 3958//5147 3956//5147 3955//5147
f 3958//5148 3851//5148 3956//5148
f 3959//5149 3958//5149 3960//5149
f 3959//5150 3851//5150 3958//5150
f 3956//5151 3851//5151 3949//5151
f 3851//5152 3809//5152 3949//5152
f 3961//450 3962//450 3963//450
f 3964//5153 3965//5153 3961//5153
f 3964//5154 3966//5154 3965//5154
f 3854//5155 3964//5155 3961//5155
f 3801//3992 3846//3992 3902//3992
f 3801//5156 3902//5156 3782//5156
f 3964//5157 3854//5157 3902//5157
f 3854//5156 3782//5156 3902//5156
f 3854//5158 3961//5158 3963//5158
f 3967//576 3902//576 3901//576
f 3968//576 3967//576 3901//576
f 3903//576 3968//576 3901//576
f 3968//5159 3903//5159 3847//5159
f 3968//5160 3847//5160 3799//5160
f 3784//5161 3968//5161 3799//5161
f 3810//5162 3968//5162 3784//5162
f 3969//5163 3970//5163 3971//5163
f 3972//5164 3969//5164 3971//5164
f 3972//5165 3971//5165 3857//5165
f 3973//5166 3974//5166 3972//5166
f 3973//5167 3972//5167 3857//5167
f 3971//5168 3968//5168 3857//5168
f 3857//5169 3968//5169 3810//5169
f 3975//5170 3806//5170 3849//5170
f 3805//5171 3806//5171 3975//5171
f 3815//5172 3805//5172 3975//5172
f 3976//5173 3977//5173 3978//5173
f 3979//5174 3977//5174 3976//5174
f 3979//5175 3980//5175 3977//5175
f 3981//5176 3979//5176 3982//5176
f 3981//5177 3980//5177 3979//5177
f 3977//5178 3980//5178 3975//5178
f 3980//5179 3815//5179 3975//5179
f 3983//576 3984//576 3975//576
f 3985//576 3984//576 3983//576
f 3986//576 3985//576 3983//576
f 3985//5180 3986//5180 3850//5180
f 3985//5181 3850//5181 3803//5181
f 3812//5182 3985//5182 3803//5182
f 3987//5183 3988//5183 3989//5183
f 3987//5184 3989//5184 3990//5184
f 3991//5185 3992//5185 3987//5185
f 3991//5186 3987//5186 3990//5186
f 3989//5187 3985//5187 3990//5187
f 3990//5188 3985//5188 3812//5188
f 3909//5189 3890//5189 3911//5189
f 3993//5190 3911//5190 3910//5190
f 3993//5191 3909//5191 3911//5191
f 3914//5192 3993//5192 3910//5192
f 3919//5193 3893//5193 3925//5193
f 3994//5194 3925//5194 3924//5194
f 3994//5195 3919//5195 3925//5195
f 3928//5196 3994//5196 3924//5196
f 3995//5197 3934//5197 3932//5197
f 3995//5198 3932//5198 3939//5198
f 3946//5199 3995//5199 3939//5199
f 3946//5200 3939//5200 3940//5200
f 3956//5201 3949//5201 3948//5201
f 3996//5202 3948//5202 3947//5202
f 3996//5203 3956//5203 3948//5203
f 3953//5204 3996//5204 3947//5204
f 3964//5205 3902//5205 3967//5205
f 3997//5206 3967//5206 3968//5206
f 3997//5207 3964//5207 3967//5207
f 3971//5208 3997//5208 3968//5208
f 3993//54 3914//54 3913//54
f 3998//54 3993//54 3913//54
f 3909//54 3993//54 3998//54
f 3907//54 3909//54 3998//54
f 3994//54 3928//54 3927//54
f 3999//54 3994//54 3927//54
f 3919//54 3994//54 3999//54
f 3919//54 3999//54 3920//54
f 3995//54 4000//54 3935//54
f 3934//54 3995//54 3935//54
f 3946//54 4000//54 3995//54
f 3946//54 3944//54 4000//54
f 4001//54 3996//54 3953//54
f 4001//54 3956//54 3996//54
f 3957//54 3956//54 4001//54
f 4002//54 3966//54 3964//54
f 3997//54 4002//54 3964//54
f 3970//54 4002//54 3997//54
f 3971//54 3970//54 3997//54
f 4003//54 3978//54 3977//54
f 4003//54 3977//54 4004//54
f 3988//54 4003//54 4004//54
f 3989//54 3988//54 4004//54
f 3908//5209 3907//5209 3998//5209
f 4005//5210 3998//5210 3913//5210
f 4005//5211 3908//5211 3998//5211
f 3915//5212 4005//5212 3913//5212
f 3921//5213 3920//5213 3999//5213
f 4006//5214 3999//5214 3927//5214
f 4006//5215 3921//5215 3999//5215
f 3929//5216 4006//5216 3927//5216
f 4007//5217 3936//5217 3935//5217
f 4007//5218 3935//5218 4000//5218
f 3945//5219 4000//5219 3944//5219
f 3945//5220 4007//5220 4000//5220
f 4008//5221 3955//5221 3957//5221
f 4008//5222 3957//5222 4001//5222
f 3954//5223 4001//5223 3953//5223
f 3954//5224 4008//5224 4001//5224
f 3965//5225 3966//5225 4002//5225
f 4009//5226 4002//5226 3970//5226
f 4009//5227 3965//5227 4002//5227
f 3969//5228 4009//5228 3970//5228
f 4005//2908 3915//2908 3912//2908
f 4005//5229 3912//5229 4010//5229
f 3908//5229 4005//5229 4010//5229
f 3904//576 3908//576 4010//576
f 3917//5230 3922//5230 3923//5230
f 3916//54 3922//54 3917//54
f 4006//2901 3929//2901 3926//2901
f 4011//1312 4006//1312 3926//1312
f 4011//3082 3921//3082 4006//3082
f 3918//576 3921//576 4011//576
f 3930//2625 3938//2625 3931//2625
f 3930//54 3937//54 3938//54
f 3933//2949 3936//2949 4007//2949
f 4012//583 3933//583 4007//583
f 4012//583 4007//583 3945//583
f 3941//576 4012//576 3945//576
f 3954//580 3950//580 4013//580
f 4008//2911 4013//2911 3958//2911
f 4008//1559 3954//1559 4013//1559
f 4008//2954 3958//2954 3955//2954
f 3952//56 3951//56 3906//56
f 3952//5231 3906//5231 3905//5231
f 3942//5232 3962//5232 3943//5232
f 3963//56 3962//56 3942//56
f 4014//580 3961//580 3965//580
f 4009//1497 4014//1497 3965//1497
f 3972//1519 4014//1519 4009//1519
f 3969//685 3972//685 4009//685
f 3982//1718 3974//1718 3973//1718
f 3982//3286 3973//3286 3981//3286
f 4015//576 3979//576 3976//576
f 4016//2637 4015//2637 3976//2637
f 4016//2634 3987//2634 4015//2634
f 3960//54 3991//54 3959//54
f 3960//55 3992//55 3991//55
f 4017//5233 4019//5233 4018//5233
f 4020//56 4018//56 4021//56
f 4020//5234 4017//5234 4018//5234
f 4022//5235 4019//5235 4017//5235
f 4023//5236 4019//5236 4022//5236
f 4024//5237 4021//5237 4025//5237
f 4024//5038 4020//5038 4021//5038
f 4026//5238 4023//5238 4022//5238
f 4024//5239 4025//5239 4027//5239
f 4028//54 4023//54 4026//54
f 4029//5240 4028//5240 4026//5240
f 4030//5241 4024//5241 4027//5241
f 4031//5242 4030//5242 4027//5242
f 4032//5243 4028//5243 4029//5243
f 4032//5244 4029//5244 4033//5244
f 4034//5245 4030//5245 4031//5245
f 4035//5246 4034//5246 4031//5246
f 4036//252 4033//252 4037//252
f 4036//252 4032//252 4033//252
f 4038//5234 4039//5234 4034//5234
f 4038//5247 4034//5247 4035//5247
f 4038//896 4041//896 4039//896
f 4040//1168 4036//1168 4037//1168
f 4040//1168 4037//1168 4041//1168
f 4042//1718 4041//1718 4038//1718
f 4042//1718 4040//1718 4041//1718
f 4045//5248 4043//5248 4044//5248
f 4046//5249 4048//5249 4047//5249
f 4046//5250 4047//5250 4049//5250
f 4050//5251 4048//5251 4046//5251
f 4051//5252 4046//5252 4049//5252
f 4051//5253 4049//5253 4052//5253
f 4048//564 4050//564 4053//564
f 4054//5254 4048//5254 4053//5254
f 4055//5255 4051//5255 4052//5255
f 4055//5256 4053//5256 4051//5256
f 4055//5257 4054//5257 4053//5257
f 4057//5258 4390//5258 4056//5258
f 4058//5259 4057//5259 4056//5259
f 4391//5260 4059//5260 4056//5260
f 4391//5261 4056//5261 4390//5261
f 4392//5262 4059//5262 4391//5262
f 4060//5263 4057//5263 4058//5263
f 4389//5264 4057//5264 4060//5264
f 4392//5265 4061//5265 4059//5265
f 4393//5266 4061//5266 4392//5266
f 4388//5267 4389//5267 4060//5267
f 4062//5268 4061//5268 4393//5268
f 4394//5269 4062//5269 4393//5269
f 4063//5270 4388//5270 4060//5270
f 4064//5271 4062//5271 4394//5271
f 4065//5272 4388//5272 4063//5272
f 4395//5273 4064//5273 4394//5273
f 4066//5274 4065//5274 4063//5274
f 4067//5275 4065//5275 4066//5275
f 4068//5276 4064//5276 4395//5276
f 4396//5277 4068//5277 4395//5277
f 4066//5278 4387//5278 4067//5278
f 4069//5279 4068//5279 4396//5279
f 4397//5280 4069//5280 4396//5280
f 4070//5281 4387//5281 4066//5281
f 4070//5282 4386//5282 4387//5282
f 4071//5283 4069//5283 4397//5283
f 4382//5284 4071//5284 4397//5284
f 4070//5285 4072//5285 4386//5285
f 4073//5286 4071//5286 4382//5286
f 4074//5287 4073//5287 4382//5287
f 4075//5288 4072//5288 4070//5288
f 4383//5289 4074//5289 4382//5289
f 4075//5290 4385//5290 4072//5290
f 4076//5291 4383//5291 4384//5291
f 4076//5292 4074//5292 4383//5292
f 4077//5293 4384//5293 4385//5293
f 4077//5294 4385//5294 4075//5294
f 4077//5295 4076//5295 4384//5295
f 4078//5296 4080//5296 4079//5296
f 4078//5297 4079//5297 4081//5297
f 4082//5298 4080//5298 4078//5298
f 4083//5299 4078//5299 4081//5299
f 4082//5300 4084//5300 4080//5300
f 4083//5301 4081//5301 4085//5301
f 4085//5302 4086//5302 4083//5302
f 4087//5303 4084//5303 4082//5303
f 4088//5304 4086//5304 4085//5304
f 4089//2380 4084//2380 4087//2380
f 4089//5305 4087//5305 4090//5305
f 4091//5306 4089//5306 4090//5306
f 4088//672 4092//672 4086//672
f 4093//5307 4092//5307 4088//5307
f 4091//5308 4090//5308 4092//5308
f 4093//5309 4091//5309 4092//5309
f 4097//5310 4094//5310 4095//5310
f 4099//5311 4097//5311 4095//5311
f 4100//5312 4097//5312 4099//5312
f 4098//5313 4101//5313 4096//5313
f 4102//5314 4103//5314 4100//5314
f 4102//5315 4100//5315 4099//5315
f 4104//5316 4101//5316 4098//5316
f 4105//5317 4104//5317 4106//5317
f 4107//5318 4103//5318 4102//5318
f 4107//5319 4109//5319 4103//5319
f 4108//5320 4106//5320 4109//5320
f 4108//5321 4105//5321 4106//5321
f 4108//5322 4109//5322 4107//5322
f 4110//5323 4111//5323 4112//5323
f 4113//5324 4111//5324 4110//5324
f 4114//5325 4112//5325 4115//5325
f 4114//5326 4110//5326 4112//5326
f 4113//5327 4116//5327 4111//5327
f 4117//5328 4115//5328 4118//5328
f 4117//5329 4114//5329 4115//5329
f 4119//5330 4116//5330 4113//5330
f 4119//5331 4120//5331 4116//5331
f 4121//5332 4118//5332 4122//5332
f 4121//5333 4117//5333 4118//5333
f 4123//5334 4122//5334 4124//5334
f 4123//5335 4121//5335 4122//5335
f 4125//5336 4120//5336 4119//5336
f 4126//5337 4125//5337 4119//5337
f 4127//5338 4123//5338 4124//5338
f 4128//5339 4127//5339 4124//5339
f 4129//5340 4125//5340 4126//5340
f 4130//5341 4129//5341 4126//5341
f 4131//5342 4129//5342 4130//5342
f 4131//5343 4130//5343 4132//5343
f 4133//5344 4127//5344 4128//5344
f 4134//5345 4133//5345 4128//5345
f 4135//5346 4131//5346 4132//5346
f 4134//5347 4136//5347 4133//5347
f 4137//5348 4135//5348 4132//5348
f 4137//5349 4132//5349 4138//5349
f 4139//5350 4136//5350 4134//5350
f 4139//5351 4140//5351 4136//5351
f 4141//5352 4137//5352 4138//5352
f 4142//5353 4140//5353 4139//5353
f 4143//5354 4138//5354 4144//5354
f 4143//5355 4141//5355 4138//5355
f 4145//5356 4146//5356 4140//5356
f 4145//5357 4140//5357 4142//5357
f 4147//5358 4144//5358 4146//5358
f 4147//5359 4143//5359 4144//5359
f 4147//5360 4146//5360 4145//5360
f 4148//2637 4150//2637 4149//2637
f 4148//5361 4149//5361 4151//5361
f 4152//5362 4150//5362 4148//5362
f 4153//5229 4151//5229 4154//5229
f 4153//5363 4148//5363 4151//5363
f 4152//5364 4155//5364 4150//5364
f 4156//2902 4153//2902 4154//2902
f 4157//5365 4155//5365 4152//5365
f 4156//5366 4154//5366 4158//5366
f 4159//5367 4155//5367 4157//5367
f 4160//5368 4156//5368 4158//5368
f 4161//5369 4159//5369 4157//5369
f 4162//1549 4160//1549 4158//1549
f 4163//5370 4159//5370 4161//5370
f 4162//684 4164//684 4160//684
f 4165//5371 4163//5371 4161//5371
f 4166//5372 4164//5372 4162//5372
f 4165//5373 4161//5373 4164//5373
f 4166//5374 4165//5374 4164//5374
f 4167//5375 4168//5375 4169//5375
f 4170//5376 4168//5376 4167//5376
f 4170//5377 4167//5377 4171//5377
f 4172//5378 4171//5378 4167//5378
f 4173//576 4174//576 4175//576
f 4176//576 4173//576 4175//576
f 4176//576 4175//576 4177//576
f 4178//576 4179//576 4174//576
f 4178//576 4174//576 4173//576
f 4180//576 4176//576 4177//576
f 4180//576 4177//576 4181//576
f 4182//576 4183//576 4179//576
f 4182//576 4179//576 4178//576
f 4184//576 4180//576 4181//576
f 4185//576 4186//576 4183//576
f 4185//576 4183//576 4182//576
f 4187//576 4184//576 4181//576
f 4187//576 4188//576 4184//576
f 4189//576 4186//576 4185//576
f 4189//576 4185//576 4190//576
f 4191//576 4188//576 4187//576
f 4191//576 4192//576 4188//576
f 4193//576 4189//576 4190//576
f 4193//576 4190//576 4194//576
f 4195//576 4192//576 4191//576
f 4195//576 4196//576 4192//576
f 4197//576 4194//576 4196//576
f 4197//576 4193//576 4194//576
f 4197//576 4196//576 4195//576
f 4261//5379 4505//5379 4280//5379
f 4266//5380 4198//5380 4505//5380
f 4266//5381 4505//5381 4261//5381
f 4199//5382 4257//5382 4252//5382
f 4200//5383 4199//5383 4252//5383
f 4201//5384 4256//5384 4257//5384
f 4201//5385 4257//5385 4199//5385
f 4202//5386 4200//5386 4252//5386
f 4201//5387 4255//5387 4256//5387
f 4203//5388 4255//5388 4201//5388
f 4203//5389 4254//5389 4255//5389
f 4204//5390 4254//5390 4203//5390
f 4205//5391 4252//5391 4249//5391
f 4205//5392 4202//5392 4252//5392
f 4206//5393 4205//5393 4249//5393
f 4253//5394 4254//5394 4204//5394
f 4207//5395 4208//5395 4202//5395
f 4207//5396 4209//5396 4208//5396
f 4207//5397 4202//5397 4205//5397
f 4210//5398 4249//5398 4250//5398
f 4210//5399 4206//5399 4249//5399
f 4253//5400 4204//5400 4211//5400
f 4207//5401 4212//5401 4209//5401
f 4210//5402 4250//5402 4251//5402
f 4213//5403 4214//5403 4212//5403
f 4213//5404 4212//5404 4207//5404
f 4215//5405 4251//5405 4219//5405
f 4215//5406 4210//5406 4251//5406
f 4216//5407 4214//5407 4213//5407
f 4216//5408 4217//5408 4214//5408
f 4216//5409 4211//5409 4217//5409
f 4218//5410 4215//5410 4219//5410
f 4220//5411 4211//5411 4216//5411
f 4220//5412 4253//5412 4211//5412
f 4221//5413 4218//5413 4219//5413
f 4222//5414 4253//5414 4220//5414
f 4222//5415 4220//5415 4223//5415
f 4222//5416 4223//5416 4224//5416
f 4227//5417 4225//5417 4226//5417
f 4228//5418 4226//5418 4225//5418
f 4227//5419 4226//5419 4221//5419
f 4260//5420 4222//5420 4224//5420
f 4229//5421 4230//5421 4226//5421
f 4229//5422 4226//5422 4228//5422
f 4245//5423 4221//5423 4219//5423
f 4245//5424 4227//5424 4221//5424
f 4245//5425 4231//5425 4227//5425
f 4232//5426 4231//5426 4245//5426
f 4233//5427 4230//5427 4229//5427
f 4259//5428 4224//5428 4234//5428
f 4259//5429 4260//5429 4224//5429
f 4235//5430 4230//5430 4233//5430
f 4172//5431 4230//5431 4235//5431
f 4246//5432 4236//5432 4232//5432
f 4246//5433 4232//5433 4245//5433
f 4258//5434 4234//5434 4237//5434
f 4258//5435 4259//5435 4234//5435
f 4171//5436 4235//5436 4238//5436
f 4171//5437 4172//5437 4235//5437
f 4169//5438 4230//5438 4172//5438
f 4258//5439 4237//5439 4239//5439
f 4168//5440 4240//5440 4230//5440
f 4168//5441 4230//5441 4169//5441
f 4168//5442 4239//5442 4240//5442
f 4168//5443 4258//5443 4239//5443
f 4170//5444 4258//5444 4168//5444
f 4170//5445 4238//5445 4241//5445
f 4170//5446 4171//5446 4238//5446
f 4247//5447 4236//5447 4246//5447
f 4247//5448 4242//5448 4236//5448
f 4248//5449 4242//5449 4247//5449
f 4248//5450 4243//5450 4242//5450
f 4244//5451 4258//5451 4170//5451
f 4244//5452 4170//5452 4241//5452
f 4244//5453 4241//5453 4243//5453
f 4244//5454 4243//5454 4248//5454
f 4167//5455 4169//5455 4172//5455
f 4265//5456 4262//5456 4263//5456
f 4267//5457 4265//5457 4263//5457
f 4265//5458 4266//5458 4261//5458
f 4265//5459 4261//5459 4262//5459
f 4268//5460 4263//5460 4264//5460
f 4267//5461 4263//5461 4268//5461
f 4282//5462 4283//5462 4258//5462
f 4282//5463 4258//5463 4244//5463
f 4246//5464 4284//5464 4285//5464
f 4246//5465 4245//5465 4284//5465
f 4246//5466 4285//5466 4286//5466
f 4247//5467 4246//5467 4286//5467
f 4247//5468 4286//5468 4287//5468
f 4248//5469 4287//5469 4288//5469
f 4248//5470 4247//5470 4287//5470
f 4244//5471 4288//5471 4282//5471
f 4244//5472 4248//5472 4288//5472
f 4245//5473 4219//5473 4289//5473
f 4284//5474 4245//5474 4289//5474
f 4249//5475 4252//5475 4293//5475
f 4290//5476 4249//5476 4293//5476
f 4254//5477 4294//5477 4295//5477
f 4254//5478 4253//5478 4294//5478
f 4255//5479 4254//5479 4295//5479
f 4255//5480 4295//5480 4296//5480
f 4256//5481 4255//5481 4296//5481
f 4256//5482 4296//5482 4297//5482
f 4257//5483 4256//5483 4297//5483
f 4252//5484 4297//5484 4293//5484
f 4252//5485 4257//5485 4297//5485
f 4298//5486 4294//5486 4253//5486
f 4298//5487 4253//5487 4222//5487
f 4259//5488 4283//5488 4299//5488
f 4259//5489 4258//5489 4283//5489
f 4260//5490 4299//5490 4300//5490
f 4260//5491 4259//5491 4299//5491
f 4222//5492 4300//5492 4298//5492
f 4222//5493 4260//5493 4300//5493
f 4264//5494 4279//5494 4269//5494
f 4280//5495 4279//5495 4264//5495
f 4262//5496 4264//5496 4263//5496
f 4261//5497 4264//5497 4262//5497
f 4261//5498 4280//5498 4264//5498
f 4268//5499 4270//5499 4281//5499
f 4198//5500 4268//5500 4281//5500
f 4265//5501 4267//5501 4268//5501
f 4266//5502 4268//5502 4198//5502
f 4266//5503 4265//5503 4268//5503
f 4269//5504 4268//5504 4264//5504
f 4270//5505 4268//5505 4269//5505
f 4301//5506 4302//5506 4303//5506
f 4301//5507 4304//5507 4302//5507
f 4305//5508 4301//5508 4303//5508
f 4306//5509 4307//5509 4304//5509
f 4306//5510 4304//5510 4301//5510
f 4308//5511 4305//5511 4303//5511
f 4306//5512 4309//5512 4307//5512
f 4310//5513 4305//5513 4308//5513
f 4311//5514 4312//5514 4309//5514
f 4311//5515 4309//5515 4306//5515
f 4271//5516 4310//5516 4308//5516
f 4313//5517 4310//5517 4271//5517
f 4480//5518 4314//5518 4312//5518
f 4480//5519 4312//5519 4311//5519
f 4272//5520 4313//5520 4271//5520
f 4480//5521 4344//5521 4314//5521
f 4470//5522 4313//5522 4272//5522
f 4479//5523 4344//5523 4480//5523
f 4273//5524 4472//5524 4470//5524
f 4273//5525 4470//5525 4272//5525
f 4315//5526 4344//5526 4479//5526
f 4343//5527 4344//5527 4315//5527
f 4316//5528 4343//5528 4315//5528
f 4274//5529 4472//5529 4273//5529
f 4274//5530 4317//5530 4472//5530
f 4318//5531 4316//5531 4315//5531
f 4278//5532 4316//5532 4318//5532
f 4275//5533 4317//5533 4274//5533
f 4319//5534 4278//5534 4318//5534
f 4276//5535 4320//5535 4317//5535
f 4276//5536 4317//5536 4275//5536
f 4277//5537 4278//5537 4319//5537
f 4277//5538 4319//5538 4320//5538
f 4277//5539 4320//5539 4276//5539
f 4321//5540 4293//5540 4297//5540
f 4494//5541 4293//5541 4321//5541
f 4321//5542 4297//5542 4296//5542
f 4495//5543 4293//5543 4494//5543
f 4322//5544 4296//5544 4295//5544
f 4322//5545 4321//5545 4296//5545
f 4489//5546 4290//5546 4293//5546
f 4489//5547 4293//5547 4495//5547
f 4323//5548 4322//5548 4295//5548
f 4294//5549 4323//5549 4295//5549
f 4294//5550 4324//5550 4323//5550
f 4325//5551 4290//5551 4489//5551
f 4326//5552 4290//5552 4325//5552
f 4327//5553 4489//5553 4490//5553
f 4327//5554 4325//5554 4489//5554
f 4328//5555 4290//5555 4326//5555
f 4328//5556 4291//5556 4290//5556
f 4327//5557 4490//5557 4329//5557
f 4328//5558 4292//5558 4291//5558
f 4330//5559 4327//5559 4329//5559
f 4331//5560 4289//5560 4292//5560
f 4331//5561 4292//5561 4328//5561
f 4330//5562 4329//5562 4492//5562
f 4332//5563 4289//5563 4331//5563
f 4333//5564 4330//5564 4492//5564
f 4333//5565 4492//5565 4324//5565
f 4334//5566 4289//5566 4332//5566
f 4298//5567 4333//5567 4324//5567
f 4298//5568 4335//5568 4333//5568
f 4298//5569 4324//5569 4294//5569
f 4269//576 4279//576 4335//576
f 4269//5570 4335//5570 4298//5570
f 4504//5571 4334//5571 4336//5571
f 4336//5572 4334//5572 4337//5572
f 4504//5573 4289//5573 4334//5573
f 4300//5574 4269//5574 4298//5574
f 4336//5575 4337//5575 4338//5575
f 4270//576 4339//576 4281//576
f 4284//5576 4289//5576 4504//5576
f 4496//5577 4284//5577 4504//5577
f 4656//5578 4336//5578 4338//5578
f 4340//5579 4656//5579 4338//5579
f 4497//5580 4284//5580 4496//5580
f 4299//5581 4270//5581 4269//5581
f 4299//5582 4269//5582 4300//5582
f 4498//5583 4284//5583 4497//5583
f 4341//5584 4340//5584 4338//5584
f 4341//5585 4338//5585 4342//5585
f 4285//5586 4284//5586 4498//5586
f 4283//5587 4270//5587 4299//5587
f 4283//1566 4339//1566 4270//1566
f 4283//5588 4341//5588 4342//5588
f 4283//5589 4342//5589 4339//5589
f 4286//5590 4285//5590 4498//5590
f 4286//5591 4498//5591 4657//5591
f 4286//5592 4657//5592 4499//5592
f 4287//5593 4286//5593 4499//5593
f 4288//5594 4287//5594 4499//5594
f 4288//5595 4499//5595 4658//5595
f 4282//5596 4341//5596 4283//5596
f 4282//5597 4500//5597 4341//5597
f 4282//5598 4658//5598 4500//5598
f 4282//5599 4288//5599 4658//5599
f 4271//5600 4327//5600 4330//5600
f 4271//5601 4308//5601 4327//5601
f 4278//5602 4338//5602 4337//5602
f 4278//5603 4337//5603 4316//5603
f 4343//5604 4316//5604 4337//5604
f 4343//5605 4337//5605 4334//5605
f 4344//5606 4334//5606 4332//5606
f 4344//5607 4343//5607 4334//5607
f 4314//5608 4332//5608 4331//5608
f 4314//5609 4344//5609 4332//5609
f 4314//5610 4331//5610 4328//5610
f 4312//5611 4314//5611 4328//5611
f 4309//5612 4328//5612 4326//5612
f 4309//5613 4312//5613 4328//5613
f 4307//5614 4326//5614 4325//5614
f 4307//5615 4309//5615 4326//5615
f 4304//5616 4307//5616 4325//5616
f 4302//5617 4325//5617 4327//5617
f 4302//5618 4304//5618 4325//5618
f 4303//5619 4302//5619 4327//5619
f 4308//5620 4303//5620 4327//5620
f 4345//5621 3735//5621 3749//5621
f 3750//5622 4345//5622 3749//5622
f 3750//5623 3741//5623 4345//5623
f 3744//5624 3741//5624 3750//5624
f 3741//5625 3738//5625 3736//5625
f 3741//5626 3736//5626 4345//5626
f 3741//5627 3743//5627 3738//5627
f 3746//5628 3738//5628 3743//5628
f 3746//5629 3739//5629 3738//5629
f 3747//5630 3739//5630 3746//5630
f 3734//5631 3740//5631 3739//5631
f 3734//5632 3739//5632 3747//5632
f 3734//5633 3733//5633 3740//5633
f 3736//5634 3740//5634 3733//5634
f 4345//5635 3733//5635 3735//5635
f 4345//5636 3736//5636 3733//5636
f 3774//5637 3744//5637 3750//5637
f 3778//5638 3744//5638 3774//5638
f 3778//5639 3745//5639 3744//5639
f 3780//5640 3751//5640 3745//5640
f 3780//5641 3745//5641 3778//5641
f 3776//5642 3751//5642 3780//5642
f 3776//5643 3748//5643 3751//5643
f 3731//5644 3748//5644 3776//5644
f 3731//5645 3729//5645 3748//5645
f 3770//5646 3749//5646 3731//5646
f 3770//5647 3750//5647 3749//5647
f 3774//5648 3750//5648 3770//5648
f 3814//5649 3804//5649 3805//5649
f 3820//5650 3760//5650 3761//5650
f 3822//5651 3760//5651 3820//5651
f 3758//5652 3760//5652 3822//5652
f 3823//5653 3758//5653 3822//5653
f 3760//5654 3836//5654 3761//5654
f 3759//5655 3832//5655 3836//5655
f 3759//5656 3836//5656 3760//5656
f 3833//5657 3832//5657 3759//5657
f 3758//5658 3833//5658 3759//5658
f 4346//5659 3775//5659 3779//5659
f 4347//5660 4346//5660 3779//5660
f 4347//5661 3779//5661 3777//5661
f 4348//5662 4347//5662 3777//5662
f 4349//5663 4348//5663 3777//5663
f 4349//5664 3777//5664 3773//5664
f 4350//5665 4349//5665 3773//5665
f 4351//5666 4350//5666 3773//5666
f 4351//5667 3773//5667 3771//5667
f 4352//5668 4351//5668 3771//5668
f 4352//5669 3771//5669 3772//5669
f 4353//5670 4352//5670 3772//5670
f 4353//5671 3772//5671 3775//5671
f 4354//5672 4353//5672 3775//5672
f 4346//5673 4354//5673 3775//5673
f 4350//5674 3874//5674 3878//5674
f 4349//5675 4350//5675 3878//5675
f 4348//5676 3878//5676 3884//5676
f 4348//5677 4349//5677 3878//5677
f 4347//5678 4348//5678 3884//5678
f 4347//5679 3884//5679 3885//5679
f 4346//5680 4347//5680 3885//5680
f 4346//5681 3885//5681 3881//5681
f 4354//5682 4346//5682 3881//5682
f 4354//5683 3881//5683 3877//5683
f 4353//5684 4354//5684 3877//5684
f 4353//5685 3877//5685 3871//5685
f 4352//5686 4353//5686 3871//5686
f 4352//5687 3871//5687 3869//5687
f 4351//5688 4352//5688 3869//5688
f 4351//5689 3869//5689 3874//5689
f 4350//5690 4351//5690 3874//5690
f 4355//5691 3813//5691 3815//5691
f 4355//5692 3815//5692 3980//5692
f 3990//5693 3813//5693 4355//5693
f 3990//5694 3812//5694 3813//5694
f 3850//5695 4356//5695 3848//5695
f 4357//5696 4355//5696 3980//5696
f 4357//5697 3990//5697 4355//5697
f 3983//5698 3849//5698 3848//5698
f 3983//5699 3975//5699 3849//5699
f 3983//5700 3848//5700 4356//5700
f 3986//5701 4356//5701 3850//5701
f 3986//5702 3983//5702 4356//5702
f 3883//5703 3990//5703 4357//5703
f 3991//5704 3990//5704 3883//5704
f 3887//5705 3991//5705 3883//5705
f 3959//5706 3991//5706 3887//5706
f 3959//5707 3867//5707 3851//5707
f 3887//5708 3867//5708 3959//5708
f 3887//5709 3868//5709 3867//5709
f 3886//5710 3868//5710 3887//5710
f 3951//5711 3868//5711 3886//5711
f 3951//5712 3853//5712 3868//5712
f 3882//5713 3951//5713 3886//5713
f 3882//5714 3906//5714 3951//5714
f 3906//5715 3861//5715 3828//5715
f 3882//5716 3861//5716 3906//5716
f 3879//5717 3862//5717 3861//5717
f 3879//5718 3861//5718 3882//5718
f 3916//5719 3830//5719 3862//5719
f 3916//5720 3862//5720 3879//5720
f 3922//5721 3863//5721 3831//5721
f 3876//5722 3922//5722 3916//5722
f 3876//5723 3916//5723 3879//5723
f 3876//5724 3863//5724 3922//5724
f 3873//5725 3835//5725 3863//5725
f 3873//5726 3863//5726 3876//5726
f 3930//5727 3837//5727 3835//5727
f 3930//5728 3835//5728 3873//5728
f 3937//5729 3839//5729 3838//5729
f 3937//5730 3930//5730 3873//5730
f 3870//5731 3839//5731 3937//5731
f 3870//5732 3937//5732 3873//5732
f 3870//5733 3864//5733 3839//5733
f 3872//5734 3864//5734 3870//5734
f 3942//5735 3864//5735 3872//5735
f 3942//5736 3841//5736 3864//5736
f 3963//5737 3888//5737 3854//5737
f 3872//5738 3963//5738 3942//5738
f 3875//5739 3963//5739 3872//5739
f 3875//5740 3888//5740 3963//5740
f 3875//5741 3856//5741 3888//5741
f 3880//5742 3856//5742 3875//5742
f 3973//5743 3856//5743 3880//5743
f 3973//5744 3857//5744 3856//5744
f 3981//5745 4357//5745 3980//5745
f 3880//5746 3981//5746 3973//5746
f 3883//5747 3981//5747 3880//5747
f 3883//5748 4357//5748 3981//5748
f 3977//5749 3975//5749 3984//5749
f 4004//5750 3984//5750 3985//5750
f 4004//5751 3977//5751 3984//5751
f 3989//5752 4004//5752 3985//5752
f 3976//5753 3978//5753 4003//5753
f 4016//5754 4003//5754 3988//5754
f 4016//5755 3976//5755 4003//5755
f 3987//5756 4016//5756 3988//5756
f 4037//5757 4015//5757 3987//5757
f 3992//5758 4037//5758 3987//5758
f 4041//5759 4037//5759 3992//5759
f 3960//5760 4041//5760 3992//5760
f 4041//5761 3960//5761 3958//5761
f 4041//5762 3958//5762 4013//5762
f 4039//5763 4041//5763 4013//5763
f 3952//5764 4039//5764 4013//5764
f 3952//5765 4013//5765 3950//5765
f 4034//5766 4039//5766 3952//5766
f 3905//5767 4034//5767 3952//5767
f 3905//5768 3904//5768 4010//5768
f 4034//5769 3905//5769 4010//5769
f 4030//5770 4034//5770 4010//5770
f 4030//5771 4010//5771 3912//5771
f 3917//5772 4030//5772 3912//5772
f 3923//5773 3918//5773 4011//5773
f 4024//5774 4030//5774 3917//5774
f 4024//5775 3917//5775 3923//5775
f 4024//5776 3923//5776 4011//5776
f 4024//5777 4011//5777 3926//5777
f 4020//5778 4024//5778 3926//5778
f 3931//5779 4020//5779 3926//5779
f 3938//5780 4020//5780 3931//5780
f 4017//5781 3938//5781 3933//5781
f 4017//5782 4020//5782 3938//5782
f 4017//5783 3933//5783 4012//5783
f 4022//5784 4017//5784 4012//5784
f 3943//5785 4022//5785 4012//5785
f 3943//5786 4012//5786 3941//5786
f 3962//5787 3961//5787 4014//5787
f 4022//5788 3943//5788 3962//5788
f 4026//5789 3962//5789 4014//5789
f 4026//5790 4022//5790 3962//5790
f 4029//5791 4026//5791 4014//5791
f 4029//5792 4014//5792 3972//5792
f 3974//5793 4029//5793 3972//5793
f 3982//5794 3979//5794 4015//5794
f 4033//5795 3974//5795 3982//5795
f 4033//5796 4029//5796 3974//5796
f 4033//5797 3982//5797 4015//5797
f 4037//5798 4033//5798 4015//5798
f 4359//5799 4036//5799 4040//5799
f 4359//5800 4358//5800 4036//5800
f 4360//5801 4040//5801 4042//5801
f 4360//5802 4359//5802 4040//5802
f 4361//5803 4042//5803 4038//5803
f 4361//5804 4360//5804 4042//5804
f 4362//5805 4038//5805 4035//5805
f 4362//5806 4361//5806 4038//5806
f 4362//5807 4035//5807 4031//5807
f 4363//5808 4362//5808 4031//5808
f 4364//5809 4031//5809 4027//5809
f 4364//5810 4363//5810 4031//5810
f 4365//5811 4364//5811 4027//5811
f 4366//5812 4365//5812 4027//5812
f 4366//5813 4027//5813 4025//5813
f 4367//5814 4025//5814 4021//5814
f 4367//5815 4366//5815 4025//5815
f 4368//5816 4021//5816 4018//5816
f 4368//5817 4367//5817 4021//5817
f 4369//5818 4368//5818 4018//5818
f 4369//5819 4018//5819 4019//5819
f 4370//5820 4369//5820 4019//5820
f 4371//5821 4019//5821 4023//5821
f 4371//5822 4370//5822 4019//5822
f 4372//5823 4371//5823 4023//5823
f 4373//5824 4023//5824 4028//5824
f 4373//5825 4372//5825 4023//5825
f 4374//5826 4373//5826 4028//5826
f 4375//5827 4028//5827 4032//5827
f 4375//5828 4374//5828 4028//5828
f 4376//5829 4375//5829 4032//5829
f 4358//5830 4376//5830 4032//5830
f 4358//5831 4032//5831 4036//5831
f 4377//5832 4044//5832 4043//5832
f 4378//5833 4377//5833 4043//5833
f 4378//5834 4043//5834 4045//5834
f 4379//5835 4378//5835 4045//5835
f 4380//5836 4045//5836 4044//5836
f 4380//5837 4379//5837 4045//5837
f 4381//5838 4380//5838 4044//5838
f 4381//5839 4044//5839 4377//5839
f 4379//5840 4051//5840 4053//5840
f 4378//5841 4379//5841 4053//5841
f 4377//5842 4053//5842 4050//5842
f 4377//5843 4378//5843 4053//5843
f 4377//5844 4050//5844 4046//5844
f 4381//5845 4377//5845 4046//5845
f 4380//5846 4046//5846 4051//5846
f 4380//5847 4381//5847 4046//5847
f 4379//5848 4380//5848 4051//5848
f 4358//5849 4383//5849 4382//5849
f 4359//5850 4383//5850 4358//5850
f 4360//5851 4384//5851 4383//5851
f 4360//5852 4383//5852 4359//5852
f 4360//5853 4385//5853 4384//5853
f 4361//5854 4072//5854 4385//5854
f 4361//5855 4385//5855 4360//5855
f 4362//5856 4072//5856 4361//5856
f 4362//5857 4386//5857 4072//5857
f 4363//5858 4387//5858 4386//5858
f 4363//5859 4386//5859 4362//5859
f 4363//5860 4067//5860 4387//5860
f 4364//5861 4065//5861 4067//5861
f 4364//5862 4067//5862 4363//5862
f 4365//5863 4065//5863 4364//5863
f 4365//5864 4388//5864 4065//5864
f 4366//5865 4388//5865 4365//5865
f 4366//5866 4389//5866 4388//5866
f 4367//5867 4389//5867 4366//5867
f 4367//5868 4057//5868 4389//5868
f 4368//5869 4057//5869 4367//5869
f 4368//5870 4390//5870 4057//5870
f 4369//5871 4390//5871 4368//5871
f 4369//5872 4391//5872 4390//5872
f 4369//5873 4392//5873 4391//5873
f 4370//5874 4392//5874 4369//5874
f 4370//5875 4393//5875 4392//5875
f 4371//5876 4393//5876 4370//5876
f 4371//5877 4394//5877 4393//5877
f 4372//5878 4394//5878 4371//5878
f 4373//5879 4394//5879 4372//5879
f 4373//5880 4395//5880 4394//5880
f 4374//5881 4395//5881 4373//5881
f 4374//5882 4396//5882 4395//5882
f 4375//5883 4397//5883 4396//5883
f 4375//5884 4396//5884 4374//5884
f 4376//5885 4382//5885 4397//5885
f 4376//5886 4397//5886 4375//5886
f 4358//5887 4382//5887 4376//5887
f 4092//5888 4055//5888 4086//5888
f 4090//5889 4055//5889 4092//5889
f 4054//5890 4055//5890 4090//5890
f 4087//5891 4054//5891 4090//5891
f 4048//5892 4054//5892 4087//5892
f 4082//5893 4048//5893 4087//5893
f 4082//5894 4047//5894 4048//5894
f 4078//5895 4047//5895 4082//5895
f 4078//5896 4049//5896 4047//5896
f 4083//5897 4049//5897 4078//5897
f 4083//5898 4052//5898 4049//5898
f 4086//5899 4052//5899 4083//5899
f 4086//5900 4055//5900 4052//5900
f 4398//5901 4073//5901 4074//5901
f 4398//5902 4074//5902 4399//5902
f 4400//5903 4399//5903 4076//5903
f 4400//5904 4398//5904 4399//5904
f 4400//5905 4076//5905 4077//5905
f 4401//5906 4077//5906 4075//5906
f 4401//5907 4400//5907 4077//5907
f 4401//5908 4075//5908 4506//5908
f 4402//5909 4506//5909 4070//5909
f 4402//5910 4401//5910 4506//5910
f 4403//5911 4070//5911 4404//5911
f 4403//5912 4402//5912 4070//5912
f 4403//5913 4404//5913 4066//5913
f 4405//5914 4066//5914 4507//5914
f 4405//5915 4403//5915 4066//5915
f 4405//5916 4507//5916 4063//5916
f 4406//5917 4405//5917 4063//5917
f 4406//5918 4063//5918 4407//5918
f 4408//5919 4406//5919 4407//5919
f 4408//5920 4407//5920 4060//5920
f 4409//5921 4408//5921 4060//5921
f 4409//5922 4060//5922 4410//5922
f 4411//5923 4410//5923 4058//5923
f 4411//5924 4409//5924 4410//5924
f 4412//5925 4058//5925 4056//5925
f 4412//5926 4411//5926 4058//5926
f 4413//5927 4056//5927 4414//5927
f 4413//5928 4412//5928 4056//5928
f 4413//5929 4414//5929 4059//5929
f 4415//5930 4059//5930 4508//5930
f 4415//5931 4413//5931 4059//5931
f 4415//5932 4508//5932 4509//5932
f 4416//5933 4509//5933 4062//5933
f 4416//5934 4415//5934 4509//5934
f 4416//5935 4062//5935 4064//5935
f 4417//5936 4064//5936 4068//5936
f 4417//5937 4416//5937 4064//5937
f 4418//5938 4068//5938 4069//5938
f 4418//5939 4417//5939 4068//5939
f 4419//5940 4069//5940 4071//5940
f 4419//5941 4418//5941 4069//5941
f 4420//5942 4071//5942 4073//5942
f 4420//5943 4419//5943 4071//5943
f 4398//5944 4420//5944 4073//5944
f 4084//5945 4098//5945 4080//5945
f 4084//5946 4104//5946 4098//5946
f 4089//5947 4106//5947 4104//5947
f 4089//5948 4104//5948 4084//5948
f 4091//5949 4106//5949 4089//5949
f 4091//5950 4109//5950 4106//5950
f 4093//5951 4109//5951 4091//5951
f 4088//5952 4109//5952 4093//5952
f 4088//5953 4103//5953 4109//5953
f 4085//5954 4103//5954 4088//5954
f 4085//5955 4100//5955 4103//5955
f 4081//5956 4100//5956 4085//5956
f 4081//5957 4097//5957 4100//5957
f 4079//5958 4097//5958 4081//5958
f 4079//5959 4094//5959 4097//5959
f 4079//5960 4096//5960 4094//5960
f 4080//5961 4096//5961 4079//5961
f 4080//5962 4098//5962 4096//5962
f 4421//5963 4138//5963 4398//5963
f 4400//5964 4421//5964 4398//5964
f 4144//5965 4421//5965 4400//5965
f 4146//5966 4144//5966 4400//5966
f 4401//5967 4146//5967 4400//5967
f 4512//5968 4146//5968 4401//5968
f 4140//5969 4512//5969 4401//5969
f 4402//5970 4140//5970 4401//5970
f 4136//5971 4402//5971 4403//5971
f 4133//5972 4136//5972 4403//5972
f 4405//5973 4133//5973 4403//5973
f 4513//5974 4133//5974 4405//5974
f 4127//5975 4513//5975 4405//5975
f 4406//5976 4127//5976 4405//5976
f 4110//5977 4412//5977 4413//5977
f 4113//5978 4110//5978 4413//5978
f 4113//5979 4413//5979 4415//5979
f 4422//5980 4113//5980 4415//5980
f 4510//5981 4415//5981 4416//5981
f 4510//5982 4422//5982 4415//5982
f 4511//5983 4416//5983 4417//5983
f 4511//5984 4510//5984 4416//5984
f 4132//5985 4419//5985 4420//5985
f 4132//5986 4418//5986 4419//5986
f 4138//5987 4420//5987 4398//5987
f 4164//5988 4107//5988 4160//5988
f 4164//5989 4108//5989 4107//5989
f 4161//5990 4105//5990 4108//5990
f 4161//5991 4108//5991 4164//5991
f 4161//5992 4104//5992 4105//5992
f 4157//5993 4104//5993 4161//5993
f 4157//5994 4101//5994 4104//5994
f 4152//5995 4101//5995 4157//5995
f 4152//5996 4096//5996 4101//5996
f 4152//5997 4094//5997 4096//5997
f 4148//5998 4094//5998 4152//5998
f 4148//5999 4095//5999 4094//5999
f 4153//6000 4095//6000 4148//6000
f 4153//6001 4099//6001 4095//6001
f 4156//6002 4099//6002 4153//6002
f 4156//6003 4102//6003 4099//6003
f 4160//6004 4102//6004 4156//6004
f 4160//6005 4107//6005 4102//6005
f 4423//6006 4150//6006 4155//6006
f 4424//6007 4423//6007 4155//6007
f 4425//6008 4155//6008 4159//6008
f 4425//6009 4424//6009 4155//6009
f 4426//6010 4159//6010 4163//6010
f 4426//6011 4425//6011 4159//6011
f 4427//6012 4426//6012 4163//6012
f 4427//6013 4163//6013 4165//6013
f 4428//6014 4427//6014 4165//6014
f 4428//6015 4165//6015 4166//6015
f 4429//6016 4428//6016 4166//6016
f 4430//6017 4429//6017 4166//6017
f 4430//6018 4166//6018 4162//6018
f 4431//6019 4430//6019 4162//6019
f 4431//6020 4162//6020 4158//6020
f 4432//6021 4431//6021 4158//6021
f 4433//6022 4158//6022 4154//6022
f 4433//6023 4432//6023 4158//6023
f 4434//6024 4154//6024 4151//6024
f 4434//6025 4433//6025 4154//6025
f 4435//6026 4151//6026 4149//6026
f 4435//6027 4434//6027 4151//6027
f 4436//6028 4149//6028 4150//6028
f 4436//6029 4435//6029 4149//6029
f 4423//6030 4436//6030 4150//6030
f 4437//6031 4118//6031 4438//6031
f 4437//6032 4122//6032 4118//6032
f 4439//6033 4124//6033 4122//6033
f 4439//6034 4122//6034 4437//6034
f 4440//6035 4128//6035 4124//6035
f 4440//6036 4124//6036 4439//6036
f 4441//6037 4514//6037 4128//6037
f 4441//6038 4128//6038 4440//6038
f 4442//6039 4134//6039 4514//6039
f 4442//6040 4514//6040 4441//6040
f 4443//6041 4444//6041 4134//6041
f 4443//6042 4134//6042 4442//6042
f 4445//6043 4139//6043 4444//6043
f 4445//6044 4444//6044 4443//6044
f 4446//6045 4142//6045 4139//6045
f 4446//6046 4139//6046 4445//6046
f 4447//6047 4145//6047 4142//6047
f 4447//6048 4142//6048 4446//6048
f 4448//6049 4147//6049 4145//6049
f 4448//6050 4145//6050 4447//6050
f 4449//6051 4515//6051 4147//6051
f 4449//6052 4147//6052 4448//6052
f 4450//6053 4515//6053 4449//6053
f 4450//6054 4143//6054 4515//6054
f 4451//6055 4143//6055 4450//6055
f 4451//6056 4141//6056 4143//6056
f 4452//6057 4141//6057 4451//6057
f 4453//6058 4141//6058 4452//6058
f 4453//6059 4137//6059 4141//6059
f 4454//6060 4137//6060 4453//6060
f 4454//6061 4135//6061 4137//6061
f 4455//6062 4135//6062 4454//6062
f 4455//6063 4131//6063 4135//6063
f 4456//6064 4129//6064 4131//6064
f 4456//6065 4131//6065 4455//6065
f 4457//6066 4125//6066 4129//6066
f 4457//6067 4129//6067 4456//6067
f 4458//6068 4120//6068 4125//6068
f 4458//6069 4125//6069 4457//6069
f 4459//6070 4116//6070 4120//6070
f 4459//6071 4120//6071 4458//6071
f 4460//6072 4461//6072 4116//6072
f 4460//6073 4116//6073 4459//6073
f 4462//6074 4111//6074 4461//6074
f 4462//6075 4463//6075 4111//6075
f 4462//6076 4461//6076 4460//6076
f 4464//6077 4463//6077 4462//6077
f 4465//6078 4112//6078 4463//6078
f 4465//6079 4463//6079 4464//6079
f 4466//6080 4115//6080 4112//6080
f 4466//6081 4112//6081 4465//6081
f 4438//6082 4118//6082 4115//6082
f 4438//6083 4115//6083 4466//6083
f 4429//6084 4192//6084 4196//6084
f 4429//6085 4430//6085 4192//6085
f 4428//6086 4429//6086 4196//6086
f 4428//6087 4196//6087 4194//6087
f 4427//6088 4428//6088 4194//6088
f 4427//6089 4194//6089 4190//6089
f 4426//6090 4427//6090 4190//6090
f 4425//6091 4190//6091 4185//6091
f 4425//6092 4426//6092 4190//6092
f 4424//6093 4425//6093 4185//6093
f 4424//6094 4185//6094 4182//6094
f 4423//6095 4424//6095 4182//6095
f 4423//6096 4182//6096 4178//6096
f 4436//6097 4178//6097 4173//6097
f 4436//6098 4423//6098 4178//6098
f 4435//6099 4436//6099 4173//6099
f 4435//6100 4173//6100 4176//6100
f 4434//6101 4435//6101 4176//6101
f 4434//6102 4176//6102 4180//6102
f 4433//6103 4434//6103 4180//6103
f 4433//6104 4180//6104 4184//6104
f 4432//6105 4433//6105 4184//6105
f 4432//6106 4184//6106 4188//6106
f 4431//6107 4432//6107 4188//6107
f 4430//6108 4188//6108 4192//6108
f 4430//6109 4431//6109 4188//6109
f 4473//6110 4195//6110 4191//6110
f 4474//6111 4195//6111 4473//6111
f 4474//6112 4197//6112 4195//6112
f 4475//6113 4197//6113 4474//6113
f 4475//6114 4193//6114 4197//6114
f 4476//6115 4193//6115 4475//6115
f 4476//6116 4189//6116 4193//6116
f 4477//6117 4189//6117 4476//6117
f 4477//6118 4186//6118 4189//6118
f 4478//6119 4186//6119 4477//6119
f 4478//6120 4183//6120 4186//6120
f 4481//6121 4183//6121 4478//6121
f 4482//6122 4183//6122 4481//6122
f 4482//6123 4179//6123 4183//6123
f 4483//6124 4179//6124 4482//6124
f 4484//6125 4179//6125 4483//6125
f 4484//6126 4174//6126 4179//6126
f 4485//6127 4174//6127 4484//6127
f 4486//6128 4174//6128 4485//6128
f 4486//6129 4175//6129 4174//6129
f 4487//6130 4175//6130 4486//6130
f 4488//6131 4175//6131 4487//6131
f 4488//6132 4177//6132 4175//6132
f 4467//6133 4177//6133 4488//6133
f 4468//6134 4181//6134 4177//6134
f 4468//6135 4177//6135 4467//6135
f 4469//6136 4181//6136 4468//6136
f 4469//6137 4187//6137 4181//6137
f 4471//6138 4187//6138 4469//6138
f 4471//6139 4191//6139 4187//6139
f 4473//6140 4191//6140 4471//6140
f 4468//6141 4467//6141 4310//6141
f 4313//6142 4468//6142 4310//6142
f 4469//6143 4468//6143 4313//6143
f 4470//6144 4469//6144 4313//6144
f 4471//6145 4469//6145 4470//6145
f 4472//6146 4471//6146 4470//6146
f 4473//6147 4471//6147 4472//6147
f 4317//6148 4473//6148 4472//6148
f 4474//6149 4473//6149 4317//6149
f 4320//6150 4474//6150 4317//6150
f 4475//6151 4474//6151 4320//6151
f 4319//6152 4475//6152 4320//6152
f 4476//6153 4475//6153 4319//6153
f 4318//6154 4476//6154 4319//6154
f 4477//6155 4476//6155 4318//6155
f 4315//6156 4477//6156 4318//6156
f 4478//6157 4477//6157 4315//6157
f 4479//6158 4478//6158 4315//6158
f 4480//6159 4478//6159 4479//6159
f 4481//6160 4478//6160 4480//6160
f 4482//6161 4481//6161 4480//6161
f 4311//6162 4482//6162 4480//6162
f 4483//6163 4482//6163 4311//6163
f 4306//6164 4483//6164 4311//6164
f 4484//6165 4483//6165 4306//6165
f 4485//6166 4484//6166 4306//6166
f 4301//6167 4485//6167 4306//6167
f 4486//6168 4485//6168 4301//6168
f 4487//6169 4486//6169 4301//6169
f 4305//6170 4487//6170 4301//6170
f 4488//6171 4487//6171 4305//6171
f 4467//6172 4488//6172 4305//6172
f 4310//6173 4467//6173 4305//6173
f 4250//6174 4290//6174 4291//6174
f 4250//6175 4249//6175 4290//6175
f 4251//6176 4291//6176 4292//6176
f 4251//6177 4250//6177 4291//6177
f 4219//6178 4292//6178 4289//6178
f 4219//6179 4251//6179 4292//6179
f 4202//6180 4489//6180 4495//6180
f 4208//6181 4489//6181 4202//6181
f 4208//6182 4490//6182 4489//6182
f 4209//6183 4490//6183 4208//6183
f 4209//6184 4329//6184 4490//6184
f 4212//6185 4329//6185 4209//6185
f 4212//6186 4491//6186 4329//6186
f 4214//6187 4491//6187 4212//6187
f 4214//6188 4492//6188 4491//6188
f 4217//6189 4492//6189 4214//6189
f 4217//6190 4324//6190 4492//6190
f 4211//6191 4324//6191 4217//6191
f 4211//6192 4323//6192 4324//6192
f 4204//6193 4323//6193 4211//6193
f 4204//6194 4493//6194 4323//6194
f 4203//6195 4493//6195 4204//6195
f 4203//6196 4322//6196 4493//6196
f 4201//6197 4322//6197 4203//6197
f 4201//6198 4321//6198 4322//6198
f 4199//6199 4321//6199 4201//6199
f 4199//6200 4494//6200 4321//6200
f 4200//6201 4495//6201 4494//6201
f 4200//6202 4494//6202 4199//6202
f 4202//6203 4495//6203 4200//6203
f 4231//6204 4497//6204 4496//6204
f 4232//6205 4497//6205 4231//6205
f 4236//6206 4498//6206 4497//6206
f 4236//6207 4497//6207 4232//6207
f 4236//6208 4657//6208 4498//6208
f 4242//6209 4499//6209 4657//6209
f 4242//6210 4657//6210 4236//6210
f 4243//6211 4658//6211 4499//6211
f 4243//6212 4499//6212 4242//6212
f 4243//6213 4500//6213 4658//6213
f 4241//6214 4500//6214 4243//6214
f 4241//6215 4501//6215 4500//6215
f 4238//6216 4501//6216 4241//6216
f 4238//6217 4502//6217 4501//6217
f 4235//6218 4502//6218 4238//6218
f 4235//6219 4340//6219 4502//6219
f 4233//6220 4340//6220 4235//6220
f 4229//6221 4340//6221 4233//6221
f 4229//6222 4656//6222 4340//6222
f 4228//6223 4656//6223 4229//6223
f 4228//6224 4336//6224 4656//6224
f 4225//6225 4336//6225 4228//6225
f 4225//6226 4503//6226 4336//6226
f 4227//6227 4504//6227 4503//6227
f 4227//6228 4503//6228 4225//6228
f 4231//6229 4504//6229 4227//6229
f 4231//6230 4496//6230 4504//6230
f 4272//6231 4330//6231 4333//6231
f 4272//6232 4271//6232 4330//6232
f 4273//6233 4333//6233 4335//6233
f 4273//6234 4272//6234 4333//6234
f 4280//6235 4335//6235 4279//6235
f 4280//6236 4273//6236 4335//6236
f 4274//6237 4280//6237 4505//6237
f 4274//6238 4273//6238 4280//6238
f 4275//6239 4274//6239 4505//6239
f 4198//6240 4281//6240 4339//6240
f 4275//6241 4505//6241 4198//6241
f 4276//6242 4275//6242 4198//6242
f 4276//6243 4198//6243 4339//6243
f 4276//6244 4339//6244 4342//6244
f 4277//6245 4276//6245 4342//6245
f 4277//6246 4342//6246 4338//6246
f 4278//6247 4277//6247 4338//6247
f 4076//6248 4399//6248 4074//6248
f 4506//6249 4075//6249 4070//6249
f 4404//6250 4070//6250 4066//6250
f 4507//6251 4066//6251 4063//6251
f 4407//6252 4063//6252 4060//6252
f 4410//6253 4060//6253 4058//6253
f 4414//6254 4056//6254 4059//6254
f 4508//6255 4059//6255 4061//6255
f 4509//6256 4061//6256 4062//6256
f 4509//6257 4508//6257 4061//6257
f 4417//6258 4126//6258 4511//6258
f 4418//6259 4130//6259 4417//6259
f 4408//6260 4123//6260 4406//6260
f 4409//6261 4121//6261 4408//6261
f 4411//6262 4117//6262 4409//6262
f 4510//6263 4119//6263 4422//6263
f 4511//6264 4126//6264 4119//6264
f 4511//6265 4119//6265 4510//6265
f 4417//6266 4130//6266 4126//6266
f 4418//6267 4132//6267 4130//6267
f 4420//6268 4138//6268 4132//6268
f 4421//6269 4144//6269 4138//6269
f 4512//6270 4140//6270 4146//6270
f 4402//6271 4136//6271 4140//6271
f 4513//6272 4127//6272 4133//6272
f 4406//6273 4123//6273 4127//6273
f 4408//6274 4121//6274 4123//6274
f 4409//6275 4117//6275 4121//6275
f 4411//6276 4114//6276 4117//6276
f 4412//6277 4110//6277 4114//6277
f 4412//6278 4114//6278 4411//6278
f 4422//6279 4119//6279 4113//6279
f 4514//6280 4134//6280 4128//6280
f 4444//6281 4139//6281 4134//6281
f 4515//6282 4143//6282 4147//6282
f 4461//6283 4111//6283 4116//6283
f 4463//6284 4112//6284 4111//6284
f 4516//6285 4452//6285 4451//6285
f 4516//6286 4517//6286 4452//6286
f 4518//6287 4519//6287 4517//6287
f 4520//6288 4519//6288 4518//6288
f 4516//6289 4451//6289 4450//6289
f 4520//6290 4521//6290 4519//6290
f 4522//6291 4521//6291 4520//6291
f 4518//6292 4517//6292 4516//6292
f 4522//6293 4523//6293 4521//6293
f 4524//6294 4520//6294 4518//6294
f 4525//6295 4523//6295 4522//6295
f 4526//6296 4450//6296 4449//6296
f 4526//6297 4516//6297 4450//6297
f 4527//6298 4523//6298 4525//6298
f 4528//6299 4520//6299 4524//6299
f 4527//6300 4529//6300 4523//6300
f 4530//6301 4516//6301 4526//6301
f 4528//6302 4522//6302 4520//6302
f 4530//6303 4518//6303 4516//6303
f 4525//6304 4522//6304 4528//6304
f 4234//6305 4531//6305 4529//6305
f 4524//6306 4518//6306 4530//6306
f 4448//6307 4526//6307 4449//6307
f 4234//6308 4224//6308 4531//6308
f 4532//6309 4528//6309 4524//6309
f 4532//6310 4525//6310 4528//6310
f 4533//6311 4529//6311 4527//6311
f 4534//6312 4525//6312 4532//6312
f 4533//6313 4234//6313 4529//6313
f 4535//6314 4524//6314 4530//6314
f 4447//6315 4526//6315 4448//6315
f 4533//6316 4237//6316 4234//6316
f 4536//6317 4526//6317 4447//6317
f 4537//6318 4525//6318 4534//6318
f 4537//6319 4527//6319 4525//6319
f 4538//6320 4532//6320 4524//6320
f 4538//6321 4524//6321 4535//6321
f 4536//6322 4530//6322 4526//6322
f 4539//6323 4530//6323 4536//6323
f 4540//6324 4527//6324 4537//6324
f 4538//6325 4534//6325 4532//6325
f 4540//6326 4533//6326 4527//6326
f 4541//6327 4530//6327 4539//6327
f 4541//6328 4535//6328 4530//6328
f 4540//6329 4237//6329 4533//6329
f 4542//6330 4534//6330 4538//6330
f 4239//6331 4237//6331 4540//6331
f 4446//6332 4536//6332 4447//6332
f 4543//6333 4536//6333 4446//6333
f 4541//6334 4538//6334 4535//6334
f 4537//6335 4534//6335 4542//6335
f 4544//6336 4538//6336 4541//6336
f 4543//6337 4539//6337 4536//6337
f 4545//6338 4539//6338 4543//6338
f 4546//6339 4538//6339 4544//6339
f 4547//6340 4540//6340 4537//6340
f 4545//6341 4541//6341 4539//6341
f 4546//6342 4542//6342 4538//6342
f 4547//6343 4239//6343 4540//6343
f 4548//6344 4541//6344 4545//6344
f 4445//6345 4543//6345 4446//6345
f 4240//6346 4239//6346 4547//6346
f 4549//6347 4541//6347 4548//6347
f 4549//6348 4544//6348 4541//6348
f 4550//6349 4537//6349 4542//6349
f 4549//6350 4546//6350 4544//6350
f 4543//6351 4445//6351 4443//6351
f 4551//6352 4537//6352 4550//6352
f 4551//6353 4240//6353 4547//6353
f 4551//6354 4547//6354 4537//6354
f 4554//6355 4542//6355 4546//6355
f 4551//6356 4230//6356 4240//6356
f 4552//6357 4545//6357 4543//6357
f 4553//6358 4549//6358 4548//6358
f 4554//6359 4546//6359 4549//6359
f 4550//6360 4542//6360 4554//6360
f 4552//6361 4548//6361 4545//6361
f 4555//6362 4551//6362 4550//6362
f 4442//6363 4543//6363 4443//6363
f 4554//6364 4549//6364 4553//6364
f 4553//6365 4548//6365 4552//6365
f 4556//6366 4551//6366 4555//6366
f 4562//6367 4543//6367 4442//6367
f 4556//6368 4230//6368 4551//6368
f 4557//6369 4554//6369 4553//6369
f 4562//6370 4552//6370 4543//6370
f 4560//6371 4550//6371 4554//6371
f 4558//6372 4552//6372 4562//6372
f 4555//6373 4550//6373 4560//6373
f 4559//6374 4552//6374 4558//6374
f 4560//6375 4554//6375 4557//6375
f 4561//6376 4552//6376 4559//6376
f 4561//6377 4553//6377 4552//6377
f 4562//6378 4442//6378 4441//6378
f 4563//6379 4555//6379 4560//6379
f 4561//6380 4557//6380 4553//6380
f 4556//6381 4226//6381 4230//6381
f 4564//6382 4555//6382 4563//6382
f 4565//6383 4557//6383 4561//6383
f 4564//6384 4556//6384 4555//6384
f 4565//6385 4560//6385 4557//6385
f 4564//6386 4226//6386 4556//6386
f 4566//6387 4559//6387 4558//6387
f 4573//6388 4560//6388 4565//6388
f 4566//6389 4561//6389 4559//6389
f 4567//6390 4562//6390 4441//6390
f 4567//6391 4441//6391 4440//6391
f 4573//6392 4563//6392 4560//6392
f 4568//6393 4563//6393 4573//6393
f 4566//6394 4565//6394 4561//6394
f 4568//6395 4564//6395 4563//6395
f 4569//6396 4565//6396 4566//6396
f 4570//6397 4562//6397 4567//6397
f 4571//6398 4564//6398 4568//6398
f 4570//6399 4558//6399 4562//6399
f 4571//6400 4226//6400 4564//6400
f 4572//6401 4440//6401 4439//6401
f 4573//6402 4565//6402 4569//6402
f 4570//6403 4566//6403 4558//6403
f 4574//6404 4566//6404 4570//6404
f 4571//6405 4221//6405 4226//6405
f 4572//6406 4567//6406 4440//6406
f 4574//6407 4569//6407 4566//6407
f 4575//6408 4567//6408 4572//6408
f 4575//6409 4570//6409 4567//6409
f 4221//6410 4571//6410 4568//6410
f 4576//6411 4569//6411 4574//6411
f 4577//6412 4570//6412 4575//6412
f 4576//6413 4573//6413 4569//6413
f 4578//6414 4573//6414 4576//6414
f 4577//6415 4574//6415 4570//6415
f 4579//6416 4572//6416 4439//6416
f 4579//6417 4439//6417 4437//6417
f 4580//6418 4574//6418 4577//6418
f 4578//6419 4568//6419 4573//6419
f 4579//6420 4575//6420 4572//6420
f 4581//6421 4568//6421 4578//6421
f 4582//6422 4575//6422 4579//6422
f 4581//6423 4221//6423 4568//6423
f 4576//6424 4574//6424 4580//6424
f 4582//6425 4577//6425 4575//6425
f 4581//6426 4218//6426 4221//6426
f 4583//6427 4578//6427 4576//6427
f 4438//6428 4579//6428 4437//6428
f 4584//6429 4577//6429 4582//6429
f 4584//6430 4580//6430 4577//6430
f 4586//6431 4580//6431 4584//6431
f 4587//6432 4582//6432 4579//6432
f 4585//6433 4581//6433 4578//6433
f 4588//6434 4581//6434 4585//6434
f 4586//6435 4576//6435 4580//6435
f 4588//6436 4218//6436 4581//6436
f 4588//6437 4215//6437 4218//6437
f 4583//6438 4576//6438 4586//6438
f 4589//6439 4584//6439 4582//6439
f 4589//6440 4582//6440 4587//6440
f 4466//6441 4579//6441 4438//6441
f 4585//6442 4578//6442 4583//6442
f 4590//6443 4579//6443 4466//6443
f 4591//6444 4586//6444 4584//6444
f 4591//6445 4584//6445 4589//6445
f 4590//6446 4587//6446 4579//6446
f 4592//6447 4587//6447 4590//6447
f 4593//6448 4588//6448 4585//6448
f 4593//6449 4215//6449 4588//6449
f 4594//6450 4583//6450 4586//6450
f 4594//6451 4586//6451 4591//6451
f 4595//6452 4587//6452 4592//6452
f 4595//6453 4589//6453 4587//6453
f 4596//6454 4466//6454 4465//6454
f 4597//6455 4583//6455 4594//6455
f 4597//6456 4585//6456 4583//6456
f 4596//6457 4590//6457 4466//6457
f 4595//6458 4591//6458 4589//6458
f 4598//6459 4585//6459 4597//6459
f 4599//6460 4591//6460 4595//6460
f 4600//6461 4592//6461 4590//6461
f 4598//6462 4593//6462 4585//6462
f 4598//6463 4215//6463 4593//6463
f 4598//6464 4210//6464 4215//6464
f 4599//6465 4594//6465 4591//6465
f 4600//6466 4595//6466 4592//6466
f 4464//6467 4596//6467 4465//6467
f 4601//6468 4595//6468 4600//6468
f 4601//6469 4599//6469 4595//6469
f 4602//6470 4599//6470 4601//6470
f 4603//6471 4590//6471 4596//6471
f 4603//6472 4600//6472 4590//6472
f 4604//6473 4598//6473 4597//6473
f 4210//6474 4598//6474 4604//6474
f 4594//6475 4599//6475 4602//6475
f 4605//6476 4464//6476 4462//6476
f 4606//6477 4600//6477 4603//6477
f 4605//6478 4596//6478 4464//6478
f 4607//6479 4597//6479 4594//6479
f 4606//6480 4601//6480 4600//6480
f 4606//6481 4602//6481 4601//6481
f 4608//6482 4603//6482 4596//6482
f 4607//6483 4604//6483 4597//6483
f 4609//6484 4602//6484 4606//6484
f 4610//6485 4603//6485 4608//6485
f 4206//6486 4604//6486 4607//6486
f 4206//6487 4210//6487 4604//6487
f 4609//6488 4594//6488 4602//6488
f 4610//6489 4606//6489 4603//6489
f 4460//6490 4605//6490 4462//6490
f 4609//6491 4607//6491 4594//6491
f 4611//6492 4607//6492 4609//6492
f 4612//6493 4606//6493 4610//6493
f 4608//6494 4596//6494 4605//6494
f 4612//6495 4609//6495 4606//6495
f 4611//6496 4206//6496 4607//6496
f 4613//6497 4610//6497 4608//6497
f 4205//6498 4206//6498 4611//6498
f 4614//6499 4460//6499 4459//6499
f 4615//6500 4610//6500 4613//6500
f 4614//6501 4605//6501 4460//6501
f 4616//6502 4611//6502 4609//6502
f 4614//6503 4608//6503 4605//6503
f 4617//6504 4611//6504 4616//6504
f 4618//6505 4612//6505 4610//6505
f 4618//6506 4610//6506 4615//6506
f 4619//6507 4608//6507 4614//6507
f 4619//6508 4613//6508 4608//6508
f 4620//6509 4612//6509 4618//6509
f 4205//6510 4611//6510 4617//6510
f 4620//6511 4609//6511 4612//6511
f 4621//6512 4613//6512 4619//6512
f 4621//6513 4615//6513 4613//6513
f 4458//6514 4614//6514 4459//6514
f 4622//6515 4614//6515 4458//6515
f 4616//6516 4609//6516 4620//6516
f 4623//6517 4615//6517 4621//6517
f 4623//6518 4618//6518 4615//6518
f 4624//6519 4617//6519 4616//6519
f 4625//6520 4620//6520 4618//6520
f 4625//6521 4618//6521 4623//6521
f 4207//6522 4205//6522 4617//6522
f 4207//6523 4617//6523 4624//6523
f 4626//6524 4621//6524 4619//6524
f 4457//6525 4622//6525 4458//6525
f 4625//6526 4616//6526 4620//6526
f 4627//6527 4616//6527 4625//6527
f 4627//6528 4624//6528 4616//6528
f 4628//6529 4621//6529 4626//6529
f 4628//6530 4623//6530 4621//6530
f 4629//6531 4623//6531 4628//6531
f 4630//6532 4614//6532 4622//6532
f 4629//6533 4625//6533 4623//6533
f 4630//6534 4619//6534 4614//6534
f 4207//6535 4624//6535 4627//6535
f 4630//6536 4626//6536 4619//6536
f 4631//6537 4457//6537 4456//6537
f 4631//6538 4622//6538 4457//6538
f 4632//6539 4627//6539 4625//6539
f 4633//6540 4626//6540 4630//6540
f 4633//6541 4628//6541 4626//6541
f 4637//6542 4622//6542 4631//6542
f 4633//6543 4629//6543 4628//6543
f 4634//6544 4630//6544 4622//6544
f 4634//6545 4622//6545 4637//6545
f 4635//6546 4629//6546 4633//6546
f 4213//6547 4627//6547 4632//6547
f 4213//6548 4207//6548 4627//6548
f 4455//6549 4631//6549 4456//6549
f 4635//6550 4625//6550 4629//6550
f 4636//6551 4630//6551 4634//6551
f 4637//6552 4631//6552 4455//6552
f 4632//6553 4625//6553 4635//6553
f 4636//6554 4633//6554 4630//6554
f 4639//6555 4633//6555 4636//6555
f 4639//6556 4635//6556 4633//6556
f 4640//6557 4634//6557 4637//6557
f 4638//6558 4213//6558 4632//6558
f 4216//6559 4213//6559 4638//6559
f 4640//6560 4636//6560 4634//6560
f 4641//6561 4455//6561 4454//6561
f 4642//6562 4632//6562 4635//6562
f 4642//6563 4635//6563 4639//6563
f 4643//6564 4636//6564 4640//6564
f 4641//6565 4637//6565 4455//6565
f 4644//6566 4632//6566 4642//6566
f 4644//6567 4638//6567 4632//6567
f 4643//6568 4639//6568 4636//6568
f 4645//6569 4637//6569 4641//6569
f 4645//6570 4640//6570 4637//6570
f 4644//6571 4216//6571 4638//6571
f 4646//6572 4639//6572 4643//6572
f 4220//6573 4216//6573 4644//6573
f 4647//6574 4640//6574 4645//6574
f 4646//6575 4642//6575 4639//6575
f 4453//6576 4641//6576 4454//6576
f 4647//6577 4643//6577 4640//6577
f 4453//6578 4452//6578 4517//6578
f 4641//6579 4453//6579 4517//6579
f 4648//6580 4643//6580 4647//6580
f 4649//6581 4644//6581 4642//6581
f 4650//6582 4517//6582 4519//6582
f 4650//6583 4641//6583 4517//6583
f 4650//6584 4645//6584 4641//6584
f 4648//6585 4646//6585 4643//6585
f 4650//6586 4647//6586 4645//6586
f 4649//6587 4220//6587 4644//6587
f 4649//6588 4223//6588 4220//6588
f 4651//6589 4642//6589 4646//6589
f 4652//6590 4650//6590 4519//6590
f 4652//6591 4647//6591 4650//6591
f 4652//6592 4519//6592 4521//6592
f 4653//6593 4642//6593 4651//6593
f 4652//6594 4648//6594 4647//6594
f 4654//6595 4652//6595 4521//6595
f 4654//6596 4648//6596 4652//6596
f 4653//6597 4649//6597 4642//6597
f 4654//6598 4521//6598 4523//6598
f 4223//6599 4649//6599 4653//6599
f 4654//6600 4646//6600 4648//6600
f 4523//6601 4651//6601 4646//6601
f 4523//6602 4646//6602 4654//6602
f 4651//6603 4523//6603 4529//6603
f 4655//6604 4529//6604 4531//6604
f 4655//6605 4651//6605 4529//6605
f 4655//6606 4653//6606 4651//6606
f 4224//6607 4653//6607 4655//6607
f 4224//6608 4223//6608 4653//6608
f 4224//6609 4655//6609 4531//6609
f 4492//6610 4329//6610 4491//6610
f 4322//6611 4323//6611 4493//6611
f 4504//6612 4336//6612 4503//6612
f 4341//6613 4500//6613 4501//6613
f 4502//6614 4341//6614 4501//6614
f 4340//6615 4341//6615 4502//6615
f 4659//6616 4660//6616 4661//6616
f 4662//6617 4659//6617 4661//6617
f 4662//6618 4661//6618 4663//6618
f 4664//6619 4660//6619 4659//6619
f 4665//6620 4664//6620 4659//6620
f 4662//6621 4663//6621 4666//6621
f 4667//6622 4664//6622 4665//6622
f 4668//6623 4662//6623 4666//6623
f 4668//6624 4666//6624 4669//6624
f 4670//6625 4667//6625 4665//6625
f 4670//6626 4665//6626 4671//6626
f 4672//6627 4668//6627 4669//6627
f 4673//6628 4670//6628 4671//6628
f 4674//6629 4668//6629 4672//6629
f 4675//6630 4673//6630 4671//6630
f 4676//6631 4674//6631 4672//6631
f 4675//6632 4671//6632 4676//6632
f 4677//6633 4676//6633 4672//6633
f 4677//6634 4675//6634 4676//6634
f 4678//6635 4673//6635 4675//6635
f 4678//6636 4679//6636 4673//6636
f 4680//6637 4675//6637 4677//6637
f 4680//6638 4678//6638 4675//6638
f 4681//6639 4677//6639 4672//6639
f 4681//6640 4680//6640 4677//6640
f 4682//6641 4681//6641 4672//6641
f 4682//6642 4672//6642 4669//6642
f 4683//6643 4682//6643 4669//6643
f 4683//6644 4669//6644 4666//6644
f 4684//6645 4683//6645 4666//6645
f 4684//6646 4666//6646 4663//6646
f 4685//6647 4684//6647 4663//6647
f 4685//6648 4663//6648 4661//6648
f 4686//6649 4685//6649 4661//6649
f 4686//6650 4661//6650 4660//6650
f 4687//6651 4686//6651 4660//6651
f 4687//6652 4660//6652 4664//6652
f 4688//6653 4687//6653 4664//6653
f 4688//6654 4664//6654 4667//6654
f 4689//6655 4688//6655 4667//6655
f 4689//6656 4667//6656 4670//6656
f 4679//6657 4670//6657 4673//6657
f 4679//6658 4689//6658 4670//6658
f 4678//6659 4671//6659 4679//6659
f 4678//6660 4676//6660 4671//6660
f 4680//6661 4676//6661 4678//6661
f 4681//6662 4676//6662 4680//6662
f 4674//6663 4676//6663 4681//6663
f 4682//6664 4674//6664 4681//6664
f 4668//6665 4674//6665 4682//6665
f 4683//6666 4668//6666 4682//6666
f 4684//6667 4668//6667 4683//6667
f 4662//6668 4668//6668 4684//6668
f 4685//6669 4662//6669 4684//6669
f 4686//6670 4662//6670 4685//6670
f 4659//6671 4662//6671 4686//6671
f 4687//6672 4659//6672 4686//6672
f 4688//6673 4665//6673 4659//6673
f 4688//6674 4659//6674 4687//6674
f 4689//6675 4665//6675 4688//6675
f 4689//6676 4671//6676 4665//6676
f 4679//6677 4671//6677 4689//6677
f 4690//6678 4737//6678 4728//6678
f 4691//6679 4738//6679 4737//6679
f 4691//6680 4737//6680 4690//6680
f 4692//6681 4728//6681 4736//6681
f 4692//6682 4690//6682 4728//6682
f 4693//6683 4738//6683 4691//6683
f 4724//6684 4692//6684 4736//6684
f 4694//6685 4693//6685 4691//6685
f 4695//6686 4692//6686 4724//6686
f 4696//6687 4693//6687 4694//6687
f 4735//6688 4695//6688 4724//6688
f 4697//6689 4696//6689 4694//6689
f 4698//6690 4695//6690 4735//6690
f 4733//6691 4696//6691 4697//6691
f 4699//6692 4733//6692 4697//6692
f 4700//6693 4698//6693 4735//6693
f 4700//6694 4701//6694 4698//6694
f 4734//6695 4701//6695 4700//6695
f 4702//6696 4733//6696 4699//6696
f 4702//6697 4699//6697 4703//6697
f 4734//6698 4703//6698 4701//6698
f 4734//6699 4702//6699 4703//6699
f 4704//6700 4705//6700 4706//6700
f 4704//6701 4706//6701 4707//6701
f 4708//6702 4707//6702 4709//6702
f 4708//6703 4704//6703 4707//6703
f 4710//6704 4708//6704 4709//6704
f 4710//6705 4709//6705 4711//6705
f 4712//6706 4710//6706 4711//6706
f 4712//6707 4711//6707 4713//6707
f 4715//6708 4713//6708 4714//6708
f 4716//6709 4714//6709 4717//6709
f 4716//6710 4715//6710 4714//6710
f 4718//6711 4716//6711 4717//6711
f 4718//6712 4717//6712 4719//6712
f 4718//6713 4719//6713 4720//6713
f 4721//6714 4718//6714 4720//6714
f 4721//6715 4720//6715 4722//6715
f 4723//6716 4721//6716 4722//6716
f 4723//6717 4722//6717 4724//6717
f 4725//6718 4724//6718 4726//6718
f 4725//6719 4723//6719 4724//6719
f 4727//6720 4726//6720 4736//6720
f 4727//6721 4725//6721 4726//6721
f 4727//6722 4736//6722 4728//6722
f 4729//6723 4727//6723 4728//6723
f 4730//6724 4728//6724 4731//6724
f 4730//6725 4729//6725 4728//6725
f 4732//6726 4731//6726 4706//6726
f 4732//6727 4730//6727 4731//6727
f 4705//6728 4732//6728 4706//6728
f 4713//6729 4699//6729 4712//6729
f 4715//6730 4703//6730 4699//6730
f 4715//6731 4699//6731 4713//6731
f 4716//6732 4703//6732 4715//6732
f 4718//6733 4701//6733 4703//6733
f 4718//6734 4703//6734 4716//6734
f 4721//6735 4698//6735 4701//6735
f 4721//6736 4701//6736 4718//6736
f 4723//6737 4695//6737 4698//6737
f 4723//6738 4698//6738 4721//6738
f 4725//6739 4695//6739 4723//6739
f 4725//6740 4692//6740 4695//6740
f 4727//6741 4692//6741 4725//6741
f 4729//6742 4692//6742 4727//6742
f 4729//6743 4690//6743 4692//6743
f 4730//6744 4690//6744 4729//6744
f 4732//6745 4690//6745 4730//6745
f 4732//6746 4691//6746 4690//6746
f 4705//6747 4691//6747 4732//6747
f 4705//6748 4694//6748 4691//6748
f 4704//6749 4694//6749 4705//6749
f 4708//6750 4697//6750 4694//6750
f 4708//6751 4694//6751 4704//6751
f 4710//6752 4697//6752 4708//6752
f 4712//6753 4697//6753 4710//6753
f 4712//6754 4699//6754 4697//6754
f 4693//6755 4706//6755 4738//6755
f 4693//6756 4707//6756 4706//6756
f 4696//6757 4707//6757 4693//6757
f 4696//6758 4709//6758 4707//6758
f 4696//6759 4711//6759 4709//6759
f 4733//6760 4711//6760 4696//6760
f 4733//6761 4713//6761 4711//6761
f 4714//6762 4713//6762 4733//6762
f 4702//6763 4714//6763 4733//6763
f 4717//6764 4714//6764 4702//6764
f 4734//6765 4717//6765 4702//6765
f 4719//6766 4717//6766 4734//6766
f 4700//6767 4720//6767 4719//6767
f 4700//6768 4719//6768 4734//6768
f 4735//6769 4720//6769 4700//6769
f 4735//6770 4722//6770 4720//6770
f 4724//6771 4722//6771 4735//6771
f 4736//6772 4726//6772 4724//6772
f 4737//6773 4731//6773 4728//6773
f 4706//6774 4731//6774 4737//6774
f 4738//6775 4706//6775 4737//6775
f 4739//6776 4740//6776 4741//6776
f 4739//6777 4741//6777 4742//6777
f 4743//6778 4744//6778 4746//6778
f 4747//6779 4743//6779 4746//6779
f 4748//6780 4747//6780 4746//6780
f 4748//6781 4746//6781 4745//6781
f 4745//6782 4749//6782 4750//6782
f 4746//6783 4751//6783 4749//6783
f 4746//6784 4749//6784 4745//6784
f 4748//6785 4750//6785 4752//6785
f 4748//6786 4745//6786 4750//6786
f 4747//6787 4748//6787 4752//6787
f 4744//6788 4753//6788 4751//6788
f 4744//6789 4751//6789 4746//6789
f 4754//6790 4747//6790 4752//6790
f 4755//6791 4753//6791 4744//6791
f 4756//6792 4747//6792 4754//6792
f 4743//6793 4755//6793 4744//6793
f 4758//6794 4743//6794 4747//6794
f 4758//6795 4747//6795 4756//6795
f 4757//6796 4755//6796 4743//6796
f 4758//6797 4757//6797 4743//6797
f 4759//6798 4760//6798 4761//6798
f 4762//6799 4759//6799 4761//6799
f 4763//6800 4759//6800 4762//6800
f 4764//6801 4765//6801 4766//6801
f 4764//6802 4762//6802 4767//6802
f 4764//6803 4763//6803 4762//6803
f 4765//6804 4764//6804 4767//6804
f 4770//6805 4769//6805 4768//6805
f 4773//6806 4770//6806 4768//6806
f 4773//6807 4768//6807 4772//6807
f 4774//6808 4773//6808 4772//6808
f 4774//6809 4772//6809 4771//6809
f 4775//6810 4774//6810 4771//6810
f 4778//576 4779//576 4780//576
f 4778//576 4777//576 4779//576
f 4778//576 4776//576 4777//576
f 4781//576 4777//576 4776//576
f 4782//576 4784//576 4783//576
f 4782//576 4780//576 4784//576
f 4782//576 4778//576 4780//576
f 4785//576 4777//576 4781//576
f 4786//576 4783//576 4787//576
f 4786//576 4782//576 4783//576
f 4788//576 4777//576 4785//576
f 4789//576 4786//576 4787//576
f 4790//576 4777//576 4788//576
f 4791//576 4787//576 4792//576
f 4791//576 4789//576 4787//576
f 4793//576 4777//576 4790//576
f 4794//576 4792//576 4795//576
f 4794//576 4791//576 4792//576
f 4796//576 4795//576 4797//576
f 4796//576 4794//576 4795//576
f 4798//576 4796//576 4797//576
f 4799//576 4798//576 4797//576
f 4800//576 4801//576 4798//576
f 4800//576 4798//576 4799//576
f 4802//576 4801//576 4800//576
f 4803//576 4802//576 4800//576
f 4804//576 4803//576 4800//576
f 4805//576 4804//576 4800//576
f 4806//576 4805//576 4800//576
f 4807//576 4808//576 4809//576
f 4810//576 4807//576 4809//576
f 4810//576 4809//576 4811//576
f 4812//576 4808//576 4807//576
f 4812//576 4813//576 4808//576
f 4814//576 4810//576 4811//576
f 4814//576 4811//576 4815//576
f 4816//576 4813//576 4812//576
f 4816//576 4817//576 4813//576
f 4818//576 4814//576 4815//576
f 4818//576 4815//576 4819//576
f 4820//576 4817//576 4816//576
f 4820//576 4793//576 4817//576
f 4821//576 4818//576 4819//576
f 4821//576 4819//576 4822//576
f 4823//576 4821//576 4822//576
f 4823//576 4822//576 4824//576
f 4825//576 4823//576 4824//576
f 4825//576 4824//576 4826//576
f 4827//576 4826//576 4828//576
f 4827//576 4825//576 4826//576
f 4829//666 4820//666 4830//666
f 4829//576 4830//576 4831//576
f 4829//576 4831//576 4832//576
f 4829//576 4832//576 4833//576
f 4829//576 4793//576 4820//576
f 4829//576 4777//576 4793//576
f 4834//576 4827//576 4828//576
f 4834//576 4828//576 4835//576
f 4836//576 4829//576 4833//576
f 4837//576 4835//576 4838//576
f 4837//576 4834//576 4835//576
f 4839//576 4840//576 4829//576
f 4839//576 4829//576 4836//576
f 4841//576 4837//576 4838//576
f 4842//576 4840//576 4839//576
f 4843//576 4840//576 4842//576
f 4843//576 4842//576 4844//576
f 4845//576 4843//576 4844//576
f 4845//576 4844//576 4846//576
f 4847//576 4846//576 4848//576
f 4847//576 4845//576 4846//576
f 4849//576 4847//576 4848//576
f 4849//576 4848//576 4850//576
f 4851//576 4852//576 4853//576
f 4851//576 4853//576 4854//576
f 4851//576 4854//576 4855//576
f 4851//576 4855//576 4856//576
f 4851//576 4856//576 4857//576
f 4858//576 4849//576 4850//576
f 4858//576 4850//576 4859//576
f 4860//576 4852//576 4851//576
f 4860//576 4861//576 4852//576
f 4862//576 4858//576 4859//576
f 4863//576 4861//576 4860//576
f 4863//576 4862//576 4859//576
f 4863//576 4859//576 4861//576
f 4851//576 4857//576 4800//576
f 4857//576 4864//576 4800//576
f 4864//576 4865//576 4800//576
f 4865//576 4841//576 4800//576
f 4841//576 4806//576 4800//576
f 4841//576 4866//576 4806//576
f 4841//576 4867//576 4866//576
f 4841//576 4838//576 4867//576
f 4869//6811 4783//6811 4784//6811
f 4869//6812 4868//6812 4783//6812
f 4870//6813 4784//6813 4780//6813
f 4870//6814 4869//6814 4784//6814
f 4780//6815 4779//6815 4871//6815
f 4870//6816 4780//6816 4871//6816
f 4872//6817 4779//6817 4777//6817
f 4872//6818 4871//6818 4779//6818
f 4777//6819 4829//6819 4873//6819
f 4872//6820 4777//6820 4873//6820
f 4874//6821 4829//6821 4840//6821
f 4874//6822 4873//6822 4829//6822
f 4875//6823 4874//6823 4840//6823
f 4843//6824 4875//6824 4840//6824
f 4843//6825 4876//6825 4875//6825
f 4845//6826 4877//6826 4876//6826
f 4845//6827 4876//6827 4843//6827
f 4878//6828 4877//6828 4845//6828
f 4847//6829 4878//6829 4845//6829
f 4849//6830 4879//6830 4878//6830
f 4849//6831 4878//6831 4847//6831
f 4880//6832 4879//6832 4849//6832
f 4858//6833 4880//6833 4849//6833
f 4862//6834 4881//6834 4880//6834
f 4862//6835 4880//6835 4858//6835
f 4882//6836 4881//6836 4862//6836
f 4863//6837 4882//6837 4862//6837
f 4860//6838 4883//6838 4882//6838
f 4860//6839 4882//6839 4863//6839
f 4884//6840 4860//6840 4851//6840
f 4884//6841 4883//6841 4860//6841
f 4851//6842 4800//6842 4885//6842
f 4851//6843 4885//6843 4884//6843
f 4886//6844 4800//6844 4799//6844
f 4886//6845 4885//6845 4800//6845
f 4887//6846 4886//6846 4799//6846
f 4797//6847 4887//6847 4799//6847
f 4795//6848 4888//6848 4887//6848
f 4795//6849 4887//6849 4797//6849
f 4889//6850 4888//6850 4795//6850
f 4792//6851 4889//6851 4795//6851
f 4792//6852 4890//6852 4889//6852
f 4787//6853 4890//6853 4792//6853
f 4787//6854 4891//6854 4890//6854
f 4868//6855 4891//6855 4787//6855
f 4783//6856 4868//6856 4787//6856
f 4893//54 4870//54 4871//54
f 4893//54 4871//54 4872//54
f 4893//54 4872//54 4892//54
f 4894//54 4892//54 4872//54
f 4895//54 4870//54 4893//54
f 4895//54 4868//54 4869//54
f 4895//54 4869//54 4870//54
f 4896//54 4894//54 4872//54
f 4897//54 4891//54 4868//54
f 4897//54 4868//54 4895//54
f 4898//54 4896//54 4872//54
f 4899//54 4890//54 4891//54
f 4899//54 4891//54 4897//54
f 4900//54 4898//54 4872//54
f 4901//54 4890//54 4899//54
f 4902//54 4900//54 4872//54
f 4903//54 4889//54 4890//54
f 4903//54 4890//54 4901//54
f 4904//54 4888//54 4889//54
f 4904//54 4887//54 4888//54
f 4904//54 4889//54 4903//54
f 4905//54 4887//54 4904//54
f 4886//54 4887//54 4905//54
f 4885//54 4886//54 4905//54
f 4885//54 4905//54 4906//54
f 4907//54 4885//54 4906//54
f 4908//54 4885//54 4907//54
f 4909//54 4885//54 4908//54
f 4910//54 4885//54 4909//54
f 4911//54 4885//54 4910//54
f 4770//6857 4912//6857 4913//6857
f 4773//6858 4912//6858 4770//6858
f 4773//6859 4914//6859 4912//6859
f 4770//6860 4913//6860 4915//6860
f 4773//6861 4916//6861 4914//6861
f 4770//6862 4915//6862 4917//6862
f 4770//6863 4917//6863 4918//6863
f 4773//6864 4919//6864 4916//6864
f 4775//6865 4919//6865 4773//6865
f 4769//6866 4770//6866 4918//6866
f 4775//6867 4920//6867 4921//6867
f 4775//6868 4921//6868 4922//6868
f 4775//6869 4922//6869 4923//6869
f 4775//253 4923//253 4924//253
f 4775//253 4924//253 4925//253
f 4775//1865 4925//1865 4919//1865
f 4772//6870 4768//6870 4769//6870
f 4759//6871 4763//6871 4769//6871
f 4763//6872 4772//6872 4769//6872
f 4774//6873 4775//6873 4773//6873
f 4760//6874 4769//6874 4918//6874
f 4760//6875 4759//6875 4769//6875
f 4739//6876 4762//6876 4740//6876
f 4764//6877 4771//6877 4772//6877
f 4767//6878 4762//6878 4739//6878
f 4755//6879 4760//6879 4753//6879
f 4755//6880 4761//6880 4760//6880
f 4741//6881 4740//6881 4762//6881
f 4755//6882 4741//6882 4761//6882
f 4755//6883 4742//6883 4741//6883
f 4757//6884 4742//6884 4755//6884
f 4757//6885 4765//6885 4742//6885
f 4757//6886 4766//6886 4765//6886
f 4758//6887 4766//6887 4757//6887
f 4756//6888 4766//6888 4758//6888
f 4927//6889 4749//6889 4926//6889
f 4927//6890 4750//6890 4749//6890
f 4928//6891 4926//6891 4749//6891
f 4928//6892 4749//6892 4751//6892
f 4929//6893 4750//6893 4927//6893
f 4930//6894 4760//6894 4918//6894
f 4930//1890 4928//1890 4751//1890
f 4930//6895 4753//6895 4760//6895
f 4930//6896 4751//6896 4753//6896
f 4931//6897 4750//6897 4929//6897
f 4932//54 4930//54 4918//54
f 4932//54 4918//54 4902//54
f 4933//6898 4750//6898 4931//6898
f 4934//6899 4750//6899 4933//6899
f 4934//6900 4752//6900 4750//6900
f 4935//6901 4752//6901 4934//6901
f 4936//6902 4752//6902 4935//6902
f 4873//54 4902//54 4872//54
f 4873//54 4932//54 4902//54
f 4873//54 4937//54 4938//54
f 4873//54 4938//54 4939//54
f 4873//54 4939//54 4940//54
f 4873//54 4940//54 4932//54
f 4941//6903 4752//6903 4936//6903
f 4941//6904 4754//6904 4752//6904
f 4942//54 4937//54 4873//54
f 4943//6905 4756//6905 4754//6905
f 4943//6906 4754//6906 4941//6906
f 4944//54 4873//54 4874//54
f 4944//54 4942//54 4873//54
f 4945//6907 4756//6907 4943//6907
f 4946//54 4944//54 4874//54
f 4875//54 4946//54 4874//54
f 4947//6908 4756//6908 4945//6908
f 4875//54 4948//54 4946//54
f 4876//54 4948//54 4875//54
f 4877//54 4948//54 4876//54
f 4877//54 4949//54 4948//54
f 4878//54 4949//54 4877//54
f 4878//54 4950//54 4949//54
f 4879//54 4951//54 4950//54
f 4879//54 4950//54 4878//54
f 4884//54 4952//54 4953//54
f 4884//54 4953//54 4954//54
f 4884//54 4954//54 4955//54
f 4884//54 4955//54 4956//54
f 4884//54 4956//54 4957//54
f 4880//54 4958//54 4951//54
f 4880//54 4951//54 4879//54
f 4883//54 4884//54 4957//54
f 4883//54 4957//54 4959//54
f 4881//54 4958//54 4880//54
f 4882//54 4883//54 4959//54
f 4882//54 4959//54 4958//54
f 4882//54 4958//54 4881//54
f 4884//54 4885//54 4952//54
f 4952//54 4885//54 4960//54
f 4960//54 4885//54 4947//54
f 4947//54 4885//54 4911//54
f 4947//54 4911//54 4961//54
f 4947//54 4961//54 4920//54
f 4947//2674 4920//2674 4775//2674
f 4947//6909 4775//6909 4771//6909
f 4947//6910 4771//6910 4764//6910
f 4947//6911 4764//6911 4766//6911
f 4947//6912 4766//6912 4756//6912
f 4763//6913 4764//6913 4772//6913
f 4765//6914 4767//6914 4739//6914
f 4765//6915 4739//6915 4742//6915
f 4762//6916 4761//6916 4741//6916
f 4819//6917 4919//6917 4822//6917
f 4819//6917 4916//6917 4919//6917
f 4815//6918 4914//6918 4916//6918
f 4815//6918 4916//6918 4819//6918
f 4811//6919 4912//6919 4914//6919
f 4811//6919 4914//6919 4815//6919
f 4809//6920 4913//6920 4912//6920
f 4809//6920 4912//6920 4811//6920
f 4808//6921 4915//6921 4913//6921
f 4808//6921 4913//6921 4809//6921
f 4813//6922 4917//6922 4915//6922
f 4813//6922 4915//6922 4808//6922
f 4817//6923 4917//6923 4813//6923
f 4817//6923 4918//6923 4917//6923
f 4793//6924 4918//6924 4817//6924
f 4793//6924 4902//6924 4918//6924
f 4790//6925 4902//6925 4793//6925
f 4790//6925 4900//6925 4902//6925
f 4788//6926 4900//6926 4790//6926
f 4788//6926 4898//6926 4900//6926
f 4785//6927 4898//6927 4788//6927
f 4785//6927 4896//6927 4898//6927
f 4781//6928 4896//6928 4785//6928
f 4781//6928 4894//6928 4896//6928
f 4776//6929 4894//6929 4781//6929
f 4776//6929 4892//6929 4894//6929
f 4778//6930 4892//6930 4776//6930
f 4778//6930 4893//6930 4892//6930
f 4782//6931 4893//6931 4778//6931
f 4782//6931 4895//6931 4893//6931
f 4786//6932 4895//6932 4782//6932
f 4786//6932 4897//6932 4895//6932
f 4789//6933 4897//6933 4786//6933
f 4789//6933 4899//6933 4897//6933
f 4791//443 4899//443 4789//443
f 4791//443 4901//443 4899//443
f 4794//6934 4901//6934 4791//6934
f 4794//6934 4903//6934 4901//6934
f 4796//6935 4903//6935 4794//6935
f 4796//6935 4904//6935 4903//6935
f 4798//6936 4904//6936 4796//6936
f 4798//6936 4905//6936 4904//6936
f 4801//6937 4906//6937 4905//6937
f 4801//6937 4905//6937 4798//6937
f 4802//6938 4907//6938 4906//6938
f 4802//6938 4906//6938 4801//6938
f 4803//6939 4908//6939 4907//6939
f 4803//6939 4907//6939 4802//6939
f 4804//6940 4909//6940 4908//6940
f 4804//6940 4908//6940 4803//6940
f 4805//6941 4910//6941 4909//6941
f 4805//6941 4909//6941 4804//6941
f 4806//6942 4911//6942 4910//6942
f 4806//6942 4910//6942 4805//6942
f 4866//6943 4961//6943 4911//6943
f 4866//6943 4911//6943 4806//6943
f 4867//6944 4920//6944 4961//6944
f 4867//6944 4961//6944 4866//6944
f 4838//6945 4921//6945 4920//6945
f 4838//6945 4920//6945 4867//6945
f 4835//6946 4922//6946 4921//6946
f 4835//6946 4921//6946 4838//6946
f 4828//6947 4922//6947 4835//6947
f 4828//6947 4923//6947 4922//6947
f 4826//6948 4923//6948 4828//6948
f 4826//6948 4924//6948 4923//6948
f 4824//6949 4924//6949 4826//6949
f 4824//6949 4925//6949 4924//6949
f 4822//6950 4925//6950 4824//6950
f 4822//6950 4919//6950 4925//6950
f 4846//6951 4950//6951 4848//6951
f 4846//6951 4949//6951 4950//6951
f 4844//6952 4948//6952 4949//6952
f 4844//6952 4949//6952 4846//6952
f 4842//6953 4946//6953 4948//6953
f 4842//6953 4948//6953 4844//6953
f 4839//6954 4944//6954 4946//6954
f 4839//6954 4946//6954 4842//6954
f 4836//6921 4942//6921 4944//6921
f 4836//6921 4944//6921 4839//6921
f 4833//6955 4937//6955 4942//6955
f 4833//6955 4942//6955 4836//6955
f 4832//6923 4937//6923 4833//6923
f 4832//6923 4938//6923 4937//6923
f 4831//6924 4938//6924 4832//6924
f 4831//6924 4939//6924 4938//6924
f 4830//6956 4939//6956 4831//6956
f 4830//6956 4940//6956 4939//6956
f 4820//6957 4940//6957 4830//6957
f 4820//6957 4932//6957 4940//6957
f 4816//6958 4932//6958 4820//6958
f 4816//6958 4930//6958 4932//6958
f 4812//6928 4930//6928 4816//6928
f 4812//6928 4928//6928 4930//6928
f 4807//6959 4928//6959 4812//6959
f 4807//6959 4926//6959 4928//6959
f 4810//6960 4926//6960 4807//6960
f 4810//6960 4927//6960 4926//6960
f 4814//6961 4927//6961 4810//6961
f 4814//6961 4929//6961 4927//6961
f 4818//6932 4929//6932 4814//6932
f 4818//6932 4931//6932 4929//6932
f 4821//6962 4931//6962 4818//6962
f 4821//6962 4933//6962 4931//6962
f 4823//443 4933//443 4821//443
f 4823//443 4934//443 4933//443
f 4825//6963 4934//6963 4823//6963
f 4825//6963 4935//6963 4934//6963
f 4827//6935 4935//6935 4825//6935
f 4827//6935 4936//6935 4935//6935
f 4834//6964 4936//6964 4827//6964
f 4834//6964 4941//6964 4936//6964
f 4837//6965 4943//6965 4941//6965
f 4837//6965 4941//6965 4834//6965
f 4841//6966 4945//6966 4943//6966
f 4841//6966 4943//6966 4837//6966
f 4865//6939 4947//6939 4945//6939
f 4865//6939 4945//6939 4841//6939
f 4864//6967 4960//6967 4947//6967
f 4864//6967 4947//6967 4865//6967
f 4857//6968 4952//6968 4960//6968
f 4857//6968 4960//6968 4864//6968
f 4856//6969 4953//6969 4952//6969
f 4856//6969 4952//6969 4857//6969
f 4855//6943 4954//6943 4953//6943
f 4855//6943 4953//6943 4856//6943
f 4854//6944 4955//6944 4954//6944
f 4854//6944 4954//6944 4855//6944
f 4853//6970 4956//6970 4955//6970
f 4853//6970 4955//6970 4854//6970
f 4852//6946 4957//6946 4956//6946
f 4852//6946 4956//6946 4853//6946
f 4861//6971 4957//6971 4852//6971
f 4861//6971 4959//6971 4957//6971
f 4859//6972 4959//6972 4861//6972
f 4859//6972 4958//6972 4959//6972
f 4850//6973 4958//6973 4859//6973
f 4850//6973 4951//6973 4958//6973
f 4848//6974 4951//6974 4850//6974
f 4848//6974 4950//6974 4951//6974
f 4796//576 4798//576 4801//576
f 4803//576 4801//576 4802//576
f 4803//576 4796//576 4801//576
f 4791//576 4794//576 4796//576
f 4789//576 4791//576 4796//576
f 4806//576 4804//576 4805//576
f 4782//576 4786//576 4789//576
f 4782//576 4796//576 4803//576
f 4782//576 4789//576 4796//576
f 4835//576 4867//576 4838//576
f 4781//576 4778//576 4782//576
f 4781//576 4776//576 4778//576
f 4781//576 4782//576 4803//576
f 4828//576 4867//576 4835//576
f 4788//576 4785//576 4781//576
f 4790//576 4803//576 4804//576
f 4790//576 4804//576 4806//576
f 4790//576 4788//576 4781//576
f 4790//576 4781//576 4803//576
f 4815//576 4822//576 4819//576
f 4813//576 4793//576 4790//576
f 4813//576 4817//576 4793//576
f 4811//576 4822//576 4815//576
f 4808//576 4828//576 4826//576
f 4808//576 4866//576 4867//576
f 4808//576 4806//576 4866//576
f 4808//576 4790//576 4806//576
f 4808//576 4867//576 4828//576
f 4808//576 4813//576 4790//576
f 4809//576 4824//576 4822//576
f 4809//576 4826//576 4824//576
f 4809//576 4808//576 4826//576
f 4809//576 4822//576 4811//576
f 4894//54 4893//54 4892//54
f 4897//54 4895//54 4893//54
f 4897//54 4893//54 4894//54
f 4900//54 4896//54 4898//54
f 4901//54 4899//54 4897//54
f 4904//54 4903//54 4901//54
f 4904//54 4894//54 4896//54
f 4904//54 4897//54 4894//54
f 4904//54 4896//54 4900//54
f 4904//54 4901//54 4897//54
f 4917//54 4900//54 4902//54
f 4917//54 4902//54 4918//54
f 4915//54 4900//54 4917//54
f 4915//54 4904//54 4900//54
f 4907//54 4906//54 4905//54
f 4907//54 4905//54 4904//54
f 4914//54 4913//54 4912//54
f 4909//54 4908//54 4907//54
f 4916//54 4915//54 4913//54
f 4916//54 4913//54 4914//54
f 4910//54 4909//54 4907//54
f 4961//54 4911//54 4910//54
f 4961//54 4910//54 4907//54
f 4924//54 4919//54 4925//54
f 4922//54 4924//54 4923//54
f 4922//54 4921//54 4920//54
f 4922//54 4920//54 4961//54
f 4922//54 4916//54 4919//54
f 4922//54 4904//54 4915//54
f 4922//54 4907//54 4904//54
f 4922//54 4915//54 4916//54
f 4922//54 4919//54 4924//54
f 4922//54 4961//54 4907//54
f 4827//576 4834//576 4837//576
f 4823//576 4825//576 4827//576
f 4814//576 4821//576 4823//576
f 4814//576 4818//576 4821//576
f 4814//576 4823//576 4827//576
f 4807//576 4837//576 4841//576
f 4807//576 4810//576 4814//576
f 4807//576 4827//576 4837//576
f 4807//576 4814//576 4827//576
f 4852//576 4854//576 4853//576
f 4852//576 4855//576 4854//576
f 4816//576 4841//576 4865//576
f 4816//576 4812//576 4807//576
f 4816//576 4807//576 4841//576
f 4820//576 4865//576 4864//576
f 4820//576 4816//576 4865//576
f 4830//576 4856//576 4855//576
f 4830//576 4857//576 4856//576
f 4830//576 4864//576 4857//576
f 4830//576 4820//576 4864//576
f 4848//576 4859//576 4850//576
f 4848//576 4861//576 4859//576
f 4848//576 4852//576 4861//576
f 4848//576 4855//576 4852//576
f 4832//576 4831//576 4830//576
f 4844//576 4848//576 4846//576
f 4836//576 4833//576 4832//576
f 4836//576 4844//576 4842//576
f 4836//576 4830//576 4855//576
f 4836//576 4855//576 4848//576
f 4836//576 4848//576 4844//576
f 4836//576 4832//576 4830//576
f 4839//576 4836//576 4842//576
f 4940//54 4930//54 4932//54
f 4934//54 4933//54 4931//54
f 4936//54 4935//54 4934//54
f 4936//54 4931//54 4929//54
f 4936//54 4929//54 4927//54
f 4936//54 4927//54 4926//54
f 4936//54 4926//54 4928//54
f 4936//54 4934//54 4931//54
f 4942//54 4940//54 4939//54
f 4942//54 4939//54 4938//54
f 4942//54 4938//54 4937//54
f 4943//54 4941//54 4936//54
f 4945//54 4928//54 4930//54
f 4945//54 4930//54 4940//54
f 4945//54 4936//54 4928//54
f 4945//54 4943//54 4936//54
f 4946//54 4942//54 4944//54
f 4952//54 4960//54 4947//54
f 4950//54 4946//54 4948//54
f 4950//54 4948//54 4949//54
f 4954//54 4953//54 4952//54
f 4954//54 4947//54 4945//54
f 4954//54 4945//54 4940//54
f 4954//54 4952//54 4947//54
f 4959//54 4950//54 4951//54
f 4959//54 4951//54 4958//54
f 4959//54 4942//54 4946//54
f 4959//54 4946//54 4950//54
f 4957//54 4942//54 4959//54
f 4957//54 4956//54 4955//54
f 4957//54 4955//54 4954//54
f 4957//54 4940//54 4942//54
f 4957//54 4954//54 4940//54
